Order ID,Order Date,YEAR,MONTH,Customer Name,Region,Category,Sub-Category,Sales,Quantity,Discount,Profit
CA-2011-103800,2011-01-04,2011,1,Darren Powers,Central,Office Supplies,Paper,16.45,2,0.20,5.55
CA-2011-112326,2011-01-05,2011,1,Phillina Ober,Central,Office Supplies,Labels,11.78,3,0.20,4.27
CA-2011-112326,2011-01-05,2011,1,Phillina Ober,Central,Office Supplies,Storage,272.74,3,0.20,-64.77
CA-2011-112326,2011-01-05,2011,1,Phillina Ober,Central,Office Supplies,Binders,3.54,2,0.80,-5.49
CA-2011-141817,2011-01-06,2011,1,Mick Brown,East,Office Supplies,Art,19.54,3,0.20,4.88
CA-2011-106054,2011-01-07,2011,1,Jack O'Briant,South,Office Supplies,Art,12.78,3,0.00,5.24
CA-2011-130813,2011-01-07,2011,1,Lycoris Saunders,West,Office Supplies,Paper,19.44,3,0.00,9.33
CA-2011-167199,2011-01-07,2011,1,Maria Etezadi,South,Furniture,Chairs,2573.82,9,0.00,746.41
CA-2011-167199,2011-01-07,2011,1,Maria Etezadi,South,Office Supplies,Binders,609.98,2,0.00,274.49
CA-2011-167199,2011-01-07,2011,1,Maria Etezadi,South,Office Supplies,Art,5.48,2,0.00,1.48
CA-2011-167199,2011-01-07,2011,1,Maria Etezadi,South,Technology,Phones,391.98,2,0.00,113.67
CA-2011-167199,2011-01-07,2011,1,Maria Etezadi,South,Technology,Phones,755.96,4,0.00,204.11
CA-2011-167199,2011-01-07,2011,1,Maria Etezadi,South,Office Supplies,Fasteners,31.12,4,0.00,0.31
CA-2011-167199,2011-01-07,2011,1,Maria Etezadi,South,Office Supplies,Paper,6.54,1,0.00,3.01
CA-2011-105417,2011-01-08,2011,1,Vivek Sundaresam,Central,Furniture,Furnishings,76.73,3,0.60,-53.71
CA-2011-105417,2011-01-08,2011,1,Vivek Sundaresam,Central,Office Supplies,Binders,10.43,7,0.80,-18.25
CA-2011-135405,2011-01-10,2011,1,Melanie Seite,Central,Office Supplies,Art,9.34,2,0.20,1.17
CA-2011-135405,2011-01-10,2011,1,Melanie Seite,Central,Technology,Accessories,31.20,3,0.20,9.75
CA-2011-149020,2011-01-11,2011,1,Anthony Jacobs,South,Office Supplies,Labels,2.89,1,0.00,1.36
CA-2011-149020,2011-01-11,2011,1,Anthony Jacobs,South,Furniture,Furnishings,51.94,1,0.00,21.30
CA-2011-130092,2011-01-12,2011,1,Seth Vernon,East,Furniture,Furnishings,9.94,2,0.00,3.08
CA-2011-109232,2011-01-14,2011,1,Natalie DeCherney,South,Furniture,Chairs,545.94,6,0.00,87.35
CA-2011-118192,2011-01-14,2011,1,Michael Moore,East,Office Supplies,Paper,37.41,7,0.20,13.09
CA-2011-118192,2011-01-14,2011,1,Michael Moore,East,Office Supplies,Binders,3.44,2,0.70,-2.52
CA-2011-157147,2011-01-14,2011,1,Brian Dahlen,West,Office Supplies,Storage,1325.85,5,0.00,238.65
CA-2011-157147,2011-01-14,2011,1,Brian Dahlen,West,Furniture,Bookcases,334.00,3,0.15,3.93
CA-2011-157147,2011-01-14,2011,1,Brian Dahlen,West,Office Supplies,Art,19.90,5,0.00,6.57
CA-2011-162775,2011-01-14,2011,1,Chris Selesnick,South,Office Supplies,Envelopes,11.36,2,0.00,5.34
CA-2011-162775,2011-01-14,2011,1,Chris Selesnick,South,Office Supplies,Envelopes,50.94,3,0.00,25.47
CA-2011-162775,2011-01-14,2011,1,Chris Selesnick,South,Technology,Accessories,646.74,6,0.00,258.70
CA-2011-162775,2011-01-14,2011,1,Chris Selesnick,South,Office Supplies,Binders,5.64,3,0.00,2.71
CA-2011-162775,2011-01-14,2011,1,Chris Selesnick,South,Office Supplies,Storage,572.58,6,0.00,34.35
CA-2011-149524,2011-01-15,2011,1,Brendan Sweed,East,Furniture,Bookcases,61.96,4,0.50,-53.29
CA-2011-103366,2011-01-16,2011,1,Erica Hackney,South,Technology,Accessories,149.95,5,0.00,65.98
CA-2011-115791,2011-01-17,2011,1,Delfina Latchford,East,Furniture,Furnishings,127.10,6,0.20,28.60
CA-2011-115791,2011-01-17,2011,1,Delfina Latchford,East,Technology,Phones,124.20,3,0.40,-31.05
CA-2011-115791,2011-01-17,2011,1,Delfina Latchford,East,Office Supplies,Binders,18.59,2,0.70,-13.63
CA-2011-115791,2011-01-17,2011,1,Delfina Latchford,East,Office Supplies,Labels,30.07,3,0.20,10.15
CA-2011-123477,2011-01-19,2011,1,David Wiener,West,Office Supplies,Appliances,64.86,4,0.20,6.49
CA-2011-146591,2011-01-20,2011,1,Toby Swindell,West,Office Supplies,Binders,32.34,10,0.70,-23.72
CA-2011-146591,2011-01-20,2011,1,Toby Swindell,West,Office Supplies,Paper,56.06,4,0.20,19.62
CA-2011-146591,2011-01-20,2011,1,Toby Swindell,West,Office Supplies,Envelopes,108.72,5,0.20,36.69
CA-2011-146591,2011-01-20,2011,1,Toby Swindell,West,Furniture,Bookcases,181.47,5,0.70,-320.60
CA-2011-148614,2011-01-21,2011,1,Mark Van Huff,West,Office Supplies,Paper,19.36,2,0.00,9.29
CA-2011-148614,2011-01-21,2011,1,Mark Van Huff,West,Furniture,Furnishings,19.30,2,0.00,5.79
CA-2011-167927,2011-01-21,2011,1,Xylona Preis,Central,Office Supplies,Storage,13.98,1,0.00,4.05
CA-2011-167927,2011-01-21,2011,1,Xylona Preis,Central,Furniture,Furnishings,272.94,3,0.00,30.02
CA-2011-167927,2011-01-21,2011,1,Xylona Preis,Central,Office Supplies,Binders,19.05,5,0.00,8.95
CA-2011-167927,2011-01-21,2011,1,Xylona Preis,Central,Office Supplies,Appliances,247.72,4,0.10,93.58
CA-2011-167927,2011-01-21,2011,1,Xylona Preis,Central,Office Supplies,Storage,66.58,2,0.00,15.98
CA-2011-167927,2011-01-21,2011,1,Xylona Preis,Central,Office Supplies,Art,43.92,3,0.00,12.74
CA-2011-167927,2011-01-21,2011,1,Xylona Preis,Central,Furniture,Furnishings,14.73,3,0.00,4.86
CA-2011-167927,2011-01-21,2011,1,Xylona Preis,Central,Office Supplies,Binders,29.70,5,0.00,13.37
US-2011-147627,2011-01-21,2011,1,Hunter Lopez,South,Technology,Phones,699.93,7,0.00,181.98
US-2011-147627,2011-01-21,2011,1,Hunter Lopez,South,Office Supplies,Art,22.96,7,0.00,6.66
US-2011-147627,2011-01-21,2011,1,Hunter Lopez,South,Furniture,Furnishings,38.60,4,0.00,11.58
US-2011-147627,2011-01-21,2011,1,Hunter Lopez,South,Office Supplies,Art,6.63,3,0.00,1.79
US-2011-147627,2011-01-21,2011,1,Hunter Lopez,South,Office Supplies,Envelopes,23.34,3,0.00,10.97
US-2011-147627,2011-01-21,2011,1,Hunter Lopez,South,Furniture,Chairs,1067.94,3,0.00,224.27
US-2011-147774,2011-01-21,2011,1,Muhammed MacIntyre,South,Office Supplies,Binders,67.19,1,0.70,-51.52
CA-2011-110422,2011-01-22,2011,1,Tom Boeckenhauer,South,Furniture,Furnishings,25.25,3,0.20,4.10
CA-2011-102645,2011-01-24,2011,1,Ionia McGrath,West,Office Supplies,Paper,40.08,6,0.00,19.24
CA-2011-146997,2011-01-24,2011,1,Speros Goranitis,Central,Office Supplies,Fasteners,5.94,3,0.00,0.00
CA-2011-167997,2011-01-27,2011,1,Carol Adams,Central,Office Supplies,Binders,10.68,2,0.00,5.02
CA-2011-167997,2011-01-27,2011,1,Carol Adams,Central,Furniture,Bookcases,141.96,2,0.00,39.75
US-2011-155502,2011-01-27,2011,1,Shirley Daniels,South,Furniture,Furnishings,62.82,3,0.00,30.78
US-2011-155502,2011-01-27,2011,1,Shirley Daniels,South,Office Supplies,Storage,489.92,8,0.00,0.00
US-2011-155502,2011-01-27,2011,1,Shirley Daniels,South,Office Supplies,Paper,19.44,3,0.00,9.33
US-2011-155502,2011-01-27,2011,1,Shirley Daniels,South,Office Supplies,Paper,16.68,2,0.00,8.34
US-2011-155502,2011-01-27,2011,1,Shirley Daniels,South,Technology,Phones,155.35,13,0.00,0.00
US-2011-155502,2011-01-27,2011,1,Shirley Daniels,South,Furniture,Furnishings,12.42,3,0.00,4.47
US-2011-155502,2011-01-27,2011,1,Shirley Daniels,South,Technology,Phones,187.98,2,0.00,52.63
US-2011-117163,2011-01-28,2011,1,Ed Jacobs,West,Office Supplies,Storage,57.23,1,0.00,14.31
US-2011-117163,2011-01-28,2011,1,Ed Jacobs,West,Furniture,Tables,333.00,3,0.20,-16.65
US-2011-117163,2011-01-28,2011,1,Ed Jacobs,West,Office Supplies,Art,36.44,4,0.00,12.03
CA-2011-100328,2011-01-29,2011,1,Jasper Cacioppo,East,Office Supplies,Binders,3.93,1,0.20,1.33
CA-2011-134103,2011-01-31,2011,1,Mike Vittorini,Central,Office Supplies,Paper,10.56,2,0.00,4.75
CA-2011-134103,2011-01-31,2011,1,Mike Vittorini,Central,Office Supplies,Storage,229.94,2,0.00,6.90
CA-2011-115161,2011-02-01,2011,2,Liz Carlisle,West,Furniture,Bookcases,290.67,2,0.15,3.42
CA-2011-140795,2011-02-02,2011,2,Bradley Drucker,Central,Technology,Accessories,468.90,6,0.00,206.32
CA-2011-123400,2011-02-03,2011,2,Eric Barreto,South,Office Supplies,Binders,18.34,2,0.70,-12.22
CA-2011-123400,2011-02-03,2011,2,Eric Barreto,South,Technology,Phones,180.96,5,0.20,13.57
CA-2011-139857,2011-02-03,2011,2,Cynthia Delaney,West,Office Supplies,Fasteners,12.35,5,0.00,5.80
CA-2011-111059,2011-02-04,2011,2,Tom Boeckenhauer,West,Office Supplies,Binders,83.84,2,0.20,27.25
CA-2011-111059,2011-02-04,2011,2,Tom Boeckenhauer,West,Office Supplies,Binders,13.27,3,0.20,4.31
CA-2011-104808,2011-02-05,2011,2,Mark Haberlin,West,Office Supplies,Binders,17.25,2,0.20,6.04
CA-2011-107181,2011-02-05,2011,2,Deborah Brumfield,West,Office Supplies,Binders,82.90,3,0.20,29.01
CA-2011-107181,2011-02-05,2011,2,Deborah Brumfield,West,Office Supplies,Paper,34.24,4,0.00,16.09
CA-2011-108182,2011-02-07,2011,2,Delfina Latchford,Central,Office Supplies,Binders,8.95,2,0.80,-14.77
CA-2011-131905,2011-02-07,2011,2,Neil Ducich,South,Office Supplies,Labels,15.00,4,0.00,7.20
CA-2011-131905,2011-02-07,2011,2,Neil Ducich,South,Technology,Phones,161.61,1,0.00,42.02
CA-2011-131905,2011-02-07,2011,2,Neil Ducich,South,Technology,Phones,144.95,5,0.00,42.04
CA-2011-107755,2011-02-08,2011,2,Cyma Kinney,East,Technology,Accessories,115.36,7,0.00,49.60
US-2011-169390,2011-02-08,2011,2,Chris Selesnick,East,Office Supplies,Storage,64.96,4,0.00,9.74
CA-2011-125759,2011-02-09,2011,2,Nathan Mautz,West,Furniture,Furnishings,14.56,2,0.00,5.53
CA-2011-127614,2011-02-12,2011,2,Natalie Fritzler,South,Technology,Accessories,234.45,3,0.00,103.16
CA-2011-127614,2011-02-12,2011,2,Natalie Fritzler,South,Furniture,Tables,1256.22,6,0.00,75.37
CA-2011-127614,2011-02-12,2011,2,Natalie Fritzler,South,Office Supplies,Binders,17.46,2,0.00,8.21
CA-2011-168368,2011-02-12,2011,2,Guy Armstrong,Central,Furniture,Chairs,60.89,1,0.00,15.22
CA-2011-168368,2011-02-12,2011,2,Guy Armstrong,Central,Office Supplies,Labels,14.94,3,0.00,6.87
CA-2011-168368,2011-02-12,2011,2,Guy Armstrong,Central,Office Supplies,Binders,9.64,2,0.00,4.43
CA-2011-168368,2011-02-12,2011,2,Guy Armstrong,Central,Furniture,Furnishings,332.94,3,0.00,53.27
CA-2011-168368,2011-02-12,2011,2,Guy Armstrong,Central,Office Supplies,Binders,51.90,3,0.00,24.39
CA-2011-168368,2011-02-12,2011,2,Guy Armstrong,Central,Office Supplies,Storage,64.96,2,0.00,2.60
US-2011-110674,2011-02-13,2011,2,Sanjit Chand,West,Furniture,Chairs,129.57,2,0.20,-24.29
CA-2011-107706,2011-02-15,2011,2,Shui Tom,Central,Office Supplies,Paper,16.18,3,0.20,6.07
CA-2011-121762,2011-02-15,2011,2,Marina Lichtenstein,West,Technology,Accessories,239.97,3,0.00,86.39
CA-2011-121762,2011-02-15,2011,2,Marina Lichtenstein,West,Office Supplies,Appliances,81.96,2,0.00,22.95
CA-2011-121762,2011-02-15,2011,2,Marina Lichtenstein,West,Office Supplies,Supplies,238.62,2,0.00,4.77
CA-2011-165568,2011-02-16,2011,2,Barry Französisch,West,Office Supplies,Binders,21.36,5,0.20,7.21
CA-2011-122567,2011-02-17,2011,2,Michael Nguyen,Central,Office Supplies,Binders,1.08,3,0.80,-1.73
CA-2011-122567,2011-02-17,2011,2,Michael Nguyen,Central,Office Supplies,Appliances,7.96,2,0.80,-13.93
CA-2011-154165,2011-02-18,2011,2,Delfina Latchford,Central,Office Supplies,Art,54.21,14,0.20,8.81
CA-2011-152905,2011-02-19,2011,2,Aaron Bergman,Central,Office Supplies,Storage,12.62,2,0.20,-2.52
US-2011-165589,2011-02-19,2011,2,Troy Blackwell,Central,Furniture,Furnishings,25.16,5,0.60,-11.32
CA-2011-109491,2011-02-21,2011,2,Linda Cazamias,Central,Technology,Accessories,62.31,3,0.00,22.43
CA-2011-109491,2011-02-21,2011,2,Linda Cazamias,Central,Furniture,Furnishings,20.32,4,0.00,6.91
CA-2011-164903,2011-02-21,2011,2,Steven Roelle,West,Office Supplies,Paper,12.96,2,0.00,6.22
CA-2011-165540,2011-02-22,2011,2,Tamara Manning,Central,Office Supplies,Binders,8.85,5,0.80,-13.72
CA-2011-133354,2011-02-23,2011,2,Sue Ann Reed,West,Office Supplies,Paper,19.44,3,0.00,9.33
CA-2011-103744,2011-02-24,2011,2,Michael Grace,Central,Office Supplies,Labels,6.94,3,0.20,2.34
CA-2011-103744,2011-02-24,2011,2,Michael Grace,Central,Office Supplies,Binders,4.43,3,0.80,-6.86
US-2011-137680,2011-02-25,2011,2,Jennifer Halladay,West,Office Supplies,Paper,32.90,4,0.20,11.10
US-2011-137680,2011-02-25,2011,2,Jennifer Halladay,West,Office Supplies,Paper,22.78,3,0.20,7.69
CA-2011-156545,2011-02-28,2011,2,Joy Smith,East,Office Supplies,Art,19.46,4,0.20,3.40
CA-2011-104269,2011-03-01,2011,3,Dave Brooks,West,Furniture,Chairs,457.57,2,0.20,51.48
CA-2011-113880,2011-03-01,2011,3,Vicky Freymann,Central,Furniture,Chairs,634.12,6,0.30,-172.12
CA-2011-113880,2011-03-01,2011,3,Vicky Freymann,Central,Office Supplies,Paper,17.47,3,0.20,5.68
CA-2011-131009,2011-03-01,2011,3,Shahid Collister,Central,Office Supplies,Fasteners,18.84,5,0.20,-3.53
CA-2011-131009,2011-03-01,2011,3,Shahid Collister,Central,Furniture,Chairs,362.25,6,0.30,0.00
CA-2011-131009,2011-03-01,2011,3,Shahid Collister,Central,Furniture,Furnishings,63.55,6,0.60,-34.95
CA-2011-131009,2011-03-01,2011,3,Shahid Collister,Central,Office Supplies,Storage,129.55,3,0.20,-22.67
CA-2011-168312,2011-03-01,2011,3,Giulietta Weimer,Central,Office Supplies,Storage,137.35,3,0.20,8.58
CA-2011-168312,2011-03-01,2011,3,Giulietta Weimer,Central,Furniture,Tables,376.51,3,0.30,-43.03
US-2011-143707,2011-03-01,2011,3,Hallie Redmond,East,Technology,Phones,5.94,3,0.00,1.60
CA-2011-107524,2011-03-02,2011,3,Kristina Nunn,East,Office Supplies,Envelopes,11.36,2,0.00,5.34
CA-2011-107524,2011-03-02,2011,3,Kristina Nunn,East,Office Supplies,Paper,36.40,5,0.00,17.47
CA-2011-111157,2011-03-02,2011,3,Nicole Hansen,East,Office Supplies,Paper,3.42,1,0.20,1.07
CA-2011-111157,2011-03-02,2011,3,Nicole Hansen,East,Technology,Accessories,151.20,3,0.20,32.13
CA-2011-105648,2011-03-03,2011,3,Eva Jacobs,West,Furniture,Tables,626.35,3,0.20,-23.49
CA-2011-127964,2011-03-03,2011,3,Anne Pryor,East,Technology,Phones,9.99,1,0.00,4.60
CA-2011-127964,2011-03-03,2011,3,Anne Pryor,East,Office Supplies,Binders,125.76,3,0.20,40.87
CA-2011-127964,2011-03-03,2011,3,Anne Pryor,East,Office Supplies,Binders,25.32,5,0.20,9.18
CA-2011-130421,2011-03-03,2011,3,Sam Craven,Central,Office Supplies,Appliances,176.77,3,0.80,-459.61
CA-2011-155852,2011-03-03,2011,3,Ashley Jarboe,South,Office Supplies,Art,19.46,4,0.20,3.40
US-2011-127978,2011-03-03,2011,3,Jill Stevenson,East,Office Supplies,Labels,15.12,3,0.20,4.91
US-2011-127978,2011-03-03,2011,3,Jill Stevenson,East,Furniture,Bookcases,302.45,5,0.50,-199.62
US-2011-127978,2011-03-03,2011,3,Jill Stevenson,East,Office Supplies,Storage,44.67,8,0.20,-10.05
CA-2011-116239,2011-03-04,2011,3,Clay Ludtke,South,Office Supplies,Storage,354.90,5,0.00,17.75
CA-2011-117016,2011-03-04,2011,3,Sanjit Chand,South,Office Supplies,Art,15.55,3,0.20,2.33
CA-2011-169061,2011-03-05,2011,3,Aimee Bixby,East,Office Supplies,Art,59.52,3,0.00,15.48
CA-2011-169061,2011-03-05,2011,3,Aimee Bixby,East,Technology,Accessories,479.97,3,0.00,177.59
CA-2011-169061,2011-03-05,2011,3,Aimee Bixby,East,Office Supplies,Supplies,18.62,2,0.00,5.40
CA-2011-169061,2011-03-05,2011,3,Aimee Bixby,East,Office Supplies,Binders,49.63,6,0.20,16.75
CA-2011-169061,2011-03-05,2011,3,Aimee Bixby,East,Office Supplies,Paper,97.82,2,0.00,45.98
CA-2011-104563,2011-03-07,2011,3,Craig Molinari,West,Office Supplies,Art,20.65,5,0.00,9.50
CA-2011-104563,2011-03-07,2011,3,Craig Molinari,West,Office Supplies,Storage,204.90,5,0.00,0.00
CA-2011-104563,2011-03-07,2011,3,Craig Molinari,West,Furniture,Chairs,436.70,6,0.20,21.84
CA-2011-104563,2011-03-07,2011,3,Craig Molinari,West,Furniture,Chairs,481.57,2,0.20,54.18
CA-2011-156587,2011-03-07,2011,3,Aaron Bergman,West,Furniture,Chairs,48.71,1,0.20,5.48
CA-2011-156587,2011-03-07,2011,3,Aaron Bergman,West,Office Supplies,Art,17.94,3,0.00,4.66
CA-2011-156587,2011-03-07,2011,3,Aaron Bergman,West,Office Supplies,Storage,242.94,3,0.00,4.86
US-2011-131982,2011-03-07,2011,3,Nora Pelletier,West,Office Supplies,Binders,107.65,2,0.20,33.64
US-2011-100279,2011-03-10,2011,3,Scott Williamson,Central,Office Supplies,Paper,22.38,2,0.00,10.74
US-2011-140116,2011-03-10,2011,3,Kean Thornton,West,Office Supplies,Storage,636.41,3,0.20,-15.91
US-2011-140116,2011-03-10,2011,3,Kean Thornton,West,Office Supplies,Art,83.17,4,0.20,9.36
CA-2011-114790,2011-03-11,2011,3,Filia McAdams,South,Office Supplies,Appliances,146.76,3,0.00,38.16
CA-2011-114790,2011-03-11,2011,3,Filia McAdams,South,Technology,Accessories,32.96,2,0.00,14.17
CA-2011-114790,2011-03-11,2011,3,Filia McAdams,South,Technology,Phones,587.97,3,0.00,164.63
CA-2011-114790,2011-03-11,2011,3,Filia McAdams,South,Office Supplies,Paper,14.94,3,0.00,7.02
CA-2011-158337,2011-03-11,2011,3,Kelly Andreada,East,Office Supplies,Paper,108.92,14,0.00,49.01
CA-2011-166884,2011-03-11,2011,3,Chloris Kastensmidt,East,Furniture,Furnishings,8.32,5,0.20,2.29
CA-2011-166884,2011-03-11,2011,3,Chloris Kastensmidt,East,Office Supplies,Fasteners,10.46,6,0.20,1.70
US-2011-103338,2011-03-11,2011,3,Richard Bierner,West,Office Supplies,Art,7.98,3,0.00,2.07
CA-2011-100293,2011-03-14,2011,3,Neil Französisch,South,Office Supplies,Paper,91.06,6,0.20,31.87
CA-2011-114510,2011-03-14,2011,3,Jason Fortune-,West,Office Supplies,Binders,33.09,4,0.20,11.17
CA-2011-114510,2011-03-14,2011,3,Jason Fortune-,West,Office Supplies,Storage,80.98,1,0.00,3.24
CA-2011-114510,2011-03-14,2011,3,Jason Fortune-,West,Technology,Accessories,82.80,12,0.00,6.62
CA-2011-114510,2011-03-14,2011,3,Jason Fortune-,West,Office Supplies,Storage,21.36,2,0.00,5.77
CA-2011-114510,2011-03-14,2011,3,Jason Fortune-,West,Office Supplies,Binders,62.05,2,0.20,20.17
CA-2011-152618,2011-03-14,2011,3,Rick Bensley,Central,Technology,Machines,574.91,2,0.30,156.05
CA-2011-152618,2011-03-14,2011,3,Rick Bensley,Central,Office Supplies,Paper,8.45,2,0.20,2.64
CA-2011-157623,2011-03-14,2011,3,Dean Katz,West,Office Supplies,Paper,10.56,2,0.00,4.75
CA-2011-157623,2011-03-14,2011,3,Dean Katz,West,Office Supplies,Art,3.38,1,0.00,1.25
US-2011-125521,2011-03-14,2011,3,Christine Kargatis,South,Furniture,Chairs,1139.92,4,0.00,284.98
CA-2011-149958,2011-03-15,2011,3,Alan Shonely,South,Office Supplies,Storage,142.78,1,0.20,17.85
CA-2011-149958,2011-03-15,2011,3,Alan Shonely,South,Furniture,Furnishings,45.70,3,0.20,5.14
CA-2011-149958,2011-03-15,2011,3,Alan Shonely,South,Office Supplies,Binders,7.22,3,0.70,-5.53
CA-2011-149958,2011-03-15,2011,3,Alan Shonely,South,Office Supplies,Binders,43.19,4,0.70,-31.67
CA-2011-149958,2011-03-15,2011,3,Alan Shonely,South,Office Supplies,Paper,131.90,3,0.20,47.82
CA-2011-157609,2011-03-16,2011,3,Kristina Nunn,South,Technology,Phones,471.92,2,0.20,29.50
CA-2011-118339,2011-03-17,2011,3,Bradley Nguyen,Central,Office Supplies,Appliances,93.78,2,0.00,36.57
CA-2011-118339,2011-03-17,2011,3,Bradley Nguyen,Central,Office Supplies,Paper,47.18,7,0.00,23.59
CA-2011-118339,2011-03-17,2011,3,Bradley Nguyen,Central,Office Supplies,Art,19.68,6,0.00,5.71
CA-2011-118339,2011-03-17,2011,3,Bradley Nguyen,Central,Office Supplies,Binders,53.40,10,0.00,25.10
CA-2011-118339,2011-03-17,2011,3,Bradley Nguyen,Central,Office Supplies,Binders,35.88,6,0.00,17.22
CA-2011-127859,2011-03-17,2011,3,Quincy Jones,East,Office Supplies,Paper,126.62,6,0.20,41.15
CA-2011-158442,2011-03-17,2011,3,Annie Zypern,Central,Office Supplies,Art,4.45,2,0.20,0.33
CA-2011-158442,2011-03-17,2011,3,Annie Zypern,Central,Office Supplies,Paper,5.18,1,0.20,1.88
CA-2011-158442,2011-03-17,2011,3,Annie Zypern,Central,Office Supplies,Paper,15.55,3,0.20,5.44
US-2011-148838,2011-03-17,2011,3,Christine Phan,East,Furniture,Tables,1579.75,7,0.40,-447.59
US-2011-148838,2011-03-17,2011,3,Christine Phan,East,Furniture,Tables,1071.58,4,0.40,-553.65
US-2011-148838,2011-03-17,2011,3,Christine Phan,East,Furniture,Tables,613.91,3,0.40,-122.78
US-2011-148838,2011-03-17,2011,3,Christine Phan,East,Office Supplies,Paper,34.86,7,0.00,16.38
US-2011-148838,2011-03-17,2011,3,Christine Phan,East,Office Supplies,Paper,155.04,4,0.00,75.97
US-2011-164763,2011-03-17,2011,3,Mark Haberlin,South,Office Supplies,Binders,11.43,3,0.00,5.37
US-2011-164763,2011-03-17,2011,3,Mark Haberlin,South,Office Supplies,Binders,30.44,2,0.00,14.92
US-2011-164763,2011-03-17,2011,3,Mark Haberlin,South,Office Supplies,Paper,12.96,2,0.00,6.35
US-2011-164763,2011-03-17,2011,3,Mark Haberlin,South,Office Supplies,Paper,16.00,4,0.00,7.68
US-2011-164763,2011-03-17,2011,3,Mark Haberlin,South,Office Supplies,Appliances,32.67,3,0.00,8.49
CA-2011-111871,2011-03-18,2011,3,Eileen Kiefer,West,Furniture,Bookcases,1198.33,10,0.15,70.49
CA-2011-145317,2011-03-18,2011,3,Sean Miller,South,Technology,Machines,821.30,4,0.50,-16.43
CA-2011-145317,2011-03-18,2011,3,Sean Miller,South,Technology,Machines,22638.48,6,0.50,-1811.08
CA-2011-145317,2011-03-18,2011,3,Sean Miller,South,Office Supplies,Paper,21.38,4,0.20,7.48
CA-2011-145317,2011-03-18,2011,3,Sean Miller,South,Office Supplies,Art,8.02,3,0.20,1.00
CA-2011-145317,2011-03-18,2011,3,Sean Miller,South,Furniture,Furnishings,30.77,2,0.20,8.08
CA-2011-145317,2011-03-18,2011,3,Sean Miller,South,Office Supplies,Fasteners,18.94,3,0.20,5.92
CA-2011-145317,2011-03-18,2011,3,Sean Miller,South,Furniture,Furnishings,122.35,3,0.20,15.29
US-2011-131275,2011-03-18,2011,3,Sample Company A,West,Furniture,Furnishings,111.00,2,0.00,14.43
US-2011-131275,2011-03-18,2011,3,Sample Company A,West,Technology,Machines,1279.97,4,0.20,415.99
US-2011-131275,2011-03-18,2011,3,Sample Company A,West,Office Supplies,Storage,1856.19,7,0.00,334.11
CA-2011-103989,2011-03-19,2011,3,Matt Connell,South,Technology,Phones,323.98,3,0.20,28.35
CA-2011-103989,2011-03-19,2011,3,Matt Connell,South,Office Supplies,Labels,11.81,4,0.20,3.99
CA-2011-103989,2011-03-19,2011,3,Matt Connell,South,Office Supplies,Storage,26.16,3,0.20,1.96
CA-2011-103989,2011-03-19,2011,3,Matt Connell,South,Office Supplies,Binders,33.57,5,0.70,-25.74
CA-2011-103989,2011-03-19,2011,3,Matt Connell,South,Furniture,Furnishings,4.99,3,0.20,1.37
CA-2011-103989,2011-03-19,2011,3,Matt Connell,South,Furniture,Furnishings,20.02,3,0.20,5.50
CA-2011-103989,2011-03-19,2011,3,Matt Connell,South,Technology,Accessories,170.24,2,0.20,53.20
CA-2011-140004,2011-03-21,2011,3,Cassandra Brandow,East,Office Supplies,Art,7.41,2,0.20,1.20
CA-2011-140004,2011-03-21,2011,3,Cassandra Brandow,East,Office Supplies,Art,6.05,3,0.20,1.59
CA-2011-163223,2011-03-21,2011,3,Kristen Hastings,South,Technology,Phones,3499.93,7,0.00,909.98
CA-2011-163223,2011-03-21,2011,3,Kristen Hastings,South,Office Supplies,Labels,14.40,5,0.00,6.62
CA-2011-163223,2011-03-21,2011,3,Kristen Hastings,South,Office Supplies,Paper,122.97,3,0.00,60.26
CA-2011-163223,2011-03-21,2011,3,Kristen Hastings,South,Office Supplies,Art,9.32,4,0.00,2.70
CA-2011-163223,2011-03-21,2011,3,Kristen Hastings,South,Office Supplies,Binders,122.94,3,0.00,59.01
US-2011-107405,2011-03-21,2011,3,Thomas Seio,South,Office Supplies,Storage,16.27,1,0.20,-3.86
US-2011-155544,2011-03-21,2011,3,Gary McGarr,South,Office Supplies,Labels,59.20,5,0.20,22.20
US-2011-155544,2011-03-21,2011,3,Gary McGarr,South,Furniture,Furnishings,32.95,3,0.20,6.59
US-2011-155544,2011-03-21,2011,3,Gary McGarr,South,Furniture,Chairs,218.38,3,0.20,-10.92
CA-2011-148040,2011-03-22,2011,3,Beth Fritzler,West,Office Supplies,Paper,74.35,3,0.20,23.24
CA-2011-148040,2011-03-22,2011,3,Beth Fritzler,West,Furniture,Chairs,314.35,3,0.20,-35.36
US-2011-129609,2011-03-22,2011,3,Vivian Mathis,Central,Office Supplies,Art,16.28,2,0.00,6.51
US-2011-158057,2011-03-22,2011,3,Craig Carroll,South,Office Supplies,Binders,7.64,4,0.70,-5.86
US-2011-158057,2011-03-22,2011,3,Craig Carroll,South,Office Supplies,Binders,51.47,5,0.70,-39.46
CA-2011-120838,2011-03-23,2011,3,Patrick O'Donnell,West,Office Supplies,Storage,330.40,2,0.00,85.90
CA-2011-120838,2011-03-23,2011,3,Patrick O'Donnell,West,Technology,Phones,604.75,6,0.20,37.80
CA-2011-164749,2011-03-23,2011,3,Bruce Geld,South,Office Supplies,Labels,9.91,3,0.20,3.22
CA-2011-143637,2011-03-24,2011,3,Maurice Satty,West,Furniture,Furnishings,40.48,2,0.00,14.57
CA-2011-147235,2011-03-24,2011,3,Carlos Daly,East,Office Supplies,Paper,24.90,5,0.00,11.70
CA-2011-128237,2011-03-25,2011,3,Christina Anderson,West,Office Supplies,Art,6.56,2,0.00,1.90
CA-2011-128237,2011-03-25,2011,3,Christina Anderson,West,Office Supplies,Art,14.88,2,0.00,3.72
CA-2011-128237,2011-03-25,2011,3,Christina Anderson,West,Technology,Accessories,45.48,4,0.00,15.92
CA-2011-128237,2011-03-25,2011,3,Christina Anderson,West,Office Supplies,Art,25.44,6,0.00,9.92
CA-2011-148586,2011-03-25,2011,3,Annie Zypern,East,Furniture,Chairs,366.79,7,0.10,65.21
CA-2011-100860,2011-03-26,2011,3,Cindy Stewart,West,Office Supplies,Labels,18.75,5,0.00,9.00
CA-2011-138436,2011-03-26,2011,3,Jonathan Doherty,West,Technology,Accessories,66.30,3,0.00,8.62
CA-2011-141838,2011-03-26,2011,3,Damala Kotsonis,West,Office Supplies,Art,3.36,2,0.00,0.84
CA-2011-141838,2011-03-26,2011,3,Damala Kotsonis,West,Office Supplies,Binders,27.94,4,0.20,9.43
CA-2011-141838,2011-03-26,2011,3,Damala Kotsonis,West,Technology,Phones,28.78,2,0.20,2.88
CA-2011-100881,2011-03-28,2011,3,Daniel Raglin,West,Technology,Phones,302.38,3,0.20,22.68
US-2011-117380,2011-03-28,2011,3,Mike Pelletier,East,Furniture,Tables,330.59,1,0.40,-143.25
US-2011-137869,2011-03-28,2011,3,Christina VanderZanden,Central,Office Supplies,Envelopes,6.12,3,0.00,2.88
US-2011-137869,2011-03-28,2011,3,Christina VanderZanden,Central,Furniture,Tables,1184.72,4,0.00,106.62
CA-2011-137274,2011-03-29,2011,3,Mike Gockenbach,Central,Furniture,Tables,890.84,3,0.30,-152.72
CA-2011-131247,2011-03-30,2011,3,Guy Armstrong,West,Furniture,Bookcases,205.67,2,0.15,-12.10
CA-2011-133424,2011-03-30,2011,3,Dorris liebe,West,Office Supplies,Storage,15.84,3,0.00,0.00
CA-2011-133424,2011-03-30,2011,3,Dorris liebe,West,Office Supplies,Labels,44.40,3,0.00,22.20
CA-2011-162089,2011-03-30,2011,3,Mark Packer,Central,Office Supplies,Envelopes,335.72,5,0.20,113.31
CA-2011-162089,2011-03-30,2011,3,Mark Packer,Central,Technology,Phones,251.94,7,0.20,88.18
CA-2011-162089,2011-03-30,2011,3,Mark Packer,Central,Furniture,Chairs,127.30,7,0.30,-9.09
CA-2011-169033,2011-03-30,2011,3,Kunst Miller,East,Office Supplies,Art,49.65,5,0.00,20.85
US-2011-105151,2011-03-30,2011,3,Susan Gilcrest,East,Office Supplies,Art,10.50,5,0.00,2.94
US-2011-113124,2011-03-30,2011,3,Nat Carroll,Central,Office Supplies,Storage,129.30,2,0.00,6.47
CA-2011-101770,2011-03-31,2011,3,Karen Bern,South,Office Supplies,Binders,1.87,1,0.70,-1.31
CA-2011-112403,2011-03-31,2011,3,Jas O'Carroll,East,Office Supplies,Binders,0.85,1,0.70,-0.60
CA-2011-128055,2011-03-31,2011,3,Alex Avila,West,Office Supplies,Binders,673.57,2,0.20,252.59
CA-2011-128055,2011-03-31,2011,3,Alex Avila,West,Office Supplies,Appliances,52.98,2,0.00,14.83
CA-2011-130428,2011-03-31,2011,3,Trudy Glocke,South,Furniture,Chairs,1125.49,7,0.20,98.48
CA-2011-130428,2011-03-31,2011,3,Trudy Glocke,South,Office Supplies,Binders,12.65,5,0.70,-10.12
CA-2011-130428,2011-03-31,2011,3,Trudy Glocke,South,Office Supplies,Art,4.03,2,0.20,1.06
US-2011-104759,2011-03-31,2011,3,Dorothy Dickinson,Central,Office Supplies,Binders,8.13,7,0.80,-13.83
US-2011-104759,2011-03-31,2011,3,Dorothy Dickinson,Central,Technology,Accessories,79.98,2,0.20,14.00
CA-2011-138359,2011-04-01,2011,4,Katharine Harms,East,Office Supplies,Storage,66.96,4,0.00,2.68
CA-2011-138359,2011-04-01,2011,4,Katharine Harms,East,Office Supplies,Binders,6.24,2,0.00,3.06
US-2011-157021,2011-04-01,2011,4,Kunst Miller,West,Office Supplies,Labels,29.60,2,0.00,14.80
US-2011-157021,2011-04-01,2011,4,Kunst Miller,West,Office Supplies,Binders,17.09,4,0.20,5.55
CA-2011-160276,2011-04-02,2011,4,Anna Häberlin,South,Furniture,Furnishings,177.68,2,0.00,46.20
CA-2011-164315,2011-04-02,2011,4,Rob Dowd,South,Office Supplies,Paper,15.84,3,0.00,7.13
CA-2011-164315,2011-04-02,2011,4,Rob Dowd,South,Technology,Phones,1049.93,7,0.00,293.98
CA-2011-164315,2011-04-02,2011,4,Rob Dowd,South,Office Supplies,Appliances,154.90,5,0.00,40.27
US-2011-157847,2011-04-02,2011,4,Sam Craven,Central,Office Supplies,Paper,26.72,5,0.20,9.35
US-2011-157847,2011-04-02,2011,4,Sam Craven,Central,Office Supplies,Paper,33.49,7,0.20,10.47
CA-2011-112291,2011-04-03,2011,4,Katrina Edelman,West,Office Supplies,Envelopes,11.16,2,0.00,5.58
CA-2011-112291,2011-04-03,2011,4,Katrina Edelman,West,Technology,Accessories,62.31,3,0.00,22.43
CA-2011-112291,2011-04-03,2011,4,Katrina Edelman,West,Technology,Accessories,159.98,2,0.00,57.59
CA-2011-105172,2011-04-04,2011,4,Paul Knutson,West,Office Supplies,Labels,18.90,6,0.00,9.07
CA-2011-133228,2011-04-04,2011,4,Maurice Satty,Central,Furniture,Furnishings,5.47,1,0.00,2.35
CA-2011-133228,2011-04-04,2011,4,Maurice Satty,Central,Office Supplies,Art,79.36,4,0.00,23.81
CA-2011-149538,2011-04-04,2011,4,Ken Black,South,Office Supplies,Storage,232.55,5,0.00,9.30
CA-2011-149538,2011-04-04,2011,4,Ken Black,South,Technology,Accessories,99.98,2,0.00,42.99
CA-2011-149538,2011-04-04,2011,4,Ken Black,South,Office Supplies,Paper,19.44,3,0.00,9.33
CA-2011-149538,2011-04-04,2011,4,Ken Black,South,Office Supplies,Paper,12.96,2,0.00,6.35
US-2011-128685,2011-04-04,2011,4,Mary Zewe,West,Office Supplies,Binders,7.18,2,0.20,2.25
CA-2011-102988,2011-04-05,2011,4,Greg Maxwell,South,Office Supplies,Art,22.96,7,0.00,7.58
CA-2011-102988,2011-04-05,2011,4,Greg Maxwell,South,Technology,Phones,28.99,1,0.00,8.41
CA-2011-102988,2011-04-05,2011,4,Greg Maxwell,South,Office Supplies,Paper,12.96,2,0.00,6.35
CA-2011-102988,2011-04-05,2011,4,Greg Maxwell,South,Office Supplies,Art,22.96,7,0.00,6.66
CA-2011-102988,2011-04-05,2011,4,Greg Maxwell,South,Office Supplies,Supplies,4164.05,5,0.00,83.28
CA-2011-113887,2011-04-05,2011,4,Tracy Hopkins,East,Office Supplies,Paper,55.48,1,0.00,26.63
CA-2011-149104,2011-04-05,2011,4,Ruben Dartt,Central,Office Supplies,Art,26.70,2,0.00,7.48
CA-2011-149104,2011-04-05,2011,4,Ruben Dartt,Central,Office Supplies,Binders,40.20,5,0.00,18.09
CA-2011-149104,2011-04-05,2011,4,Ruben Dartt,Central,Office Supplies,Art,13.89,3,0.00,4.58
CA-2011-149104,2011-04-05,2011,4,Ruben Dartt,Central,Office Supplies,Storage,689.82,6,0.00,20.69
CA-2011-151001,2011-04-05,2011,4,John Grady,Central,Office Supplies,Storage,49.63,4,0.20,3.72
CA-2011-151001,2011-04-05,2011,4,John Grady,Central,Office Supplies,Storage,52.10,4,0.20,3.91
US-2011-157231,2011-04-05,2011,4,Roy Phan,South,Office Supplies,Binders,115.36,7,0.00,56.53
CA-2011-102652,2011-04-06,2011,4,Andy Yotov,West,Furniture,Furnishings,91.96,2,0.00,15.63
CA-2011-102652,2011-04-06,2011,4,Andy Yotov,West,Furniture,Furnishings,33.11,7,0.00,12.91
CA-2011-102652,2011-04-06,2011,4,Andy Yotov,West,Office Supplies,Paper,19.44,3,0.00,9.33
CA-2011-102652,2011-04-06,2011,4,Andy Yotov,West,Office Supplies,Paper,55.48,1,0.00,26.63
CA-2011-136742,2011-04-06,2011,4,Guy Phonely,East,Office Supplies,Binders,44.91,6,0.70,-35.93
CA-2011-153808,2011-04-06,2011,4,Frank Hawley,West,Office Supplies,Art,70.95,3,0.00,18.45
CA-2011-153808,2011-04-06,2011,4,Frank Hawley,West,Office Supplies,Binders,65.57,2,0.20,23.77
CA-2011-153808,2011-04-06,2011,4,Frank Hawley,West,Technology,Accessories,299.97,3,0.00,131.99
CA-2011-169803,2011-04-06,2011,4,Scott Cohen,West,Furniture,Tables,653.55,3,0.00,111.10
CA-2011-169803,2011-04-06,2011,4,Scott Cohen,West,Technology,Accessories,33.90,2,0.00,2.03
US-2011-118486,2011-04-06,2011,4,Shirley Daniels,East,Office Supplies,Supplies,10.30,1,0.20,-2.19
US-2011-118486,2011-04-06,2011,4,Shirley Daniels,East,Furniture,Tables,154.76,3,0.40,-36.11
US-2011-118486,2011-04-06,2011,4,Shirley Daniels,East,Technology,Accessories,116.78,2,0.20,21.90
CA-2011-124023,2011-04-07,2011,4,Pauline Johnson,South,Furniture,Furnishings,8.96,2,0.00,2.78
CA-2011-128846,2011-04-07,2011,4,Roland Schwarz,South,Technology,Phones,629.95,5,0.00,163.79
CA-2011-128846,2011-04-07,2011,4,Roland Schwarz,South,Office Supplies,Paper,122.97,3,0.00,60.26
CA-2011-165806,2011-04-07,2011,4,Valerie Mitchum,South,Office Supplies,Paper,58.32,9,0.00,27.99
CA-2011-165806,2011-04-07,2011,4,Valerie Mitchum,South,Technology,Phones,200.97,3,0.00,50.24
CA-2011-100363,2011-04-08,2011,4,Jim Mitchum,West,Office Supplies,Fasteners,2.37,2,0.20,0.83
CA-2011-100363,2011-04-08,2011,4,Jim Mitchum,West,Office Supplies,Paper,19.01,3,0.20,6.89
CA-2011-121769,2011-04-08,2011,4,John Stevenson,East,Furniture,Tables,172.11,1,0.40,-94.66
CA-2011-150581,2011-04-08,2011,4,Nathan Mautz,West,Furniture,Tables,99.59,1,0.20,2.49
CA-2011-150581,2011-04-08,2011,4,Nathan Mautz,West,Technology,Accessories,399.96,4,0.00,139.99
US-2011-118997,2011-04-08,2011,4,Ruben Ausman,South,Furniture,Tables,1215.92,8,0.00,316.14
US-2011-163797,2011-04-08,2011,4,Pauline Chand,West,Office Supplies,Fasteners,49.79,8,0.20,-11.83
CA-2011-110555,2011-04-11,2011,4,Michelle Moray,West,Office Supplies,Storage,87.08,7,0.00,24.38
CA-2011-110555,2011-04-11,2011,4,Michelle Moray,West,Technology,Phones,105.58,2,0.20,9.24
CA-2011-110555,2011-04-11,2011,4,Michelle Moray,West,Technology,Accessories,217.44,6,0.00,91.32
CA-2011-138940,2011-04-11,2011,4,Gary Mitchum,Central,Technology,Phones,758.35,6,0.20,265.42
US-2011-102715,2011-04-11,2011,4,Jay Kimmel,South,Office Supplies,Fasteners,6.91,3,0.20,2.33
US-2011-102715,2011-04-11,2011,4,Jay Kimmel,South,Technology,Accessories,383.98,3,0.20,81.59
US-2011-102715,2011-04-11,2011,4,Jay Kimmel,South,Office Supplies,Paper,10.37,2,0.20,3.63
US-2011-102715,2011-04-11,2011,4,Jay Kimmel,South,Technology,Accessories,335.94,7,0.20,41.99
US-2011-121734,2011-04-11,2011,4,Sanjit Engle,West,Office Supplies,Binders,9.58,1,0.20,3.35
CA-2011-142979,2011-04-12,2011,4,Edward Hooks,West,Office Supplies,Art,39.68,2,0.00,16.27
CA-2011-154599,2011-04-12,2011,4,Kean Nguyen,West,Technology,Phones,1075.09,14,0.20,94.07
CA-2011-154599,2011-04-12,2011,4,Kean Nguyen,West,Technology,Phones,438.37,4,0.20,38.36
CA-2011-154599,2011-04-12,2011,4,Kean Nguyen,West,Office Supplies,Binders,18.09,7,0.20,6.56
CA-2011-154599,2011-04-12,2011,4,Kean Nguyen,West,Furniture,Bookcases,308.50,3,0.15,-18.15
US-2011-158365,2011-04-12,2011,4,Stewart Visinsky,Central,Office Supplies,Paper,32.40,5,0.00,15.55
CA-2011-122336,2011-04-13,2011,4,Jonathan Doherty,East,Office Supplies,Art,17.86,4,0.20,1.12
CA-2011-122336,2011-04-13,2011,4,Jonathan Doherty,East,Office Supplies,Binders,509.97,10,0.70,-407.98
CA-2011-122336,2011-04-13,2011,4,Jonathan Doherty,East,Office Supplies,Fasteners,30.99,13,0.20,10.07
CA-2011-122336,2011-04-13,2011,4,Jonathan Doherty,East,Technology,Phones,71.93,12,0.40,8.39
CA-2011-167724,2011-04-13,2011,4,Ben Ferrer,East,Office Supplies,Labels,7.83,3,0.00,3.60
US-2011-120740,2011-04-15,2011,4,Paul Stevenson,West,Office Supplies,Appliances,106.96,2,0.00,31.02
US-2011-120740,2011-04-15,2011,4,Paul Stevenson,West,Furniture,Furnishings,187.76,4,0.00,76.98
CA-2011-155208,2011-04-16,2011,4,Stephanie Phelps,South,Office Supplies,Art,39.07,6,0.20,9.77
CA-2011-100678,2011-04-18,2011,4,Kunst Miller,Central,Office Supplies,Art,2.69,2,0.20,1.01
CA-2011-100678,2011-04-18,2011,4,Kunst Miller,Central,Furniture,Chairs,317.06,3,0.30,-18.12
CA-2011-100678,2011-04-18,2011,4,Kunst Miller,Central,Office Supplies,Envelopes,149.35,3,0.20,50.41
CA-2011-100678,2011-04-18,2011,4,Kunst Miller,Central,Technology,Accessories,227.98,3,0.20,28.50
CA-2011-110849,2011-04-18,2011,4,John Lee,West,Technology,Machines,287.97,4,0.20,97.19
CA-2011-110849,2011-04-18,2011,4,John Lee,West,Office Supplies,Art,13.12,4,0.00,3.80
CA-2011-110849,2011-04-18,2011,4,John Lee,West,Office Supplies,Art,10.75,5,0.00,3.55
CA-2011-110849,2011-04-18,2011,4,John Lee,West,Office Supplies,Fasteners,11.62,2,0.00,3.60
CA-2011-158470,2011-04-19,2011,4,Allen Goldenen,South,Office Supplies,Binders,58.05,3,0.00,26.70
CA-2011-158470,2011-04-19,2011,4,Allen Goldenen,South,Office Supplies,Paper,71.28,11,0.00,34.21
CA-2011-169460,2011-04-19,2011,4,Nicole Fjeld,West,Furniture,Furnishings,76.14,3,0.00,26.65
CA-2011-101462,2011-04-20,2011,4,Benjamin Patterson,West,Furniture,Furnishings,59.92,4,0.00,27.56
CA-2011-134572,2011-04-20,2011,4,Seth Vernon,Central,Furniture,Tables,744.10,5,0.30,-95.67
CA-2011-134572,2011-04-20,2011,4,Seth Vernon,Central,Office Supplies,Storage,44.84,5,0.20,5.61
CA-2011-134572,2011-04-20,2011,4,Seth Vernon,Central,Furniture,Tables,401.59,2,0.30,-131.95
CA-2011-136336,2011-04-21,2011,4,Dorothy Badders,South,Office Supplies,Storage,828.84,6,0.00,0.00
CA-2011-158064,2011-04-21,2011,4,Allen Armold,West,Office Supplies,Binders,16.52,5,0.20,5.58
CA-2011-122070,2011-04-22,2011,4,Aaron Hawkins,East,Office Supplies,Envelopes,247.84,8,0.00,121.44
CA-2011-122070,2011-04-22,2011,4,Aaron Hawkins,East,Office Supplies,Binders,9.91,3,0.20,3.35
CA-2011-111857,2011-04-23,2011,4,Nathan Mautz,West,Office Supplies,Paper,48.91,1,0.00,22.99
US-2011-112564,2011-04-23,2011,4,Theresa Swint,East,Office Supplies,Binders,2.50,3,0.70,-1.75
US-2011-150119,2011-04-23,2011,4,Laurel Beltran,East,Furniture,Chairs,281.37,2,0.30,-12.06
US-2011-150119,2011-04-23,2011,4,Laurel Beltran,East,Office Supplies,Binders,7.49,8,0.70,-5.24
US-2011-150119,2011-04-23,2011,4,Laurel Beltran,East,Furniture,Furnishings,22.34,4,0.20,7.82
CA-2011-110100,2011-04-25,2011,4,Lena Creighton,South,Technology,Phones,302.38,3,0.20,37.80
CA-2011-166954,2011-04-25,2011,4,Beth Thompson,West,Furniture,Furnishings,303.25,5,0.00,63.68
CA-2011-166954,2011-04-25,2011,4,Beth Thompson,West,Office Supplies,Appliances,270.72,3,0.00,78.51
CA-2011-166954,2011-04-25,2011,4,Beth Thompson,West,Furniture,Chairs,1487.04,5,0.20,148.70
US-2011-157406,2011-04-25,2011,4,Dianna Arnett,Central,Office Supplies,Paper,10.37,2,0.20,3.63
US-2011-157406,2011-04-25,2011,4,Dianna Arnett,Central,Office Supplies,Art,6.24,3,0.20,0.55
CA-2011-116785,2011-04-26,2011,4,Marc Harrigan,West,Office Supplies,Art,21.40,5,0.00,6.21
CA-2011-116785,2011-04-26,2011,4,Marc Harrigan,West,Office Supplies,Labels,12.60,2,0.00,5.80
CA-2011-147298,2011-04-26,2011,4,Aleksandra Gannaway,West,Furniture,Chairs,230.28,3,0.20,23.03
CA-2011-147298,2011-04-26,2011,4,Aleksandra Gannaway,West,Office Supplies,Binders,18.29,6,0.20,5.72
CA-2011-118976,2011-04-28,2011,4,Muhammed Yedwab,East,Office Supplies,Binders,20.86,2,0.00,9.39
CA-2011-118976,2011-04-28,2011,4,Muhammed Yedwab,East,Office Supplies,Storage,497.61,9,0.00,129.38
CA-2011-118976,2011-04-28,2011,4,Muhammed Yedwab,East,Office Supplies,Art,5.34,2,0.00,1.50
CA-2011-118976,2011-04-28,2011,4,Muhammed Yedwab,East,Office Supplies,Labels,3.15,1,0.00,1.51
CA-2011-131387,2011-04-28,2011,4,Arianne Irving,West,Technology,Phones,1679.96,5,0.20,126.00
CA-2011-132983,2011-04-28,2011,4,David Smith,East,Technology,Accessories,159.98,2,0.00,57.59
CA-2011-140228,2011-04-28,2011,4,George Bell,East,Office Supplies,Labels,6.91,3,0.20,2.51
CA-2011-140228,2011-04-28,2011,4,George Bell,East,Office Supplies,Storage,27.10,3,0.20,2.03
CA-2011-140228,2011-04-28,2011,4,George Bell,East,Office Supplies,Storage,177.57,2,0.20,-37.73
CA-2011-107811,2011-04-29,2011,4,Laura Armstrong,South,Furniture,Chairs,561.58,2,0.20,70.20
CA-2011-107811,2011-04-29,2011,4,Laura Armstrong,South,Office Supplies,Storage,99.92,5,0.20,-1.25
CA-2011-118304,2011-04-29,2011,4,Katherine Hughes,East,Technology,Phones,19.98,2,0.00,5.19
CA-2011-134061,2011-04-29,2011,4,Lauren Leatherbury,East,Furniture,Furnishings,17.46,2,0.00,5.94
CA-2011-142727,2011-04-29,2011,4,Harry Greene,South,Furniture,Chairs,51.96,2,0.00,12.99
CA-2011-142727,2011-04-29,2011,4,Harry Greene,South,Office Supplies,Binders,17.94,3,0.00,8.61
CA-2011-156006,2011-04-30,2011,4,Tamara Manning,South,Technology,Accessories,47.79,3,0.00,16.25
CA-2011-160094,2011-04-30,2011,4,Justin MacKendrick,South,Office Supplies,Art,174.95,5,0.00,45.49
CA-2011-160094,2011-04-30,2011,4,Justin MacKendrick,South,Office Supplies,Storage,826.00,5,0.00,214.76
CA-2011-115056,2011-05-02,2011,5,Andrew Roberts,East,Office Supplies,Appliances,26.14,3,0.20,1.96
CA-2011-124618,2011-05-02,2011,5,Cari Schnelling,South,Technology,Copiers,479.98,2,0.20,90.00
CA-2011-130274,2011-05-03,2011,5,Joni Sundaresam,Central,Office Supplies,Labels,21.56,7,0.00,10.35
CA-2011-135755,2011-05-03,2011,5,Nathan Cano,East,Office Supplies,Binders,40.18,3,0.20,14.56
CA-2011-135755,2011-05-03,2011,5,Nathan Cano,East,Office Supplies,Binders,10.90,3,0.20,3.95
CA-2011-111899,2011-05-04,2011,5,Nat Carroll,Central,Office Supplies,Art,37.84,2,0.20,2.84
CA-2011-111899,2011-05-04,2011,5,Nat Carroll,Central,Office Supplies,Fasteners,5.47,6,0.20,1.85
CA-2011-117709,2011-05-04,2011,5,Paul MacIntyre,Central,Office Supplies,Binders,46.80,4,0.00,21.06
CA-2011-155271,2011-05-04,2011,5,Andrew Allen,East,Furniture,Furnishings,27.46,2,0.00,9.89
US-2011-148194,2011-05-04,2011,5,Bill Shonely,West,Furniture,Furnishings,12.18,7,0.00,3.90
US-2011-148194,2011-05-04,2011,5,Bill Shonely,West,Office Supplies,Appliances,57.68,4,0.00,19.03
CA-2011-110219,2011-05-05,2011,5,Emily Burns,Central,Furniture,Chairs,127.87,3,0.30,-9.13
CA-2011-111934,2011-05-05,2011,5,Giulietta Dortch,South,Office Supplies,Binders,11.88,2,0.00,5.35
CA-2011-111934,2011-05-05,2011,5,Giulietta Dortch,South,Office Supplies,Paper,35.44,1,0.00,16.66
CA-2011-160738,2011-05-05,2011,5,Katharine Harms,Central,Office Supplies,Storage,45.25,2,0.20,3.96
CA-2011-166457,2011-05-05,2011,5,Peter Fuller,South,Office Supplies,Paper,9.42,3,0.00,4.24
CA-2011-166457,2011-05-05,2011,5,Peter Fuller,South,Office Supplies,Art,6.56,2,0.00,1.90
CA-2011-166457,2011-05-05,2011,5,Peter Fuller,South,Office Supplies,Paper,24.56,2,0.00,11.54
CA-2011-121664,2011-05-06,2011,5,Harold Pawlan,West,Office Supplies,Binders,140.74,8,0.20,52.78
US-2011-154879,2011-05-06,2011,5,Steve Nguyen,West,Office Supplies,Labels,5.78,2,0.00,2.72
US-2011-154879,2011-05-06,2011,5,Steve Nguyen,West,Office Supplies,Art,107.94,6,0.00,30.22
CA-2011-166086,2011-05-07,2011,5,Carol Triggs,East,Office Supplies,Binders,16.14,3,0.00,7.91
CA-2011-166086,2011-05-07,2011,5,Carol Triggs,East,Furniture,Tables,194.25,2,0.30,-38.85
CA-2011-166086,2011-05-07,2011,5,Carol Triggs,East,Office Supplies,Art,8.64,3,0.00,2.51
CA-2011-166086,2011-05-07,2011,5,Carol Triggs,East,Furniture,Chairs,872.32,4,0.00,244.25
CA-2011-116666,2011-05-08,2011,5,Kean Thornton,East,Technology,Copiers,1799.97,5,0.40,240.00
CA-2011-158771,2011-05-09,2011,5,Sean Braxton,South,Office Supplies,Storage,83.25,3,0.00,14.99
CA-2011-158771,2011-05-09,2011,5,Sean Braxton,South,Office Supplies,Labels,9.45,3,0.00,4.54
CA-2011-158771,2011-05-09,2011,5,Sean Braxton,South,Office Supplies,Labels,20.65,5,0.00,9.50
CA-2011-158771,2011-05-09,2011,5,Sean Braxton,South,Office Supplies,Paper,45.36,7,0.00,21.77
US-2011-102071,2011-05-09,2011,5,Patrick Gardner,West,Technology,Accessories,67.80,4,0.00,4.07
US-2011-102071,2011-05-09,2011,5,Patrick Gardner,West,Technology,Accessories,167.97,3,0.00,40.31
CA-2011-103310,2011-05-10,2011,5,Greg Matthias,West,Office Supplies,Paper,39.96,2,0.00,19.18
CA-2011-103310,2011-05-10,2011,5,Greg Matthias,West,Technology,Phones,1432.00,5,0.20,125.30
CA-2011-103310,2011-05-10,2011,5,Greg Matthias,West,Office Supplies,Supplies,41.04,6,0.00,11.08
CA-2011-103310,2011-05-10,2011,5,Greg Matthias,West,Furniture,Chairs,256.78,1,0.20,32.10
CA-2011-114181,2011-05-10,2011,5,Art Foster,East,Furniture,Bookcases,349.97,7,0.50,-216.98
CA-2011-114181,2011-05-10,2011,5,Art Foster,East,Office Supplies,Art,22.32,5,0.20,5.30
CA-2011-159709,2011-05-10,2011,5,Arianne Irving,West,Office Supplies,Envelopes,158.13,3,0.00,77.48
CA-2011-159709,2011-05-10,2011,5,Arianne Irving,West,Technology,Phones,43.60,5,0.20,4.36
CA-2011-103849,2011-05-11,2011,5,Paul Gonzalez,Central,Technology,Accessories,58.11,2,0.20,7.26
CA-2011-103849,2011-05-11,2011,5,Paul Gonzalez,Central,Technology,Phones,100.79,1,0.20,6.30
CA-2011-103849,2011-05-11,2011,5,Paul Gonzalez,Central,Furniture,Furnishings,66.11,4,0.60,-84.29
CA-2011-119172,2011-05-11,2011,5,Harold Dahlen,Central,Office Supplies,Paper,17.47,3,0.20,5.68
CA-2011-119172,2011-05-11,2011,5,Harold Dahlen,Central,Office Supplies,Binders,104.58,9,0.80,-172.56
CA-2011-127523,2011-05-11,2011,5,Brooke Gillingham,East,Office Supplies,Appliances,35.91,3,0.00,9.70
CA-2011-139017,2011-05-11,2011,5,Raymond Messe,Central,Technology,Accessories,46.86,2,0.20,7.62
CA-2011-152100,2011-05-11,2011,5,Victoria Wilson,Central,Furniture,Chairs,1212.96,8,0.30,-69.31
CA-2011-127159,2011-05-12,2011,5,Hunter Lopez,Central,Furniture,Furnishings,34.79,7,0.00,10.78
CA-2011-155887,2011-05-12,2011,5,Kean Thornton,East,Furniture,Tables,700.06,3,0.30,-130.01
CA-2011-113768,2011-05-13,2011,5,Aaron Hawkins,West,Furniture,Chairs,279.46,6,0.20,20.96
CA-2011-113768,2011-05-13,2011,5,Aaron Hawkins,West,Office Supplies,Paper,8.00,2,0.00,3.84
CA-2011-114433,2011-05-13,2011,5,Naresj Patel,West,Technology,Accessories,149.97,3,0.00,52.49
CA-2011-140165,2011-05-13,2011,5,Erica Hernandez,South,Office Supplies,Fasteners,7.10,2,0.20,2.40
CA-2011-140165,2011-05-13,2011,5,Erica Hernandez,South,Office Supplies,Binders,398.35,8,0.70,-331.96
CA-2011-167164,2011-05-13,2011,5,Alejandro Grove,West,Office Supplies,Storage,55.50,2,0.00,9.99
CA-2011-106810,2011-05-14,2011,5,Anthony Johnson,South,Furniture,Furnishings,310.88,2,0.20,23.32
CA-2011-125150,2011-05-16,2011,5,Pauline Webber,West,Furniture,Chairs,232.88,5,0.20,17.47
US-2011-163146,2011-05-16,2011,5,Cindy Chapman,West,Technology,Accessories,56.40,3,0.00,3.38
CA-2011-148761,2011-05-17,2011,5,Pete Armstrong,Central,Office Supplies,Binders,91.68,3,0.00,45.84
CA-2011-103373,2011-05-18,2011,5,Bruce Stewart,East,Technology,Phones,779.80,2,0.40,-168.96
CA-2011-133963,2011-05-18,2011,5,George Ashbrook,Central,Office Supplies,Paper,3.98,1,0.20,1.44
CA-2011-164224,2011-05-18,2011,5,Ted Trevino,East,Furniture,Furnishings,149.23,3,0.20,3.73
CA-2011-164224,2011-05-18,2011,5,Ted Trevino,East,Office Supplies,Paper,15.94,4,0.20,5.78
CA-2011-130155,2011-05-19,2011,5,Tamara Dahlen,South,Office Supplies,Supplies,34.20,5,0.00,9.23
US-2011-107699,2011-05-19,2011,5,John Huston,Central,Office Supplies,Binders,57.42,9,0.00,26.41
CA-2011-130673,2011-05-20,2011,5,Matt Collister,Central,Furniture,Furnishings,10.33,3,0.60,-5.94
CA-2011-130673,2011-05-20,2011,5,Matt Collister,Central,Office Supplies,Paper,10.37,2,0.20,3.63
CA-2011-130673,2011-05-20,2011,5,Matt Collister,Central,Technology,Accessories,20.78,2,0.20,-3.64
CA-2011-130673,2011-05-20,2011,5,Matt Collister,Central,Office Supplies,Storage,66.96,5,0.20,-13.39
US-2011-114188,2011-05-20,2011,5,Randy Ferguson,East,Office Supplies,Appliances,33.28,4,0.00,9.32
US-2011-114188,2011-05-20,2011,5,Randy Ferguson,East,Office Supplies,Art,38.52,9,0.00,11.94
US-2011-114188,2011-05-20,2011,5,Randy Ferguson,East,Furniture,Furnishings,139.86,7,0.00,60.14
CA-2011-104780,2011-05-21,2011,5,Bradley Talbott,West,Office Supplies,Art,31.84,8,0.00,10.51
CA-2011-117639,2011-05-21,2011,5,Mitch Willingham,South,Office Supplies,Binders,2715.93,7,0.00,1276.49
CA-2011-117639,2011-05-21,2011,5,Mitch Willingham,South,Technology,Phones,617.97,3,0.00,173.03
CA-2011-127166,2011-05-21,2011,5,Katherine Hughes,Central,Office Supplies,Envelopes,56.06,6,0.20,21.02
CA-2011-127166,2011-05-21,2011,5,Katherine Hughes,Central,Furniture,Chairs,107.77,2,0.30,-29.25
CA-2011-127166,2011-05-21,2011,5,Katherine Hughes,Central,Office Supplies,Paper,4.83,1,0.20,1.63
CA-2011-127166,2011-05-21,2011,5,Katherine Hughes,Central,Office Supplies,Binders,18.24,3,0.80,-31.01
CA-2011-152443,2011-05-21,2011,5,Frank Gastineau,East,Office Supplies,Binders,447.86,7,0.00,219.45
CA-2011-152443,2011-05-21,2011,5,Frank Gastineau,East,Office Supplies,Paper,17.94,3,0.00,8.79
CA-2011-152443,2011-05-21,2011,5,Frank Gastineau,East,Office Supplies,Appliances,245.88,6,0.00,68.85
CA-2011-143840,2011-05-22,2011,5,Evan Henry,South,Technology,Phones,135.98,2,0.00,34.00
CA-2011-143840,2011-05-22,2011,5,Evan Henry,South,Technology,Phones,44.95,1,0.00,12.59
CA-2011-138513,2011-05-23,2011,5,Erica Hackney,West,Office Supplies,Paper,12.96,2,0.00,6.22
US-2011-105767,2011-05-23,2011,5,Andrew Roberts,East,Office Supplies,Binders,3.28,2,0.70,-2.63
US-2011-105767,2011-05-23,2011,5,Andrew Roberts,East,Office Supplies,Art,21.17,9,0.20,2.38
US-2011-105767,2011-05-23,2011,5,Andrew Roberts,East,Technology,Phones,55.19,2,0.40,-10.12
US-2011-135881,2011-05-23,2011,5,Greg Tran,East,Office Supplies,Binders,17.96,5,0.20,5.84
US-2011-135881,2011-05-23,2011,5,Greg Tran,East,Office Supplies,Supplies,5.04,2,0.00,0.15
US-2011-135881,2011-05-23,2011,5,Greg Tran,East,Office Supplies,Appliances,208.16,1,0.00,56.20
CA-2011-143413,2011-05-24,2011,5,Resi Pölking,East,Office Supplies,Paper,116.28,3,0.00,56.98
CA-2011-100391,2011-05-25,2011,5,Barry Weirich,East,Office Supplies,Paper,14.62,2,0.00,6.73
US-2011-130379,2011-05-25,2011,5,Janet Lee,Central,Office Supplies,Appliances,75.60,2,0.80,-166.32
US-2011-130379,2011-05-25,2011,5,Janet Lee,Central,Furniture,Furnishings,29.32,2,0.60,-24.19
CA-2011-129574,2011-05-26,2011,5,Dean percer,West,Office Supplies,Paper,48.40,5,0.00,23.23
CA-2011-144029,2011-05-26,2011,5,Michelle Moray,Central,Office Supplies,Storage,102.62,3,0.20,7.70
CA-2011-144029,2011-05-26,2011,5,Michelle Moray,Central,Furniture,Chairs,359.77,2,0.30,-5.14
CA-2011-144029,2011-05-26,2011,5,Michelle Moray,Central,Office Supplies,Art,13.39,3,0.20,3.18
CA-2011-156349,2011-05-26,2011,5,Marina Lichtenstein,West,Furniture,Bookcases,290.67,2,0.15,27.36
CA-2011-156349,2011-05-26,2011,5,Marina Lichtenstein,West,Technology,Phones,201.58,2,0.20,20.16
CA-2011-156349,2011-05-26,2011,5,Marina Lichtenstein,West,Technology,Phones,83.98,2,0.20,31.49
CA-2011-158029,2011-05-26,2011,5,Herbert Flentye,West,Furniture,Chairs,225.30,2,0.20,22.53
CA-2011-124429,2011-05-27,2011,5,Maya Herman,West,Furniture,Tables,567.12,10,0.20,-28.36
CA-2011-124429,2011-05-27,2011,5,Maya Herman,West,Office Supplies,Storage,359.32,4,0.00,7.19
CA-2011-139192,2011-05-27,2011,5,Lena Creighton,West,Technology,Phones,1113.50,12,0.20,125.27
CA-2011-139192,2011-05-27,2011,5,Lena Creighton,West,Technology,Accessories,99.99,1,0.00,38.00
US-2011-117058,2011-05-27,2011,5,Laurel Elliston,Central,Office Supplies,Binders,17.46,6,0.80,-30.56
CA-2011-108861,2011-05-28,2011,5,Magdelene Morse,West,Office Supplies,Binders,136.96,4,0.20,51.36
CA-2011-135993,2011-05-28,2011,5,Patrick Jones,West,Technology,Phones,57.41,6,0.20,5.74
CA-2011-135993,2011-05-28,2011,5,Patrick Jones,West,Technology,Accessories,27.60,4,0.00,2.21
CA-2011-103429,2011-05-30,2011,5,Laurel Workman,East,Office Supplies,Binders,25.58,2,0.20,8.95
CA-2011-103429,2011-05-30,2011,5,Laurel Workman,East,Technology,Phones,464.00,5,0.00,134.56
CA-2011-103429,2011-05-30,2011,5,Laurel Workman,East,Office Supplies,Appliances,235.95,3,0.00,77.86
CA-2011-103429,2011-05-30,2011,5,Laurel Workman,East,Office Supplies,Paper,39.96,4,0.00,17.98
CA-2011-105872,2011-05-30,2011,5,James Galang,East,Office Supplies,Binders,70.37,4,0.20,26.39
CA-2011-140473,2011-05-30,2011,5,Mark Cousins,Central,Technology,Copiers,719.98,3,0.20,135.00
CA-2011-145800,2011-05-30,2011,5,Shahid Shariari,Central,Furniture,Tables,355.46,3,0.50,-184.84
CA-2011-146885,2011-05-30,2011,5,Ellis Ballard,South,Office Supplies,Paper,13.62,3,0.00,6.13
CA-2011-166051,2011-05-31,2011,5,Jim Karlsson,South,Technology,Phones,659.97,3,0.00,197.99
CA-2011-166051,2011-05-31,2011,5,Jim Karlsson,South,Technology,Phones,113.73,3,0.00,32.98
CA-2011-111003,2011-06-01,2011,6,Corey Roper,East,Office Supplies,Binders,45.48,3,0.00,20.92
CA-2011-111003,2011-06-01,2011,6,Corey Roper,East,Office Supplies,Art,289.20,6,0.00,83.87
CA-2011-131926,2011-06-01,2011,6,Dianna Wilson,Central,Furniture,Chairs,2001.86,7,0.00,580.54
CA-2011-131926,2011-06-01,2011,6,Dianna Wilson,Central,Office Supplies,Storage,166.72,2,0.00,41.68
CA-2011-131926,2011-06-01,2011,6,Dianna Wilson,Central,Office Supplies,Paper,47.88,6,0.00,23.94
CA-2011-131926,2011-06-01,2011,6,Dianna Wilson,Central,Office Supplies,Appliances,1503.25,5,0.00,496.07
CA-2011-131926,2011-06-01,2011,6,Dianna Wilson,Central,Office Supplies,Paper,25.92,4,0.00,12.44
US-2011-157070,2011-06-01,2011,6,Quincy Jones,Central,Office Supplies,Binders,138.56,4,0.00,66.51
US-2011-157070,2011-06-01,2011,6,Quincy Jones,Central,Office Supplies,Appliances,65.52,5,0.10,12.38
US-2011-165659,2011-06-01,2011,6,Liz Thompson,South,Furniture,Furnishings,22.20,6,0.00,9.10
US-2011-165659,2011-06-01,2011,6,Liz Thompson,South,Technology,Phones,881.93,7,0.00,229.30
CA-2011-100895,2011-06-02,2011,6,Stewart Visinsky,South,Office Supplies,Art,8.56,2,0.00,2.65
CA-2011-100895,2011-06-02,2011,6,Stewart Visinsky,South,Technology,Phones,239.97,3,0.00,67.19
CA-2011-100895,2011-06-02,2011,6,Stewart Visinsky,South,Office Supplies,Storage,356.94,2,0.00,107.08
CA-2011-104472,2011-06-02,2011,6,Christine Kargatis,West,Office Supplies,Binders,59.81,3,0.20,19.44
CA-2011-104472,2011-06-02,2011,6,Christine Kargatis,West,Furniture,Furnishings,73.32,6,0.00,22.00
CA-2011-135657,2011-06-03,2011,6,Steven Cartwright,West,Furniture,Tables,515.88,6,0.00,113.49
CA-2011-141299,2011-06-03,2011,6,Ross Baird,Central,Office Supplies,Envelopes,15.28,2,0.00,7.49
CA-2011-163867,2011-06-03,2011,6,Richard Eichhorn,Central,Office Supplies,Labels,15.94,4,0.20,5.18
CA-2011-163867,2011-06-03,2011,6,Richard Eichhorn,Central,Furniture,Furnishings,61.54,7,0.60,-40.00
CA-2011-163867,2011-06-03,2011,6,Richard Eichhorn,Central,Office Supplies,Storage,132.70,3,0.20,9.95
CA-2011-147914,2011-06-04,2011,6,Mark Packer,East,Office Supplies,Paper,16.22,2,0.20,5.88
CA-2011-151946,2011-06-04,2011,6,Bobby Trafton,East,Furniture,Furnishings,56.96,2,0.00,21.08
CA-2011-151946,2011-06-04,2011,6,Bobby Trafton,East,Office Supplies,Appliances,15.56,4,0.00,4.05
CA-2011-151946,2011-06-04,2011,6,Bobby Trafton,East,Furniture,Bookcases,353.57,2,0.20,-44.20
CA-2011-151946,2011-06-04,2011,6,Bobby Trafton,East,Furniture,Furnishings,13.96,2,0.00,6.70
CA-2011-133270,2011-06-06,2011,6,Bryan Mills,East,Office Supplies,Art,13.36,2,0.00,4.94
CA-2011-151897,2011-06-06,2011,6,Valerie Takahito,Central,Office Supplies,Labels,100.24,10,0.20,33.83
CA-2011-159520,2011-06-06,2011,6,Grant Thornton,East,Office Supplies,Binders,149.54,9,0.20,50.47
CA-2011-159520,2011-06-06,2011,6,Grant Thornton,East,Office Supplies,Supplies,17.14,2,0.00,4.46
CA-2011-159520,2011-06-06,2011,6,Grant Thornton,East,Furniture,Tables,991.76,3,0.40,-347.12
CA-2011-169257,2011-06-06,2011,6,Stewart Visinsky,South,Office Supplies,Binders,1.37,1,0.70,-0.91
CA-2011-169257,2011-06-06,2011,6,Stewart Visinsky,South,Office Supplies,Paper,62.02,2,0.20,22.48
US-2011-161305,2011-06-06,2011,6,Sarah Bern,Central,Office Supplies,Binders,24.59,3,0.80,-38.11
US-2011-161305,2011-06-06,2011,6,Sarah Bern,Central,Office Supplies,Envelopes,13.98,2,0.20,4.72
CA-2011-106229,2011-06-07,2011,6,Nick Radford,Central,Furniture,Tables,268.94,3,0.50,-209.77
US-2011-134971,2011-06-07,2011,6,Bart Pistole,Central,Office Supplies,Binders,12.46,3,0.80,-20.56
CA-2011-108147,2011-06-08,2011,6,Rick Duston,East,Office Supplies,Binders,68.48,2,0.20,25.68
CA-2011-108147,2011-06-08,2011,6,Rick Duston,East,Office Supplies,Storage,1676.88,6,0.00,83.84
US-2011-109162,2011-06-08,2011,6,Katrina Edelman,South,Furniture,Chairs,170.35,3,0.20,10.65
US-2011-141257,2011-06-08,2011,6,Carlos Soltero,West,Furniture,Chairs,585.55,3,0.20,73.19
CA-2011-115812,2011-06-09,2011,6,Brosina Hoffman,West,Furniture,Furnishings,48.86,7,0.00,14.17
CA-2011-115812,2011-06-09,2011,6,Brosina Hoffman,West,Office Supplies,Art,7.28,4,0.00,1.97
CA-2011-115812,2011-06-09,2011,6,Brosina Hoffman,West,Technology,Phones,907.15,6,0.20,90.72
CA-2011-115812,2011-06-09,2011,6,Brosina Hoffman,West,Office Supplies,Binders,18.50,3,0.20,5.78
CA-2011-115812,2011-06-09,2011,6,Brosina Hoffman,West,Office Supplies,Appliances,114.90,5,0.00,34.47
CA-2011-115812,2011-06-09,2011,6,Brosina Hoffman,West,Furniture,Tables,1706.18,9,0.20,85.31
CA-2011-115812,2011-06-09,2011,6,Brosina Hoffman,West,Technology,Phones,911.42,4,0.20,68.36
CA-2011-132612,2011-06-09,2011,6,Frank Olsen,South,Furniture,Tables,1441.30,7,0.00,245.02
CA-2011-133753,2011-06-09,2011,6,Carl Weiss,Central,Technology,Phones,7.99,1,0.20,0.60
CA-2011-133753,2011-06-09,2011,6,Carl Weiss,Central,Technology,Accessories,63.98,2,0.20,10.40
CA-2011-133753,2011-06-09,2011,6,Carl Weiss,Central,Office Supplies,Art,70.37,2,0.20,6.16
CA-2011-133851,2011-06-09,2011,6,Chuck Magee,West,Office Supplies,Supplies,7.36,2,0.00,0.15
CA-2011-133851,2011-06-09,2011,6,Chuck Magee,West,Office Supplies,Art,23.10,2,0.00,10.63
CA-2011-160262,2011-06-09,2011,6,Thomas Seio,West,Office Supplies,Art,18.06,7,0.00,4.70
CA-2011-160262,2011-06-09,2011,6,Thomas Seio,West,Office Supplies,Paper,79.14,3,0.00,36.40
CA-2011-160262,2011-06-09,2011,6,Thomas Seio,West,Furniture,Furnishings,37.40,2,0.00,14.21
CA-2011-144281,2011-06-10,2011,6,Heather Kirkland,Central,Office Supplies,Labels,491.55,5,0.00,240.86
CA-2011-114643,2011-06-13,2011,6,Filia McAdams,West,Office Supplies,Art,14.52,3,0.00,4.79
CA-2011-140487,2011-06-14,2011,6,Sharelle Roach,Central,Furniture,Bookcases,212.94,3,0.00,57.49
CA-2011-126963,2011-06-15,2011,6,Pamela Stobb,Central,Office Supplies,Paper,36.54,2,0.20,11.88
US-2011-141215,2011-06-15,2011,6,Kelly Lampkin,Central,Furniture,Tables,99.92,2,0.30,-18.56
US-2011-141215,2011-06-15,2011,6,Kelly Lampkin,Central,Furniture,Chairs,797.94,4,0.30,-57.00
US-2011-141215,2011-06-15,2011,6,Kelly Lampkin,Central,Office Supplies,Binders,8.57,3,0.80,-14.57
CA-2011-113929,2011-06-16,2011,6,Chloris Kastensmidt,East,Office Supplies,Envelopes,41.40,5,0.00,19.46
CA-2011-113929,2011-06-16,2011,6,Chloris Kastensmidt,East,Office Supplies,Art,35.00,4,0.00,10.50
CA-2011-113929,2011-06-16,2011,6,Chloris Kastensmidt,East,Office Supplies,Binders,39.55,3,0.20,14.34
CA-2011-136644,2011-06-16,2011,6,Sonia Cooley,Central,Furniture,Chairs,647.84,8,0.00,32.39
CA-2011-104402,2011-06-17,2011,6,Duane Benoit,East,Technology,Machines,65.97,3,0.00,31.01
CA-2011-144414,2011-06-17,2011,6,Gary Hwang,West,Furniture,Furnishings,6.24,3,0.00,2.62
CA-2011-144414,2011-06-17,2011,6,Gary Hwang,West,Office Supplies,Fasteners,17.90,5,0.00,8.95
CA-2011-144414,2011-06-17,2011,6,Gary Hwang,West,Office Supplies,Binders,3266.38,3,0.20,1061.57
CA-2011-156342,2011-06-17,2011,6,Jennifer Ferguson,Central,Office Supplies,Paper,62.02,2,0.20,22.48
CA-2011-123855,2011-06-18,2011,6,Mick Crebagga,West,Technology,Phones,139.80,5,0.20,12.23
CA-2011-166863,2011-06-20,2011,6,Sam Craven,Central,Technology,Phones,201.58,2,0.20,20.16
CA-2011-166863,2011-06-20,2011,6,Sam Craven,Central,Office Supplies,Binders,3.39,4,0.80,-5.09
CA-2011-166863,2011-06-20,2011,6,Sam Craven,Central,Furniture,Bookcases,193.07,4,0.32,-19.87
CA-2011-166863,2011-06-20,2011,6,Sam Craven,Central,Office Supplies,Paper,15.55,3,0.20,5.44
CA-2011-166863,2011-06-20,2011,6,Sam Craven,Central,Office Supplies,Paper,11.65,2,0.20,4.08
CA-2011-166863,2011-06-20,2011,6,Sam Craven,Central,Technology,Machines,418.80,2,0.40,-97.72
CA-2011-166863,2011-06-20,2011,6,Sam Craven,Central,Office Supplies,Storage,509.49,7,0.20,-127.37
US-2011-112949,2011-06-20,2011,6,Corey-Lock,Central,Office Supplies,Appliances,471.90,6,0.00,155.73
US-2011-112949,2011-06-20,2011,6,Corey-Lock,Central,Office Supplies,Art,3.52,2,0.00,1.69
CA-2011-128146,2011-06-21,2011,6,Dave Brooks,East,Technology,Phones,1322.93,7,0.00,357.19
CA-2011-128146,2011-06-21,2011,6,Dave Brooks,East,Office Supplies,Art,3.76,2,0.00,1.09
CA-2011-130624,2011-06-21,2011,6,Toby Braunhardt,East,Office Supplies,Paper,19.65,3,0.00,9.04
CA-2011-130624,2011-06-21,2011,6,Toby Braunhardt,East,Technology,Phones,617.97,3,0.00,160.67
CA-2011-130624,2011-06-21,2011,6,Toby Braunhardt,East,Office Supplies,Appliances,59.70,3,0.00,26.87
CA-2011-138317,2011-06-21,2011,6,Natalie Webber,East,Office Supplies,Envelopes,24.90,4,0.20,8.40
CA-2011-138317,2011-06-21,2011,6,Natalie Webber,East,Furniture,Furnishings,3.98,1,0.20,0.65
CA-2011-138317,2011-06-21,2011,6,Natalie Webber,East,Technology,Accessories,95.97,4,0.20,28.79
CA-2011-138317,2011-06-21,2011,6,Natalie Webber,East,Technology,Machines,206.99,3,0.70,-172.49
CA-2011-138317,2011-06-21,2011,6,Natalie Webber,East,Office Supplies,Appliances,44.42,2,0.20,3.89
CA-2011-138317,2011-06-21,2011,6,Natalie Webber,East,Office Supplies,Binders,9.01,2,0.70,-7.20
CA-2011-141278,2011-06-21,2011,6,Raymond Messe,East,Office Supplies,Art,21.40,5,0.00,6.21
CA-2011-141796,2011-06-21,2011,6,James Galang,East,Technology,Phones,1214.85,3,0.00,352.31
US-2011-117135,2011-06-21,2011,6,Naresj Patel,South,Furniture,Furnishings,104.01,1,0.00,14.56
US-2011-117135,2011-06-21,2011,6,Naresj Patel,South,Technology,Phones,284.82,1,0.00,74.05
US-2011-117135,2011-06-21,2011,6,Naresj Patel,South,Office Supplies,Storage,36.84,3,0.00,10.32
US-2011-160780,2011-06-21,2011,6,Stewart Visinsky,West,Office Supplies,Binders,11.09,7,0.70,-8.13
US-2011-160780,2011-06-21,2011,6,Stewart Visinsky,West,Office Supplies,Binders,25.16,2,0.70,-16.78
CA-2011-124646,2011-06-22,2011,6,Dianna Vittorini,Central,Office Supplies,Storage,501.81,3,0.00,0.00
CA-2011-124646,2011-06-22,2011,6,Dianna Vittorini,Central,Office Supplies,Storage,161.94,3,0.00,9.72
CA-2011-133389,2011-06-22,2011,6,Toby Braunhardt,West,Office Supplies,Binders,8.23,3,0.70,-6.03
CA-2011-142048,2011-06-22,2011,6,Joel Eaton,West,Technology,Accessories,196.75,6,0.20,56.57
CA-2011-154963,2011-06-22,2011,6,Anna Andreadi,East,Furniture,Chairs,170.06,3,0.30,-4.86
CA-2011-154963,2011-06-22,2011,6,Anna Andreadi,East,Technology,Phones,82.78,3,0.40,-15.18
CA-2011-154963,2011-06-22,2011,6,Anna Andreadi,East,Furniture,Chairs,853.93,5,0.30,0.00
CA-2011-126032,2011-06-23,2011,6,Brian Stugart,East,Technology,Accessories,86.38,3,0.20,1.08
US-2011-130358,2011-06-23,2011,6,Denise Leinenbach,South,Office Supplies,Art,20.02,9,0.20,1.75
US-2011-130358,2011-06-23,2011,6,Denise Leinenbach,South,Office Supplies,Supplies,3.10,1,0.20,0.35
CA-2011-159814,2011-06-24,2011,6,Liz Pelletier,West,Furniture,Furnishings,4.27,2,0.20,0.96
CA-2011-159338,2011-06-25,2011,6,Noel Staavos,West,Furniture,Tables,447.84,5,0.20,11.20
CA-2011-164469,2011-06-25,2011,6,Grace Kelly,West,Technology,Phones,263.96,5,0.20,19.80
CA-2011-164469,2011-06-25,2011,6,Grace Kelly,West,Office Supplies,Art,71.63,11,0.20,17.91
CA-2011-164469,2011-06-25,2011,6,Grace Kelly,West,Office Supplies,Art,9.33,1,0.20,0.82
CA-2011-104283,2011-06-27,2011,6,Liz MacKendrick,South,Office Supplies,Storage,306.20,5,0.00,0.00
CA-2011-104283,2011-06-27,2011,6,Liz MacKendrick,South,Furniture,Tables,85.98,1,0.00,22.35
CA-2011-104283,2011-06-27,2011,6,Liz MacKendrick,South,Technology,Accessories,223.96,4,0.00,53.75
CA-2011-140858,2011-06-28,2011,6,Cynthia Arntzen,East,Office Supplies,Paper,41.47,8,0.20,14.52
CA-2011-140858,2011-06-28,2011,6,Cynthia Arntzen,East,Office Supplies,Binders,3.17,3,0.70,-2.43
CA-2011-140858,2011-06-28,2011,6,Cynthia Arntzen,East,Furniture,Chairs,1228.47,5,0.30,0.00
CA-2011-140858,2011-06-28,2011,6,Cynthia Arntzen,East,Office Supplies,Binders,31.09,3,0.70,-22.80
CA-2011-140858,2011-06-28,2011,6,Cynthia Arntzen,East,Office Supplies,Paper,335.52,4,0.20,117.43
CA-2011-156993,2011-06-28,2011,6,Rob Williams,Central,Office Supplies,Fasteners,6.08,1,0.00,3.04
CA-2011-111773,2011-06-29,2011,6,Jim Karlsson,East,Office Supplies,Binders,13.92,3,0.20,4.87
CA-2011-165974,2011-06-29,2011,6,Dan Lawera,East,Office Supplies,Art,32.76,7,0.20,3.69
CA-2011-109218,2011-06-30,2011,6,Anthony Rawles,West,Office Supplies,Art,32.40,5,0.00,10.37
CA-2011-116757,2011-06-30,2011,6,Michael Stewart,Central,Office Supplies,Paper,25.92,5,0.20,9.07
CA-2011-116757,2011-06-30,2011,6,Michael Stewart,Central,Office Supplies,Fasteners,21.31,6,0.20,7.19
CA-2011-123064,2011-06-30,2011,6,Russell Applegate,Central,Office Supplies,Art,5.25,4,0.20,1.64
CA-2011-146640,2011-06-30,2011,6,Helen Abelman,East,Office Supplies,Binders,334.77,7,0.20,108.80
CA-2011-152254,2011-06-30,2011,6,Brian DeCherney,South,Office Supplies,Paper,310.69,7,0.20,108.74
US-2011-121566,2011-06-30,2011,6,Cari Schnelling,East,Office Supplies,Binders,2.69,1,0.20,0.84
US-2011-121566,2011-06-30,2011,6,Cari Schnelling,East,Office Supplies,Art,6.60,3,0.00,2.90
CA-2011-153150,2011-07-01,2011,7,Dorris liebe,West,Office Supplies,Binders,19.92,5,0.20,6.97
CA-2011-160773,2011-07-01,2011,7,Laurel Workman,South,Technology,Phones,575.92,2,0.20,71.99
CA-2011-160773,2011-07-01,2011,7,Laurel Workman,South,Office Supplies,Binders,5.18,6,0.70,-3.63
CA-2011-107594,2011-07-02,2011,7,Eric Hoffmann,East,Technology,Phones,73.98,2,0.00,19.97
CA-2011-107594,2011-07-02,2011,7,Eric Hoffmann,East,Office Supplies,Art,5.58,1,0.00,2.18
CA-2011-120096,2011-07-04,2011,7,Katrina Edelman,West,Office Supplies,Paper,177.54,4,0.20,62.14
CA-2011-120096,2011-07-04,2011,7,Katrina Edelman,West,Office Supplies,Appliances,32.43,2,0.20,3.24
CA-2011-138709,2011-07-04,2011,7,Maxwell Schwartz,South,Office Supplies,Paper,21.84,3,0.00,10.92
CA-2011-138709,2011-07-04,2011,7,Maxwell Schwartz,South,Office Supplies,Binders,15.60,5,0.00,7.64
CA-2011-103317,2011-07-05,2011,7,Don Miller,South,Furniture,Furnishings,19.52,2,0.20,5.37
CA-2011-103317,2011-07-05,2011,7,Don Miller,South,Office Supplies,Binders,9.81,5,0.70,-6.87
CA-2011-103317,2011-07-05,2011,7,Don Miller,South,Furniture,Furnishings,213.22,3,0.20,15.99
CA-2011-107139,2011-07-05,2011,7,Dennis Pardue,West,Office Supplies,Binders,180.96,6,0.20,67.86
CA-2011-152849,2011-07-05,2011,7,David Wiener,South,Office Supplies,Art,4.37,3,0.20,0.38
CA-2011-157784,2011-07-05,2011,7,Michael Chen,South,Technology,Accessories,479.97,3,0.00,163.19
CA-2011-157784,2011-07-05,2011,7,Michael Chen,South,Office Supplies,Labels,14.62,2,0.00,6.87
CA-2011-157784,2011-07-05,2011,7,Michael Chen,South,Office Supplies,Paper,19.44,3,0.00,9.33
US-2011-160444,2011-07-05,2011,7,Dan Campbell,Central,Office Supplies,Storage,220.78,3,0.20,-44.16
US-2011-160444,2011-07-05,2011,7,Dan Campbell,Central,Office Supplies,Storage,281.42,11,0.20,-35.18
CA-2011-134278,2011-07-06,2011,7,Emily Phan,East,Technology,Copiers,559.99,1,0.20,175.00
CA-2011-147543,2011-07-06,2011,7,Becky Castell,West,Furniture,Chairs,478.48,2,0.20,47.85
US-2011-138758,2011-07-07,2011,7,John Lee,East,Furniture,Chairs,172.19,2,0.30,-46.74
US-2011-138758,2011-07-07,2011,7,John Lee,East,Furniture,Furnishings,69.01,2,0.20,12.08
CA-2011-100090,2011-07-08,2011,7,Ed Braxton,West,Furniture,Tables,502.49,3,0.20,-87.94
CA-2011-100090,2011-07-08,2011,7,Ed Braxton,West,Office Supplies,Binders,196.70,6,0.20,68.85
CA-2011-150301,2011-07-08,2011,7,Michelle Huthwaite,East,Furniture,Chairs,63.88,1,0.10,10.65
CA-2011-113271,2011-07-09,2011,7,Darrin Sayre,West,Office Supplies,Binders,14.30,6,0.20,4.65
CA-2011-113271,2011-07-09,2011,7,Darrin Sayre,West,Furniture,Bookcases,119.83,1,0.15,7.05
CA-2011-113271,2011-07-09,2011,7,Darrin Sayre,West,Office Supplies,Art,5.56,2,0.00,2.22
CA-2011-113271,2011-07-09,2011,7,Darrin Sayre,West,Office Supplies,Paper,32.40,5,0.00,15.55
CA-2011-114125,2011-07-09,2011,7,Gary Hansen,West,Office Supplies,Labels,2.88,1,0.00,1.41
CA-2011-114125,2011-07-09,2011,7,Gary Hansen,West,Office Supplies,Binders,41.90,6,0.20,14.14
CA-2011-114125,2011-07-09,2011,7,Gary Hansen,West,Office Supplies,Storage,23.92,4,0.00,4.07
CA-2011-165379,2011-07-09,2011,7,Brian Moss,Central,Office Supplies,Paper,10.37,2,0.20,3.63
CA-2011-165379,2011-07-09,2011,7,Brian Moss,Central,Office Supplies,Paper,14.35,3,0.20,4.49
CA-2011-123225,2011-07-11,2011,7,Michael Nguyen,Central,Technology,Phones,575.97,4,0.20,43.20
CA-2011-123225,2011-07-11,2011,7,Michael Nguyen,Central,Office Supplies,Paper,10.37,2,0.20,3.63
CA-2011-133305,2011-07-11,2011,7,Mark Hamilton,East,Office Supplies,Paper,49.12,4,0.00,23.09
CA-2011-133305,2011-07-11,2011,7,Mark Hamilton,East,Office Supplies,Binders,18.28,5,0.20,6.40
CA-2011-163552,2011-07-11,2011,7,Laura Armstrong,East,Office Supplies,Paper,177.20,5,0.00,83.28
CA-2011-163552,2011-07-11,2011,7,Laura Armstrong,East,Technology,Phones,197.97,3,0.00,57.41
CA-2011-163552,2011-07-11,2011,7,Laura Armstrong,East,Furniture,Chairs,854.94,3,0.00,213.74
CA-2011-163552,2011-07-11,2011,7,Laura Armstrong,East,Furniture,Furnishings,124.11,9,0.00,52.13
CA-2011-163552,2011-07-11,2011,7,Laura Armstrong,East,Office Supplies,Labels,14.40,5,0.00,7.06
CA-2011-166555,2011-07-11,2011,7,Jamie Kunitz,East,Technology,Phones,164.85,3,0.00,47.81
CA-2011-110184,2011-07-12,2011,7,Ben Ferrer,West,Office Supplies,Storage,249.75,9,0.00,44.96
CA-2011-110184,2011-07-12,2011,7,Ben Ferrer,West,Technology,Phones,255.94,8,0.20,28.79
CA-2011-124807,2011-07-12,2011,7,Max Engle,Central,Office Supplies,Paper,35.86,9,0.20,13.00
CA-2011-124807,2011-07-12,2011,7,Max Engle,Central,Technology,Accessories,23.84,4,0.20,3.28
CA-2011-129924,2011-07-12,2011,7,Alyssa Crouse,West,Office Supplies,Binders,7.71,2,0.20,2.80
CA-2011-129924,2011-07-12,2011,7,Alyssa Crouse,West,Furniture,Tables,698.35,3,0.20,-17.46
CA-2011-131310,2011-07-12,2011,7,Clay Ludtke,West,Furniture,Chairs,123.14,4,0.20,13.85
CA-2011-131310,2011-07-12,2011,7,Clay Ludtke,West,Office Supplies,Binders,11.26,4,0.20,3.80
CA-2011-161508,2011-07-12,2011,7,Paul Van Hugh,Central,Furniture,Chairs,512.36,3,0.30,-14.64
CA-2011-161508,2011-07-12,2011,7,Paul Van Hugh,Central,Office Supplies,Fasteners,3.49,2,0.20,0.57
CA-2011-161508,2011-07-12,2011,7,Paul Van Hugh,Central,Office Supplies,Art,22.29,7,0.20,3.90
CA-2011-161508,2011-07-12,2011,7,Paul Van Hugh,Central,Office Supplies,Paper,16.03,3,0.20,5.61
US-2011-165862,2011-07-13,2011,7,Grace Kelly,West,Furniture,Tables,351.22,3,0.20,4.39
CA-2011-109904,2011-07-14,2011,7,Barbara Fisher,East,Office Supplies,Art,17.94,3,0.00,4.49
CA-2011-124464,2011-07-14,2011,7,Shirley Schmidt,East,Office Supplies,Appliances,39.48,1,0.00,11.05
CA-2011-164182,2011-07-14,2011,7,Shui Tom,East,Technology,Phones,13.49,1,0.40,-2.25
CA-2011-164182,2011-07-14,2011,7,Shui Tom,East,Technology,Phones,23.99,2,0.40,-13.99
CA-2011-164182,2011-07-14,2011,7,Shui Tom,East,Furniture,Furnishings,31.98,2,0.20,1.20
CA-2011-164182,2011-07-14,2011,7,Shui Tom,East,Office Supplies,Art,41.58,2,0.20,4.68
US-2011-103905,2011-07-14,2011,7,Arthur Wiediger,Central,Office Supplies,Binders,29.93,7,0.80,-46.39
US-2011-103905,2011-07-14,2011,7,Arthur Wiediger,Central,Technology,Phones,38.27,4,0.20,3.83
US-2011-150532,2011-07-14,2011,7,Philip Brown,West,Office Supplies,Storage,55.92,5,0.20,6.29
CA-2011-115980,2011-07-15,2011,7,Victoria Wilson,Central,Technology,Accessories,2.97,3,0.00,1.31
CA-2011-115980,2011-07-15,2011,7,Victoria Wilson,Central,Office Supplies,Fasteners,6.54,3,0.00,2.68
CA-2011-123295,2011-07-18,2011,7,Adrian Hane,West,Furniture,Chairs,259.14,4,0.20,-25.91
CA-2011-138198,2011-07-18,2011,7,Jack Lebron,East,Office Supplies,Binders,13.90,2,0.20,4.52
CA-2011-168158,2011-07-19,2011,7,Eugene Moren,West,Office Supplies,Binders,6.10,2,0.20,2.21
US-2011-150434,2011-07-19,2011,7,Christine Abelman,East,Technology,Phones,359.98,2,0.00,93.59
US-2011-150434,2011-07-19,2011,7,Christine Abelman,East,Furniture,Tables,70.56,1,0.30,-4.03
US-2011-150434,2011-07-19,2011,7,Christine Abelman,East,Office Supplies,Binders,20.88,2,0.00,9.60
US-2011-150434,2011-07-19,2011,7,Christine Abelman,East,Office Supplies,Binders,3.81,1,0.00,1.83
CA-2011-127866,2011-07-20,2011,7,Jonathan Doherty,West,Technology,Accessories,41.94,2,0.00,15.10
CA-2011-127866,2011-07-20,2011,7,Jonathan Doherty,West,Office Supplies,Paper,11.96,2,0.00,5.86
CA-2011-127866,2011-07-20,2011,7,Jonathan Doherty,West,Office Supplies,Art,13.12,4,0.00,3.80
CA-2011-127866,2011-07-20,2011,7,Jonathan Doherty,West,Office Supplies,Storage,535.41,3,0.00,160.62
CA-2011-141726,2011-07-20,2011,7,Charles Crestani,West,Office Supplies,Paper,104.85,1,0.00,50.33
CA-2011-141726,2011-07-20,2011,7,Charles Crestani,West,Office Supplies,Binders,8.70,2,0.20,3.16
CA-2011-141726,2011-07-20,2011,7,Charles Crestani,West,Office Supplies,Paper,19.92,4,0.00,9.76
CA-2011-141726,2011-07-20,2011,7,Charles Crestani,West,Furniture,Furnishings,43.02,3,0.00,15.49
CA-2011-142965,2011-07-20,2011,7,Scot Wooten,East,Office Supplies,Storage,25.98,1,0.20,-5.20
CA-2011-142965,2011-07-20,2011,7,Scot Wooten,East,Office Supplies,Binders,27.36,3,0.70,-21.89
CA-2011-143903,2011-07-20,2011,7,Katherine Murray,Central,Office Supplies,Storage,342.86,3,0.20,38.57
CA-2011-143903,2011-07-20,2011,7,Katherine Murray,Central,Furniture,Furnishings,16.74,5,0.60,-14.23
CA-2011-143903,2011-07-20,2011,7,Katherine Murray,Central,Furniture,Chairs,981.37,2,0.30,-140.20
CA-2011-157546,2011-07-20,2011,7,Roger Demir,West,Office Supplies,Binders,89.71,6,0.20,30.28
CA-2011-157546,2011-07-20,2011,7,Roger Demir,West,Office Supplies,Paper,22.83,3,0.00,10.73
CA-2011-109890,2011-07-21,2011,7,Patrick Gardner,Central,Technology,Phones,35.98,2,0.00,10.07
CA-2011-116932,2011-07-21,2011,7,Michelle Ellison,West,Office Supplies,Art,99.20,5,0.00,25.79
CA-2011-116932,2011-07-21,2011,7,Michelle Ellison,West,Furniture,Chairs,801.57,2,0.20,50.10
CA-2011-116932,2011-07-21,2011,7,Michelle Ellison,West,Furniture,Tables,272.85,1,0.20,27.28
CA-2011-129189,2011-07-21,2011,7,Harry Marie,Central,Office Supplies,Appliances,4.99,3,0.80,-12.98
CA-2011-129189,2011-07-21,2011,7,Harry Marie,Central,Office Supplies,Envelopes,87.92,5,0.20,29.67
CA-2011-129189,2011-07-21,2011,7,Harry Marie,Central,Furniture,Chairs,657.93,5,0.30,-93.99
CA-2011-129189,2011-07-21,2011,7,Harry Marie,Central,Office Supplies,Binders,1.04,1,0.80,-1.83
CA-2011-117464,2011-07-22,2011,7,Naresj Patel,West,Office Supplies,Art,11.52,4,0.00,3.23
CA-2011-117464,2011-07-22,2011,7,Naresj Patel,West,Furniture,Chairs,717.72,3,0.20,71.77
CA-2011-117464,2011-07-22,2011,7,Naresj Patel,West,Office Supplies,Storage,236.50,10,0.00,68.59
CA-2011-117464,2011-07-22,2011,7,Naresj Patel,West,Furniture,Tables,170.35,3,0.20,19.16
CA-2011-122679,2011-07-22,2011,7,Alejandro Ballentine,West,Office Supplies,Art,19.68,6,0.00,6.49
CA-2011-127691,2011-07-22,2011,7,Erin Mull,East,Office Supplies,Art,5.96,2,0.00,1.67
CA-2011-127691,2011-07-22,2011,7,Erin Mull,East,Technology,Accessories,159.98,2,0.00,57.59
US-2011-164644,2011-07-22,2011,7,John Lucas,Central,Office Supplies,Storage,26.63,1,0.20,1.33
CA-2011-103058,2011-07-23,2011,7,Alejandro Grove,East,Technology,Accessories,99.98,2,0.00,8.00
CA-2011-145254,2011-07-23,2011,7,Nick Crebassa,West,Technology,Phones,604.75,6,0.20,60.48
CA-2011-145254,2011-07-23,2011,7,Nick Crebassa,West,Office Supplies,Supplies,40.70,5,0.00,11.80
CA-2011-145254,2011-07-23,2011,7,Nick Crebassa,West,Technology,Phones,302.38,3,0.20,37.80
CA-2011-145254,2011-07-23,2011,7,Nick Crebassa,West,Technology,Accessories,45.00,3,0.00,4.95
US-2011-119137,2011-07-23,2011,7,Arthur Gainer,West,Office Supplies,Binders,8.16,5,0.70,-5.71
US-2011-119137,2011-07-23,2011,7,Arthur Gainer,West,Technology,Accessories,1023.94,8,0.20,179.19
US-2011-119137,2011-07-23,2011,7,Arthur Gainer,West,Office Supplies,Art,9.24,1,0.20,0.92
US-2011-119137,2011-07-23,2011,7,Arthur Gainer,West,Technology,Accessories,479.04,10,0.20,-29.94
CA-2011-143917,2011-07-25,2011,7,Ken Lonsdale,West,Office Supplies,Storage,53.72,4,0.00,15.04
CA-2011-143917,2011-07-25,2011,7,Ken Lonsdale,West,Office Supplies,Supplies,8187.65,5,0.00,327.51
CA-2011-143917,2011-07-25,2011,7,Ken Lonsdale,West,Furniture,Furnishings,77.92,8,0.00,34.28
CA-2011-146528,2011-07-25,2011,7,Vicky Freymann,West,Office Supplies,Paper,6.48,1,0.00,3.18
CA-2011-146528,2011-07-25,2011,7,Vicky Freymann,West,Office Supplies,Supplies,15.52,4,0.00,4.50
CA-2011-116190,2011-07-26,2011,7,Sheri Gordon,South,Furniture,Chairs,67.88,2,0.00,18.33
CA-2011-116190,2011-07-26,2011,7,Sheri Gordon,South,Office Supplies,Labels,162.89,13,0.00,76.56
CA-2011-116190,2011-07-26,2011,7,Sheri Gordon,South,Furniture,Furnishings,25.71,3,0.00,9.26
CA-2011-126760,2011-07-26,2011,7,Kunst Miller,West,Technology,Phones,911.98,2,0.20,114.00
CA-2011-126760,2011-07-26,2011,7,Kunst Miller,West,Furniture,Chairs,674.35,3,0.20,-109.58
CA-2011-126760,2011-07-26,2011,7,Kunst Miller,West,Furniture,Furnishings,134.01,9,0.00,36.18
CA-2011-126760,2011-07-26,2011,7,Kunst Miller,West,Technology,Accessories,170.97,3,0.00,70.10
CA-2011-159121,2011-07-26,2011,7,Jack O'Briant,West,Technology,Accessories,111.93,7,0.00,34.70
CA-2011-169019,2011-07-26,2011,7,Luke Foster,Central,Office Supplies,Binders,2177.58,8,0.80,-3701.89
CA-2011-169019,2011-07-26,2011,7,Luke Foster,Central,Furniture,Furnishings,17.50,3,0.60,-10.06
CA-2011-169019,2011-07-26,2011,7,Luke Foster,Central,Office Supplies,Binders,16.78,4,0.80,-26.85
CA-2011-169019,2011-07-26,2011,7,Luke Foster,Central,Technology,Accessories,431.14,9,0.20,-26.95
CA-2011-169019,2011-07-26,2011,7,Luke Foster,Central,Office Supplies,Binders,8.88,5,0.80,-13.32
CA-2011-169019,2011-07-26,2011,7,Luke Foster,Central,Office Supplies,Appliances,4.84,2,0.80,-12.09
US-2011-155894,2011-07-26,2011,7,Carl Ludwig,Central,Office Supplies,Storage,123.55,3,0.20,-29.34
CA-2011-124709,2011-07-27,2011,7,Giulietta Weimer,West,Technology,Accessories,238.00,2,0.00,38.08
CA-2011-169642,2011-07-27,2011,7,Barry Blumstein,West,Office Supplies,Storage,276.28,2,0.00,0.00
US-2011-150126,2011-07-27,2011,7,Aaron Smayling,East,Office Supplies,Paper,65.78,11,0.00,32.23
CA-2011-131541,2011-07-28,2011,7,Chloris Kastensmidt,South,Office Supplies,Fasteners,14.32,5,0.20,5.19
CA-2011-131541,2011-07-28,2011,7,Chloris Kastensmidt,South,Furniture,Furnishings,129.89,6,0.20,12.99
CA-2011-131541,2011-07-28,2011,7,Chloris Kastensmidt,South,Office Supplies,Envelopes,48.94,7,0.20,16.52
CA-2011-111192,2011-07-30,2011,7,Tom Stivers,West,Furniture,Bookcases,1367.84,8,0.00,259.89
CA-2011-117345,2011-08-01,2011,8,Barbara Fisher,South,Office Supplies,Labels,17.54,3,0.20,5.92
CA-2011-117345,2011-08-01,2011,8,Barbara Fisher,South,Furniture,Furnishings,44.13,4,0.20,12.14
CA-2011-117345,2011-08-01,2011,8,Barbara Fisher,South,Office Supplies,Appliances,62.92,1,0.20,10.22
CA-2011-117345,2011-08-01,2011,8,Barbara Fisher,South,Office Supplies,Paper,78.30,2,0.20,29.36
CA-2011-152296,2011-08-01,2011,8,Ivan Liston,West,Office Supplies,Binders,19.75,3,0.20,6.91
CA-2011-162684,2011-08-01,2011,8,Ann Steele,East,Office Supplies,Fasteners,5.68,2,0.20,1.92
US-2011-106299,2011-08-02,2011,8,Nick Zandusky,Central,Office Supplies,Binders,26.70,5,0.00,12.55
US-2011-106299,2011-08-02,2011,8,Nick Zandusky,Central,Technology,Accessories,21.20,2,0.00,9.12
US-2011-106299,2011-08-02,2011,8,Nick Zandusky,Central,Office Supplies,Storage,838.38,2,0.00,226.36
CA-2011-125612,2011-08-03,2011,8,Berenike Kampe,East,Office Supplies,Paper,39.96,2,0.00,18.78
CA-2011-125612,2011-08-03,2011,8,Berenike Kampe,East,Office Supplies,Supplies,102.30,10,0.00,26.60
CA-2011-125612,2011-08-03,2011,8,Berenike Kampe,East,Office Supplies,Storage,21.36,2,0.00,5.77
CA-2011-128986,2011-08-03,2011,8,Gary Hansen,West,Office Supplies,Paper,93.02,3,0.20,33.72
CA-2011-133690,2011-08-03,2011,8,Bruce Stewart,West,Furniture,Tables,218.75,2,0.50,-161.88
CA-2011-133690,2011-08-03,2011,8,Bruce Stewart,West,Office Supplies,Appliances,2.60,1,0.20,0.29
CA-2011-126361,2011-08-04,2011,8,Valerie Dominguez,West,Office Supplies,Appliances,1089.75,3,0.00,305.13
CA-2011-126361,2011-08-04,2011,8,Valerie Dominguez,West,Office Supplies,Paper,447.84,8,0.00,219.44
CA-2011-126361,2011-08-04,2011,8,Valerie Dominguez,West,Office Supplies,Art,16.40,5,0.00,4.26
CA-2011-126361,2011-08-04,2011,8,Valerie Dominguez,West,Technology,Phones,399.96,5,0.20,35.00
CA-2011-126361,2011-08-04,2011,8,Valerie Dominguez,West,Office Supplies,Storage,158.90,5,0.00,7.95
CA-2011-126361,2011-08-04,2011,8,Valerie Dominguez,West,Office Supplies,Binders,13.18,1,0.20,4.78
CA-2011-134215,2011-08-04,2011,8,Marina Lichtenstein,East,Office Supplies,Appliances,101.96,2,0.00,27.53
CA-2011-134215,2011-08-04,2011,8,Marina Lichtenstein,East,Office Supplies,Paper,259.74,13,0.00,124.68
CA-2011-134215,2011-08-04,2011,8,Marina Lichtenstein,East,Technology,Accessories,255.42,9,0.00,104.72
CA-2011-110065,2011-08-05,2011,8,Stephanie Phelps,East,Technology,Phones,135.99,1,0.00,36.72
CA-2011-110065,2011-08-05,2011,8,Stephanie Phelps,East,Office Supplies,Art,15.96,7,0.00,7.02
CA-2011-118962,2011-08-05,2011,8,Chad Sievert,West,Office Supplies,Paper,20.94,3,0.00,9.84
CA-2011-118962,2011-08-05,2011,8,Chad Sievert,West,Office Supplies,Paper,110.96,2,0.00,53.26
CA-2011-118962,2011-08-05,2011,8,Chad Sievert,West,Furniture,Chairs,340.14,7,0.20,21.26
CA-2011-124723,2011-08-05,2011,8,Gary Zandusky,Central,Furniture,Tables,489.23,2,0.30,41.93
CA-2011-150490,2011-08-05,2011,8,Sonia Sunley,West,Technology,Accessories,16.36,1,0.00,1.64
CA-2011-150490,2011-08-05,2011,8,Sonia Sunley,West,Office Supplies,Storage,15.78,2,0.00,0.63
CA-2011-150490,2011-08-05,2011,8,Sonia Sunley,West,Office Supplies,Art,45.98,2,0.00,12.87
US-2011-117968,2011-08-05,2011,8,Ricardo Sperren,East,Office Supplies,Appliances,79.47,3,0.00,22.25
US-2011-117968,2011-08-05,2011,8,Ricardo Sperren,East,Office Supplies,Art,4.56,2,0.00,2.01
US-2011-117968,2011-08-05,2011,8,Ricardo Sperren,East,Furniture,Chairs,1133.35,5,0.00,294.67
CA-2011-115357,2011-08-06,2011,8,Roland Fjeld,South,Technology,Accessories,62.91,3,0.00,22.65
CA-2011-137575,2011-08-06,2011,8,Trudy Brown,East,Technology,Accessories,199.98,2,0.00,83.99
CA-2011-124478,2011-08-08,2011,8,Matt Abelman,Central,Technology,Copiers,549.99,1,0.00,275.00
CA-2011-124478,2011-08-08,2011,8,Matt Abelman,Central,Office Supplies,Appliances,167.54,3,0.10,37.23
CA-2011-124478,2011-08-08,2011,8,Matt Abelman,Central,Office Supplies,Envelopes,38.34,3,0.00,17.25
CA-2011-124478,2011-08-08,2011,8,Matt Abelman,Central,Furniture,Furnishings,53.88,6,0.00,22.63
CA-2011-124478,2011-08-08,2011,8,Matt Abelman,Central,Technology,Phones,299.98,2,0.00,83.99
CA-2011-131450,2011-08-08,2011,8,Lena Radford,West,Office Supplies,Appliances,76.12,2,0.00,22.07
CA-2011-131450,2011-08-08,2011,8,Lena Radford,West,Technology,Copiers,1199.98,3,0.20,434.99
CA-2011-131450,2011-08-08,2011,8,Lena Radford,West,Technology,Phones,445.96,5,0.20,55.75
CA-2011-131450,2011-08-08,2011,8,Lena Radford,West,Furniture,Furnishings,327.76,8,0.00,91.77
CA-2011-151708,2011-08-08,2011,8,Maria Bertelson,West,Furniture,Furnishings,121.38,4,0.20,-3.03
CA-2011-151708,2011-08-08,2011,8,Maria Bertelson,West,Technology,Accessories,95.98,3,0.20,-10.80
CA-2011-154669,2011-08-08,2011,8,Tamara Manning,West,Office Supplies,Storage,423.28,11,0.00,110.05
CA-2011-156790,2011-08-08,2011,8,Vivek Gonzalez,South,Furniture,Bookcases,155.46,4,0.20,-7.77
CA-2011-110527,2011-08-09,2011,8,Emily Ducich,West,Office Supplies,Labels,20.88,8,0.00,9.60
CA-2011-141901,2011-08-09,2011,8,Gene McClure,West,Office Supplies,Paper,5.98,1,0.00,2.69
CA-2011-161249,2011-08-09,2011,8,Roger Demir,West,Office Supplies,Fasteners,4.46,3,0.20,-0.95
CA-2011-161249,2011-08-09,2011,8,Roger Demir,West,Office Supplies,Binders,9.35,5,0.70,-6.54
CA-2011-166471,2011-08-09,2011,8,Matthew Grinstein,West,Technology,Phones,1091.17,4,0.20,68.20
CA-2011-166471,2011-08-09,2011,8,Matthew Grinstein,West,Technology,Phones,219.17,2,0.20,-43.83
CA-2011-167850,2011-08-09,2011,8,Andy Gerbode,South,Technology,Phones,178.38,2,0.20,22.30
CA-2011-167850,2011-08-09,2011,8,Andy Gerbode,South,Office Supplies,Paper,15.55,3,0.20,5.44
CA-2011-169726,2011-08-09,2011,8,Joseph Holt,West,Office Supplies,Binders,2060.74,7,0.20,643.98
CA-2011-127012,2011-08-11,2011,8,Greg Matthias,West,Furniture,Furnishings,12.35,1,0.00,5.43
CA-2011-127012,2011-08-11,2011,8,Greg Matthias,West,Office Supplies,Art,40.97,1,0.00,10.65
CA-2011-127012,2011-08-11,2011,8,Greg Matthias,West,Office Supplies,Fasteners,22.96,2,0.00,10.79
CA-2011-154641,2011-08-11,2011,8,Ken Lonsdale,East,Office Supplies,Storage,375.34,1,0.00,18.77
CA-2011-109302,2011-08-12,2011,8,Charles Sheldon,East,Office Supplies,Binders,196.21,7,0.00,98.11
CA-2011-109897,2011-08-12,2011,8,Ben Wallace,West,Technology,Phones,806.34,8,0.20,50.40
CA-2011-109897,2011-08-12,2011,8,Ben Wallace,West,Furniture,Furnishings,85.44,3,0.00,31.61
CA-2011-153927,2011-08-12,2011,8,Lauren Leatherbury,South,Office Supplies,Binders,14.04,3,0.00,6.74
CA-2011-153927,2011-08-12,2011,8,Lauren Leatherbury,South,Technology,Accessories,272.61,13,0.00,98.14
CA-2011-156244,2011-08-12,2011,8,Duane Huffman,South,Office Supplies,Paper,31.10,6,0.20,10.89
CA-2011-156244,2011-08-12,2011,8,Duane Huffman,South,Office Supplies,Art,47.96,5,0.20,4.20
CA-2011-156244,2011-08-12,2011,8,Duane Huffman,South,Technology,Accessories,158.93,7,0.20,41.72
CA-2011-156244,2011-08-12,2011,8,Duane Huffman,South,Office Supplies,Appliances,211.25,6,0.20,15.84
CA-2011-156244,2011-08-12,2011,8,Duane Huffman,South,Office Supplies,Supplies,5.55,2,0.20,-1.04
CA-2011-156244,2011-08-12,2011,8,Duane Huffman,South,Office Supplies,Labels,2.95,1,0.20,1.00
CA-2011-109043,2011-08-15,2011,8,Christine Sundaresam,South,Office Supplies,Paper,91.36,5,0.20,29.69
CA-2011-109043,2011-08-15,2011,8,Christine Sundaresam,South,Office Supplies,Appliances,152.24,5,0.20,17.13
CA-2011-138023,2011-08-15,2011,8,Keith Herrera,Central,Office Supplies,Binders,30.96,8,0.80,-52.63
CA-2011-141005,2011-08-15,2011,8,Christine Sundaresam,East,Office Supplies,Binders,62.94,3,0.00,30.21
US-2011-164406,2011-08-15,2011,8,Brian Dahlen,West,Office Supplies,Appliances,152.91,3,0.00,42.81
US-2011-164406,2011-08-15,2011,8,Brian Dahlen,West,Office Supplies,Paper,92.94,3,0.00,41.82
US-2011-164406,2011-08-15,2011,8,Brian Dahlen,West,Office Supplies,Binders,17.86,4,0.20,6.25
US-2011-164406,2011-08-15,2011,8,Brian Dahlen,West,Office Supplies,Binders,46.44,3,0.20,15.09
US-2011-164406,2011-08-15,2011,8,Brian Dahlen,West,Furniture,Chairs,195.14,4,0.20,-12.20
CA-2011-142839,2011-08-16,2011,8,Troy Staebel,East,Furniture,Tables,853.09,6,0.40,-227.49
CA-2011-111500,2011-08-17,2011,8,Don Jones,South,Office Supplies,Paper,114.20,5,0.00,52.53
CA-2011-111500,2011-08-17,2011,8,Don Jones,South,Office Supplies,Binders,17.96,4,0.00,8.26
CA-2011-111500,2011-08-17,2011,8,Don Jones,South,Office Supplies,Fasteners,12.67,7,0.00,4.56
CA-2011-111500,2011-08-17,2011,8,Don Jones,South,Technology,Accessories,339.96,4,0.00,122.39
CA-2011-129168,2011-08-17,2011,8,Ken Black,Central,Office Supplies,Paper,15.55,3,0.20,5.44
CA-2011-121727,2011-08-19,2011,8,Jim Karlsson,East,Office Supplies,Art,10.72,2,0.20,1.74
CA-2011-133158,2011-08-19,2011,8,David Wiener,West,Furniture,Furnishings,289.24,7,0.00,26.03
CA-2011-133158,2011-08-19,2011,8,David Wiener,West,Office Supplies,Binders,69.46,2,0.20,22.57
US-2011-143581,2011-08-19,2011,8,Bill Shonely,South,Office Supplies,Storage,344.91,3,0.00,10.35
US-2011-156559,2011-08-19,2011,8,Lena Hernandez,South,Furniture,Bookcases,638.82,9,0.00,172.48
US-2011-164616,2011-08-19,2011,8,Maxwell Schwartz,East,Office Supplies,Binders,76.78,4,0.70,-58.86
US-2011-164616,2011-08-19,2011,8,Maxwell Schwartz,East,Office Supplies,Supplies,9.18,2,0.20,1.15
CA-2011-114321,2011-08-20,2011,8,Nick Crebassa,South,Furniture,Chairs,500.24,13,0.00,145.07
CA-2011-114321,2011-08-20,2011,8,Nick Crebassa,South,Office Supplies,Paper,20.12,2,0.00,9.26
CA-2011-114321,2011-08-20,2011,8,Nick Crebassa,South,Office Supplies,Binders,896.99,1,0.00,421.59
CA-2011-166716,2011-08-20,2011,8,Craig Reiter,Central,Furniture,Chairs,421.37,2,0.30,-6.02
CA-2011-123253,2011-08-22,2011,8,Deanra Eno,East,Office Supplies,Art,3.91,1,0.20,1.03
CA-2011-130918,2011-08-22,2011,8,Jeremy Pistek,South,Office Supplies,Supplies,7.63,3,0.20,-1.81
US-2011-166828,2011-08-22,2011,8,Jennifer Ferguson,Central,Office Supplies,Paper,11.56,2,0.00,5.66
CA-2011-110639,2011-08-23,2011,8,Rick Hansen,East,Office Supplies,Paper,25.92,4,0.00,12.44
CA-2011-110639,2011-08-23,2011,8,Rick Hansen,East,Office Supplies,Paper,45.92,4,0.00,22.50
CA-2011-124737,2011-08-23,2011,8,Arthur Prichep,West,Office Supplies,Paper,15.55,3,0.20,5.44
CA-2011-124737,2011-08-23,2011,8,Arthur Prichep,West,Office Supplies,Supplies,6.80,1,0.20,0.51
CA-2011-124737,2011-08-23,2011,8,Arthur Prichep,West,Furniture,Furnishings,4.22,3,0.20,1.27
CA-2011-124737,2011-08-23,2011,8,Arthur Prichep,West,Technology,Phones,143.64,9,0.20,10.77
CA-2011-124737,2011-08-23,2011,8,Arthur Prichep,West,Office Supplies,Paper,31.10,6,0.20,10.89
CA-2011-124737,2011-08-23,2011,8,Arthur Prichep,West,Office Supplies,Paper,223.06,9,0.20,69.71
CA-2011-154837,2011-08-23,2011,8,Robert Barroso,West,Office Supplies,Binders,49.57,2,0.20,17.35
US-2011-112795,2011-08-23,2011,8,Corey Roper,Central,Office Supplies,Paper,19.44,3,0.00,9.53
CA-2011-106719,2011-08-24,2011,8,Robert Barroso,West,Office Supplies,Binders,8.29,2,0.20,2.69
CA-2011-107916,2011-08-24,2011,8,Jennifer Patt,East,Furniture,Furnishings,13.28,2,0.00,6.37
CA-2011-107916,2011-08-24,2011,8,Jennifer Patt,East,Office Supplies,Binders,12.67,3,0.20,4.44
CA-2011-120432,2011-08-24,2011,8,Dorothy Wardle,South,Office Supplies,Supplies,25.50,3,0.00,6.63
CA-2011-103660,2011-08-25,2011,8,Mitch Webber,West,Technology,Phones,1007.94,7,0.20,75.60
CA-2011-104178,2011-08-25,2011,8,Janet Molinari,West,Furniture,Furnishings,6.28,1,0.00,2.64
CA-2011-104178,2011-08-25,2011,8,Janet Molinari,West,Technology,Accessories,95.10,5,0.00,30.43
CA-2011-104178,2011-08-25,2011,8,Janet Molinari,West,Office Supplies,Paper,25.92,4,0.00,12.44
CA-2011-104178,2011-08-25,2011,8,Janet Molinari,West,Office Supplies,Storage,48.84,4,0.00,13.19
CA-2011-107398,2011-08-25,2011,8,Brendan Sweed,East,Office Supplies,Binders,6.53,4,0.70,-4.57
CA-2011-107398,2011-08-25,2011,8,Brendan Sweed,East,Office Supplies,Binders,2.86,3,0.70,-2.29
CA-2011-107398,2011-08-25,2011,8,Brendan Sweed,East,Office Supplies,Binders,20.86,8,0.70,-16.68
CA-2011-115259,2011-08-25,2011,8,Ryan Crowe,East,Office Supplies,Fasteners,40.10,14,0.20,14.53
CA-2011-115259,2011-08-25,2011,8,Ryan Crowe,East,Office Supplies,Envelopes,4.72,2,0.20,1.65
CA-2011-115259,2011-08-25,2011,8,Ryan Crowe,East,Office Supplies,Paper,23.98,3,0.20,7.49
CA-2011-115259,2011-08-25,2011,8,Ryan Crowe,East,Office Supplies,Envelopes,130.46,6,0.20,44.03
CA-2011-126200,2011-08-25,2011,8,Joe Elijah,Central,Office Supplies,Binders,25.68,3,0.80,-39.80
CA-2011-126200,2011-08-25,2011,8,Joe Elijah,Central,Office Supplies,Binders,12.38,3,0.80,-19.81
CA-2011-103331,2011-08-26,2011,8,Karl Braun,East,Furniture,Furnishings,10.68,4,0.00,4.06
CA-2011-103331,2011-08-26,2011,8,Karl Braun,East,Office Supplies,Paper,17.34,3,0.00,8.50
CA-2011-103331,2011-08-26,2011,8,Karl Braun,East,Office Supplies,Paper,3.38,1,0.00,1.55
CA-2011-123260,2011-08-26,2011,8,Frank Merwin,West,Technology,Accessories,176.80,8,0.00,22.98
US-2011-115413,2011-08-26,2011,8,Paul Prost,East,Office Supplies,Art,8.64,3,0.00,2.51
US-2011-115413,2011-08-26,2011,8,Paul Prost,East,Technology,Accessories,149.97,3,0.00,52.49
CA-2011-101266,2011-08-27,2011,8,Michael Moore,South,Office Supplies,Paper,13.36,2,0.00,6.41
CA-2011-124688,2011-08-27,2011,8,Corey Catlett,South,Technology,Phones,579.95,5,0.00,168.19
CA-2011-124688,2011-08-27,2011,8,Corey Catlett,South,Furniture,Furnishings,29.12,4,0.00,12.52
CA-2011-124688,2011-08-27,2011,8,Corey Catlett,South,Furniture,Tables,1202.94,3,0.00,300.74
CA-2011-143336,2011-08-27,2011,8,Zuschuss Donatelli,West,Office Supplies,Art,8.56,2,0.00,2.48
CA-2011-143336,2011-08-27,2011,8,Zuschuss Donatelli,West,Technology,Phones,213.48,3,0.20,16.01
CA-2011-143336,2011-08-27,2011,8,Zuschuss Donatelli,West,Office Supplies,Binders,22.72,4,0.20,7.38
CA-2011-135699,2011-08-29,2011,8,Hilary Holden,West,Office Supplies,Paper,109.92,2,0.00,53.86
CA-2011-135699,2011-08-29,2011,8,Hilary Holden,West,Office Supplies,Paper,13.36,2,0.00,6.41
CA-2011-169775,2011-08-29,2011,8,Ryan Akin,South,Office Supplies,Envelopes,29.81,2,0.20,10.81
CA-2011-169775,2011-08-29,2011,8,Ryan Akin,South,Office Supplies,Binders,505.18,4,0.70,-336.78
CA-2011-169775,2011-08-29,2011,8,Ryan Akin,South,Furniture,Tables,174.06,3,0.45,-110.76
CA-2011-146500,2011-08-30,2011,8,Annie Thurman,East,Office Supplies,Binders,25.30,5,0.00,11.89
CA-2011-146500,2011-08-30,2011,8,Annie Thurman,East,Office Supplies,Storage,95.94,3,0.00,9.59
CA-2011-143385,2011-08-31,2011,8,Shirley Jackson,West,Technology,Accessories,92.52,9,0.00,18.50
CA-2011-109855,2011-09-01,2011,9,Lena Hernandez,East,Office Supplies,Binders,23.74,2,0.20,8.31
CA-2011-109855,2011-09-01,2011,9,Lena Hernandez,East,Technology,Accessories,357.00,3,0.00,57.12
CA-2011-126522,2011-09-01,2011,9,Larry Tron,West,Office Supplies,Art,53.94,3,0.00,15.64
CA-2011-165428,2011-09-01,2011,9,Jack Lebron,Central,Office Supplies,Binders,3.65,3,0.80,-6.02
CA-2011-165428,2011-09-01,2011,9,Jack Lebron,Central,Office Supplies,Paper,31.10,6,0.20,10.89
CA-2011-106971,2011-09-02,2011,9,Bryan Mills,Central,Technology,Accessories,475.94,7,0.20,95.19
CA-2011-127936,2011-09-02,2011,9,Clay Ludtke,East,Office Supplies,Art,21.24,3,0.00,8.07
CA-2011-151792,2011-09-02,2011,9,Christina VanderZanden,Central,Technology,Accessories,239.98,3,0.20,53.99
CA-2011-152268,2011-09-02,2011,9,Sanjit Chand,South,Office Supplies,Binders,1793.98,2,0.00,843.17
CA-2011-157721,2011-09-02,2011,9,Justin MacKendrick,East,Office Supplies,Appliances,19.90,1,0.00,8.96
CA-2011-157721,2011-09-02,2011,9,Justin MacKendrick,East,Furniture,Furnishings,70.71,1,0.00,4.95
CA-2011-158281,2011-09-02,2011,9,Andy Gerbode,Central,Technology,Machines,559.71,3,0.40,-121.27
US-2011-138828,2011-09-02,2011,9,Katherine Ducich,East,Office Supplies,Art,57.75,5,0.00,16.17
US-2011-138828,2011-09-02,2011,9,Katherine Ducich,East,Office Supplies,Paper,14.94,3,0.00,7.02
CA-2011-125171,2011-09-03,2011,9,Allen Goldenen,East,Office Supplies,Labels,14.40,5,0.00,7.06
US-2011-120236,2011-09-03,2011,9,Mathew Reese,Central,Office Supplies,Binders,7.68,5,0.80,-11.52
CA-2011-106572,2011-09-05,2011,9,Nora Preis,East,Office Supplies,Storage,264.32,2,0.20,19.82
CA-2011-136861,2011-09-05,2011,9,Patrick Ryan,South,Furniture,Furnishings,31.98,2,0.20,2.00
CA-2011-130449,2011-09-06,2011,9,Victoria Pisteka,West,Furniture,Furnishings,41.88,6,0.00,12.15
CA-2011-130449,2011-09-06,2011,9,Victoria Pisteka,West,Office Supplies,Labels,58.48,8,0.00,27.49
CA-2011-100006,2011-09-07,2011,9,Dennis Kane,East,Technology,Phones,377.97,3,0.00,109.61
CA-2011-105165,2011-09-07,2011,9,Sam Zeldin,Central,Technology,Phones,196.78,3,0.20,14.76
CA-2011-105165,2011-09-07,2011,9,Sam Zeldin,Central,Office Supplies,Binders,2.92,2,0.80,-4.82
CA-2011-105165,2011-09-07,2011,9,Sam Zeldin,Central,Furniture,Tables,200.80,1,0.30,-22.95
CA-2011-105165,2011-09-07,2011,9,Sam Zeldin,Central,Technology,Accessories,46.69,4,0.20,-2.92
CA-2011-105165,2011-09-07,2011,9,Sam Zeldin,Central,Office Supplies,Art,21.86,3,0.20,3.55
CA-2011-109918,2011-09-07,2011,9,Lisa Ryan,West,Office Supplies,Supplies,27.36,4,0.00,7.39
CA-2011-109918,2011-09-07,2011,9,Lisa Ryan,West,Office Supplies,Paper,20.56,2,0.00,9.66
CA-2011-109918,2011-09-07,2011,9,Lisa Ryan,West,Office Supplies,Binders,83.92,5,0.20,31.47
CA-2011-117765,2011-09-07,2011,9,Rick Bensley,Central,Furniture,Tables,429.90,5,0.00,111.77
CA-2011-117765,2011-09-07,2011,9,Rick Bensley,Central,Office Supplies,Binders,32.06,2,0.00,15.39
CA-2011-117765,2011-09-07,2011,9,Rick Bensley,Central,Furniture,Chairs,161.96,2,0.00,45.35
CA-2011-117765,2011-09-07,2011,9,Rick Bensley,Central,Office Supplies,Storage,19.86,2,0.00,5.76
CA-2011-122882,2011-09-07,2011,9,Sean Braxton,East,Office Supplies,Storage,64.78,1,0.20,-14.58
CA-2011-122882,2011-09-07,2011,9,Sean Braxton,East,Technology,Phones,32.38,3,0.40,4.32
CA-2011-122882,2011-09-07,2011,9,Sean Braxton,East,Furniture,Furnishings,42.37,2,0.20,8.47
CA-2011-122882,2011-09-07,2011,9,Sean Braxton,East,Technology,Machines,399.54,4,0.70,-559.36
CA-2011-126193,2011-09-07,2011,9,Shahid Shariari,Central,Office Supplies,Fasteners,13.16,5,0.20,4.11
CA-2011-126193,2011-09-07,2011,9,Shahid Shariari,Central,Office Supplies,Binders,3.83,3,0.80,-6.51
CA-2011-126193,2011-09-07,2011,9,Shahid Shariari,Central,Office Supplies,Binders,304.99,5,0.80,-533.73
CA-2011-131002,2011-09-07,2011,9,Tom Boeckenhauer,Central,Furniture,Furnishings,57.69,3,0.00,23.65
CA-2011-131002,2011-09-07,2011,9,Tom Boeckenhauer,Central,Office Supplies,Binders,42.81,3,0.00,20.12
CA-2011-131002,2011-09-07,2011,9,Tom Boeckenhauer,Central,Office Supplies,Paper,12.96,2,0.00,6.22
CA-2011-131002,2011-09-07,2011,9,Tom Boeckenhauer,Central,Furniture,Furnishings,821.88,6,0.00,213.69
CA-2011-131002,2011-09-07,2011,9,Tom Boeckenhauer,Central,Technology,Phones,104.85,3,0.00,28.31
CA-2011-107818,2011-09-08,2011,9,Marc Crier,West,Office Supplies,Art,5.88,2,0.00,2.65
CA-2011-107818,2011-09-08,2011,9,Marc Crier,West,Furniture,Chairs,975.92,5,0.20,121.99
CA-2011-107818,2011-09-08,2011,9,Marc Crier,West,Office Supplies,Art,303.84,8,0.00,91.15
CA-2011-107818,2011-09-08,2011,9,Marc Crier,West,Office Supplies,Storage,485.88,6,0.00,19.44
CA-2011-123127,2011-09-08,2011,9,Stefania Perrino,East,Office Supplies,Appliances,16.78,2,0.00,4.20
CA-2011-128839,2011-09-08,2011,9,Ted Trevino,South,Office Supplies,Fasteners,45.00,9,0.00,21.60
CA-2011-128839,2011-09-08,2011,9,Ted Trevino,South,Technology,Machines,209.97,3,0.00,90.29
CA-2011-132500,2011-09-08,2011,9,Gary Zandusky,West,Technology,Accessories,49.98,2,0.00,8.50
CA-2011-139892,2011-09-08,2011,9,Becky Martin,Central,Office Supplies,Art,9.94,3,0.20,2.73
CA-2011-139892,2011-09-08,2011,9,Becky Martin,Central,Technology,Machines,8159.95,8,0.40,-1359.99
CA-2011-139892,2011-09-08,2011,9,Becky Martin,Central,Office Supplies,Storage,275.93,3,0.20,-58.63
CA-2011-139892,2011-09-08,2011,9,Becky Martin,Central,Furniture,Chairs,1740.06,9,0.30,-24.86
CA-2011-139892,2011-09-08,2011,9,Becky Martin,Central,Office Supplies,Art,32.06,6,0.20,6.81
CA-2011-139892,2011-09-08,2011,9,Becky Martin,Central,Office Supplies,Appliances,177.98,5,0.80,-453.85
CA-2011-139892,2011-09-08,2011,9,Becky Martin,Central,Technology,Phones,143.98,3,0.20,9.00
CA-2011-140032,2011-09-08,2011,9,Toby Swindell,West,Office Supplies,Binders,8.61,2,0.20,3.01
CA-2011-146283,2011-09-08,2011,9,Kean Takahito,Central,Office Supplies,Paper,17.90,2,0.20,6.27
CA-2011-146283,2011-09-08,2011,9,Kean Takahito,Central,Furniture,Chairs,966.70,5,0.30,-13.81
CA-2011-146283,2011-09-08,2011,9,Kean Takahito,Central,Office Supplies,Paper,182.11,6,0.20,61.46
CA-2011-146815,2011-09-08,2011,9,Paul Prost,East,Furniture,Chairs,172.76,2,0.10,13.44
CA-2011-146815,2011-09-08,2011,9,Paul Prost,East,Office Supplies,Art,3.52,2,0.00,1.69
CA-2011-163293,2011-09-08,2011,9,Karen Carlisle,South,Technology,Accessories,32.97,3,0.00,12.86
CA-2011-163293,2011-09-08,2011,9,Karen Carlisle,South,Technology,Accessories,83.88,4,0.00,30.20
CA-2011-168592,2011-09-08,2011,9,Dennis Pardue,West,Office Supplies,Appliances,56.65,5,0.00,24.36
CA-2011-168592,2011-09-08,2011,9,Dennis Pardue,West,Office Supplies,Storage,14.97,1,0.00,4.19
CA-2011-168592,2011-09-08,2011,9,Dennis Pardue,West,Office Supplies,Fasteners,4.02,2,0.00,1.97
US-2011-115987,2011-09-08,2011,9,Lisa Hazard,Central,Office Supplies,Binders,51.18,4,0.80,-79.34
CA-2011-102869,2011-09-09,2011,9,Logan Currie,East,Office Supplies,Paper,15.55,3,0.20,5.44
CA-2011-102869,2011-09-09,2011,9,Logan Currie,East,Technology,Accessories,64.70,6,0.20,-4.85
CA-2011-102869,2011-09-09,2011,9,Logan Currie,East,Furniture,Furnishings,17.47,3,0.20,5.02
CA-2011-102869,2011-09-09,2011,9,Logan Currie,East,Technology,Phones,135.52,1,0.40,-31.62
CA-2011-103527,2011-09-09,2011,9,Chris Cortes,Central,Office Supplies,Paper,10.90,3,0.20,3.41
CA-2011-126403,2011-09-09,2011,9,Rick Reed,East,Office Supplies,Paper,166.44,3,0.00,79.89
CA-2011-126403,2011-09-09,2011,9,Rick Reed,East,Furniture,Chairs,785.88,6,0.00,212.19
CA-2011-126403,2011-09-09,2011,9,Rick Reed,East,Office Supplies,Paper,26.20,2,0.00,12.84
CA-2011-126403,2011-09-09,2011,9,Rick Reed,East,Office Supplies,Storage,1325.85,5,0.00,238.65
CA-2011-144407,2011-09-09,2011,9,Maribeth Schnelling,Central,Office Supplies,Labels,103.60,7,0.00,51.80
US-2011-115196,2011-09-09,2011,9,Daniel Lacy,South,Technology,Machines,1299.99,2,0.50,-572.00
US-2011-131870,2011-09-09,2011,9,Nicole Fjeld,East,Furniture,Furnishings,60.67,6,0.20,12.89
US-2011-131870,2011-09-09,2011,9,Nicole Fjeld,East,Office Supplies,Art,30.82,9,0.20,2.70
CA-2011-113383,2011-09-10,2011,9,Sandra Flanagan,East,Office Supplies,Appliances,81.92,4,0.00,22.12
CA-2011-113383,2011-09-10,2011,9,Sandra Flanagan,East,Furniture,Furnishings,254.90,5,0.00,76.47
CA-2011-125731,2011-09-10,2011,9,Clay Ludtke,West,Office Supplies,Envelopes,21.73,7,0.20,7.60
CA-2011-125731,2011-09-10,2011,9,Clay Ludtke,West,Furniture,Chairs,1487.04,5,0.20,148.70
US-2011-138835,2011-09-10,2011,9,Dianna Arnett,South,Office Supplies,Binders,9.64,2,0.00,4.72
CA-2011-112837,2011-09-11,2011,9,Liz Willingham,West,Furniture,Furnishings,127.95,3,0.00,21.75
CA-2011-101476,2011-09-12,2011,9,Shirley Daniels,East,Technology,Machines,69.99,1,0.00,30.10
CA-2011-103702,2011-09-12,2011,9,Art Foster,East,Office Supplies,Binders,63.92,7,0.70,-46.88
CA-2011-116246,2011-09-12,2011,9,Luke Weiss,East,Furniture,Chairs,3785.29,6,0.10,420.59
CA-2011-138527,2011-09-12,2011,9,Brad Norvell,South,Office Supplies,Paper,10.37,2,0.20,3.63
CA-2011-138527,2011-09-12,2011,9,Brad Norvell,South,Office Supplies,Appliances,166.84,5,0.20,18.77
CA-2011-138527,2011-09-12,2011,9,Brad Norvell,South,Technology,Accessories,15.22,1,0.20,2.28
US-2011-119081,2011-09-12,2011,9,Tom Ashbrook,Central,Office Supplies,Supplies,357.93,3,0.00,7.16
US-2011-119081,2011-09-12,2011,9,Tom Ashbrook,Central,Technology,Accessories,57.40,5,0.00,10.91
US-2011-119081,2011-09-12,2011,9,Tom Ashbrook,Central,Office Supplies,Binders,331.96,2,0.00,149.38
US-2011-119081,2011-09-12,2011,9,Tom Ashbrook,Central,Furniture,Furnishings,40.56,2,0.00,12.98
US-2011-150924,2011-09-12,2011,9,Pete Takahito,Central,Office Supplies,Binders,5.18,5,0.80,-8.03
CA-2011-113859,2011-09-13,2011,9,Becky Castell,Central,Furniture,Chairs,340.12,6,0.30,-9.72
CA-2011-126277,2011-09-13,2011,9,Lena Hernandez,East,Office Supplies,Binders,2.50,3,0.70,-2.00
CA-2011-132962,2011-09-13,2011,9,Jessica Myrick,East,Office Supplies,Paper,15.55,3,0.20,5.44
CA-2011-132962,2011-09-13,2011,9,Jessica Myrick,East,Technology,Accessories,252.00,5,0.20,53.55
CA-2011-140039,2011-09-13,2011,9,Odella Nelson,West,Office Supplies,Storage,79.40,5,0.20,5.96
CA-2011-142769,2011-09-13,2011,9,Resi Pölking,West,Office Supplies,Fasteners,5.70,5,0.00,2.68
CA-2011-142769,2011-09-13,2011,9,Resi Pölking,West,Furniture,Furnishings,14.19,3,0.00,5.53
CA-2011-142769,2011-09-13,2011,9,Resi Pölking,West,Office Supplies,Supplies,7.30,2,0.00,2.19
CA-2011-142769,2011-09-13,2011,9,Resi Pölking,West,Technology,Accessories,199.98,2,0.00,75.99
CA-2011-142769,2011-09-13,2011,9,Resi Pölking,West,Technology,Accessories,144.96,4,0.00,60.88
CA-2011-142769,2011-09-13,2011,9,Resi Pölking,West,Technology,Accessories,118.00,2,0.00,20.06
CA-2011-142769,2011-09-13,2011,9,Resi Pölking,West,Office Supplies,Paper,48.94,1,0.00,24.47
CA-2011-142769,2011-09-13,2011,9,Resi Pölking,West,Office Supplies,Appliances,22.66,2,0.00,9.74
CA-2011-145212,2011-09-13,2011,9,Dan Campbell,East,Office Supplies,Art,5.46,3,0.00,1.47
US-2011-156216,2011-09-13,2011,9,Erin Ashbrook,South,Office Supplies,Binders,18.65,7,0.70,-12.43
CA-2011-113362,2011-09-14,2011,9,Astrea Jones,East,Office Supplies,Storage,449.15,5,0.00,8.98
CA-2011-113362,2011-09-14,2011,9,Astrea Jones,East,Office Supplies,Envelopes,11.07,3,0.00,5.09
CA-2011-145576,2011-09-14,2011,9,Cynthia Arntzen,South,Office Supplies,Appliances,13.00,5,0.20,1.30
CA-2011-145576,2011-09-14,2011,9,Cynthia Arntzen,South,Furniture,Furnishings,13.13,3,0.20,3.77
CA-2011-159184,2011-09-14,2011,9,John Castell,South,Furniture,Furnishings,142.40,5,0.00,52.69
CA-2011-159184,2011-09-14,2011,9,John Castell,South,Office Supplies,Binders,7.16,2,0.00,3.44
CA-2011-160766,2011-09-14,2011,9,Darrin Martin,East,Furniture,Tables,464.29,9,0.40,-108.33
CA-2011-160766,2011-09-14,2011,9,Darrin Martin,East,Office Supplies,Envelopes,68.46,7,0.00,31.49
CA-2011-160766,2011-09-14,2011,9,Darrin Martin,East,Technology,Machines,2799.96,4,0.00,1371.98
CA-2011-160766,2011-09-14,2011,9,Darrin Martin,East,Office Supplies,Appliances,601.30,2,0.00,198.43
CA-2011-160766,2011-09-14,2011,9,Darrin Martin,East,Technology,Phones,16.99,1,0.00,4.42
CA-2011-160766,2011-09-14,2011,9,Darrin Martin,East,Technology,Phones,287.97,3,0.00,80.63
CA-2011-160766,2011-09-14,2011,9,Darrin Martin,East,Office Supplies,Paper,44.82,9,0.00,21.07
US-2011-100853,2011-09-14,2011,9,Jennifer Braxton,Central,Office Supplies,Appliances,52.45,2,0.80,-131.12
US-2011-100853,2011-09-14,2011,9,Jennifer Braxton,Central,Office Supplies,Labels,20.16,4,0.20,6.55
US-2011-127635,2011-09-14,2011,9,Scott Cohen,Central,Office Supplies,Fasteners,6.05,4,0.20,-1.36
US-2011-127635,2011-09-14,2011,9,Scott Cohen,Central,Office Supplies,Paper,6.85,2,0.20,2.14
US-2011-127635,2011-09-14,2011,9,Scott Cohen,Central,Furniture,Furnishings,9.96,5,0.60,-6.72
US-2011-127635,2011-09-14,2011,9,Scott Cohen,Central,Office Supplies,Binders,8.55,2,0.80,-13.68
CA-2011-138100,2011-09-15,2011,9,Alex Avila,East,Office Supplies,Paper,14.94,3,0.00,7.02
CA-2011-138100,2011-09-15,2011,9,Alex Avila,East,Furniture,Furnishings,14.56,2,0.00,6.26
CA-2011-149594,2011-09-15,2011,9,Monica Federle,East,Furniture,Furnishings,103.94,4,0.20,16.89
CA-2011-141152,2011-09-16,2011,9,Randy Ferguson,East,Office Supplies,Binders,33.55,1,0.20,12.58
CA-2011-103940,2011-09-17,2011,9,Bradley Nguyen,West,Office Supplies,Storage,30.28,2,0.00,1.21
CA-2011-103940,2011-09-17,2011,9,Bradley Nguyen,West,Office Supplies,Storage,57.93,3,0.00,16.22
CA-2011-103940,2011-09-17,2011,9,Bradley Nguyen,West,Furniture,Furnishings,35.34,2,0.00,13.43
CA-2011-103940,2011-09-17,2011,9,Bradley Nguyen,West,Office Supplies,Binders,137.24,5,0.20,46.32
CA-2011-112851,2011-09-17,2011,9,Nick Radford,West,Office Supplies,Envelopes,182.94,3,0.00,85.98
CA-2011-131947,2011-09-17,2011,9,Joseph Airdo,West,Office Supplies,Art,5.25,2,0.20,0.46
CA-2011-131947,2011-09-17,2011,9,Joseph Airdo,West,Office Supplies,Art,38.26,3,0.20,4.78
CA-2011-131947,2011-09-17,2011,9,Joseph Airdo,West,Office Supplies,Paper,40.24,5,0.20,13.08
CA-2011-131947,2011-09-17,2011,9,Joseph Airdo,West,Technology,Machines,29.93,5,0.70,-21.95
CA-2011-131947,2011-09-17,2011,9,Joseph Airdo,West,Office Supplies,Paper,148.70,6,0.20,46.47
CA-2011-131947,2011-09-17,2011,9,Joseph Airdo,West,Technology,Accessories,55.92,10,0.20,16.78
US-2011-117170,2011-09-17,2011,9,Kean Takahito,South,Technology,Accessories,47.98,2,0.20,13.20
US-2011-117170,2011-09-17,2011,9,Kean Takahito,South,Office Supplies,Paper,4.62,1,0.20,1.68
US-2011-158638,2011-09-17,2011,9,Anthony Garverick,East,Office Supplies,Binders,5.89,4,0.70,-4.12
CA-2011-127299,2011-09-19,2011,9,John Lee,South,Office Supplies,Storage,67.34,6,0.20,7.58
CA-2011-127299,2011-09-19,2011,9,John Lee,South,Technology,Machines,2624.99,3,0.50,-944.99
CA-2011-132787,2011-09-19,2011,9,Mike Caudle,West,Office Supplies,Storage,92.52,6,0.00,24.98
CA-2011-138177,2011-09-19,2011,9,Neil Ducich,West,Furniture,Tables,73.92,1,0.50,-45.83
CA-2011-156601,2011-09-19,2011,9,Frank Atkinson,West,Office Supplies,Fasteners,7.16,2,0.00,3.58
CA-2011-159849,2011-09-19,2011,9,Jim Kriz,West,Office Supplies,Fasteners,5.67,3,0.00,0.11
CA-2011-168130,2011-09-19,2011,9,Bill Shonely,East,Furniture,Chairs,887.10,7,0.10,177.42
US-2011-106992,2011-09-19,2011,9,Sean Braxton,Central,Technology,Machines,3059.98,3,0.40,-510.00
US-2011-106992,2011-09-19,2011,9,Sean Braxton,Central,Technology,Machines,2519.96,7,0.40,-252.00
CA-2011-120411,2011-09-20,2011,9,Sarah Brown,Central,Furniture,Bookcases,493.43,5,0.30,-70.49
CA-2011-120411,2011-09-20,2011,9,Sarah Brown,Central,Technology,Phones,11.12,2,0.20,3.48
CA-2011-125997,2011-09-20,2011,9,Mitch Webber,East,Technology,Phones,629.95,5,0.00,157.49
CA-2011-125997,2011-09-20,2011,9,Mitch Webber,East,Furniture,Chairs,631.78,2,0.10,140.40
CA-2011-125997,2011-09-20,2011,9,Mitch Webber,East,Furniture,Bookcases,801.57,2,0.20,-10.02
CA-2011-125997,2011-09-20,2011,9,Mitch Webber,East,Office Supplies,Labels,75.18,6,0.00,35.33
CA-2011-125997,2011-09-20,2011,9,Mitch Webber,East,Office Supplies,Appliances,30.98,1,0.00,8.05
CA-2011-125997,2011-09-20,2011,9,Mitch Webber,East,Technology,Phones,1349.91,9,0.00,661.46
CA-2011-126480,2011-09-20,2011,9,Henry Goldwyn,West,Office Supplies,Paper,8.56,2,0.00,3.85
CA-2011-133704,2011-09-20,2011,9,Michelle Arnett,West,Office Supplies,Appliances,43.92,4,0.00,11.86
CA-2011-133704,2011-09-20,2011,9,Michelle Arnett,West,Office Supplies,Binders,20.23,3,0.20,6.58
CA-2011-151953,2011-09-20,2011,9,Dorothy Badders,South,Office Supplies,Art,2.82,2,0.20,0.99
CA-2011-156433,2011-09-20,2011,9,Erica Smith,West,Office Supplies,Labels,9.96,2,0.00,4.58
CA-2011-156433,2011-09-20,2011,9,Erica Smith,West,Office Supplies,Paper,21.72,4,0.00,10.64
CA-2011-166744,2011-09-20,2011,9,Duane Noonan,East,Furniture,Furnishings,164.22,3,0.00,50.91
CA-2011-166744,2011-09-20,2011,9,Duane Noonan,East,Furniture,Bookcases,362.94,3,0.00,36.29
CA-2011-166744,2011-09-20,2011,9,Duane Noonan,East,Technology,Accessories,59.98,2,0.00,26.39
US-2011-134614,2011-09-20,2011,9,Philip Fox,Central,Furniture,Tables,617.70,6,0.50,-407.68
CA-2011-117478,2011-09-21,2011,9,Larry Hughes,East,Office Supplies,Binders,6.57,3,0.70,-5.04
CA-2011-124513,2011-09-21,2011,9,Sara Luxemburg,East,Office Supplies,Art,66.03,3,0.00,17.17
CA-2011-125514,2011-09-21,2011,9,Brian Moss,Central,Office Supplies,Appliances,25.96,2,0.00,7.53
CA-2011-125514,2011-09-21,2011,9,Brian Moss,Central,Office Supplies,Appliances,36.27,3,0.00,10.88
CA-2011-125514,2011-09-21,2011,9,Brian Moss,Central,Office Supplies,Paper,6.48,1,0.00,3.11
CA-2011-153969,2011-09-21,2011,9,Herbert Flentye,West,Office Supplies,Envelopes,15.56,2,0.00,7.31
CA-2011-153969,2011-09-21,2011,9,Herbert Flentye,West,Office Supplies,Envelopes,78.35,5,0.00,36.82
CA-2011-153969,2011-09-21,2011,9,Herbert Flentye,West,Office Supplies,Art,59.52,3,0.00,15.48
CA-2011-153969,2011-09-21,2011,9,Herbert Flentye,West,Office Supplies,Paper,38.52,9,0.00,17.33
CA-2011-153969,2011-09-21,2011,9,Herbert Flentye,West,Technology,Phones,239.98,2,0.20,24.00
CA-2011-153969,2011-09-21,2011,9,Herbert Flentye,West,Office Supplies,Paper,19.35,3,0.00,9.48
CA-2011-168823,2011-09-21,2011,9,Matt Abelman,East,Office Supplies,Paper,11.35,3,0.20,4.12
CA-2011-168823,2011-09-21,2011,9,Matt Abelman,East,Office Supplies,Labels,20.81,9,0.20,7.02
US-2011-135972,2011-09-21,2011,9,Jack Garza,West,Technology,Phones,246.38,2,0.20,27.72
US-2011-135972,2011-09-21,2011,9,Jack Garza,West,Technology,Copiers,1799.97,3,0.00,701.99
US-2011-166310,2011-09-21,2011,9,Joni Sundaresam,Central,Furniture,Furnishings,8.54,2,0.60,-7.48
CA-2011-103191,2011-09-22,2011,9,Vivek Grady,Central,Office Supplies,Storage,331.54,3,0.20,-82.88
CA-2011-127488,2011-09-22,2011,9,Maribeth Schnelling,South,Office Supplies,Labels,4.61,2,0.20,1.67
CA-2011-156160,2011-09-22,2011,9,Adam Shillingsburg,East,Furniture,Furnishings,97.44,3,0.00,35.08
CA-2011-156160,2011-09-22,2011,9,Adam Shillingsburg,East,Office Supplies,Binders,3.98,1,0.20,1.39
CA-2011-156160,2011-09-22,2011,9,Adam Shillingsburg,East,Office Supplies,Art,13.04,4,0.00,5.74
CA-2011-156160,2011-09-22,2011,9,Adam Shillingsburg,East,Furniture,Chairs,579.53,4,0.10,83.71
CA-2011-158225,2011-09-22,2011,9,Sanjit Engle,West,Office Supplies,Storage,169.45,5,0.00,42.36
CA-2011-158225,2011-09-22,2011,9,Sanjit Engle,West,Office Supplies,Storage,40.68,2,0.00,0.41
CA-2011-113964,2011-09-23,2011,9,Julie Prescott,East,Office Supplies,Binders,18.46,4,0.20,6.92
CA-2011-116904,2011-09-23,2011,9,Sanjit Chand,Central,Office Supplies,Paper,32.40,5,0.00,15.55
CA-2011-116904,2011-09-23,2011,9,Sanjit Chand,Central,Office Supplies,Storage,404.90,5,0.00,16.20
CA-2011-116904,2011-09-23,2011,9,Sanjit Chand,Central,Office Supplies,Binders,9449.95,5,0.00,4630.48
CA-2011-116904,2011-09-23,2011,9,Sanjit Chand,Central,Office Supplies,Binders,12.94,2,0.00,6.47
CA-2011-147900,2011-09-23,2011,9,Jim Kriz,East,Office Supplies,Paper,28.80,9,0.20,10.08
CA-2011-148369,2011-09-23,2011,9,Thea Hudgings,East,Office Supplies,Binders,11.12,4,0.00,5.45
CA-2011-163559,2011-09-23,2011,9,Shui Tom,East,Office Supplies,Binders,139.44,3,0.20,47.06
CA-2011-163650,2011-09-23,2011,9,Thomas Thornton,East,Office Supplies,Art,9.84,3,0.00,2.85
CA-2011-163650,2011-09-23,2011,9,Thomas Thornton,East,Office Supplies,Binders,34.50,3,0.00,15.53
US-2011-134733,2011-09-23,2011,9,Brian Moss,West,Furniture,Bookcases,436.00,3,0.15,20.52
US-2011-134733,2011-09-23,2011,9,Brian Moss,West,Technology,Phones,83.98,2,0.20,31.49
CA-2011-123344,2011-09-24,2011,9,Julia Dunbar,West,Office Supplies,Storage,211.96,4,0.00,8.48
CA-2011-141355,2011-09-25,2011,9,Barry Franz,West,Office Supplies,Art,14.58,2,0.20,2.37
US-2011-112914,2011-09-25,2011,9,Michelle Tran,Central,Office Supplies,Paper,33.79,8,0.20,10.56
US-2011-112914,2011-09-25,2011,9,Michelle Tran,Central,Furniture,Bookcases,300.53,2,0.32,-97.23
US-2011-112914,2011-09-25,2011,9,Michelle Tran,Central,Office Supplies,Binders,2.72,2,0.80,-4.36
US-2011-112914,2011-09-25,2011,9,Michelle Tran,Central,Office Supplies,Envelopes,3.26,2,0.20,1.10
CA-2011-115049,2011-09-26,2011,9,Michael Moore,Central,Technology,Accessories,153.82,11,0.20,38.46
CA-2011-115133,2011-09-26,2011,9,Dianna Arnett,East,Office Supplies,Appliances,16.70,6,0.20,1.25
CA-2011-115133,2011-09-26,2011,9,Dianna Arnett,East,Technology,Accessories,3.15,2,0.20,0.47
CA-2011-115133,2011-09-26,2011,9,Dianna Arnett,East,Office Supplies,Paper,32.90,4,0.20,11.10
CA-2011-127586,2011-09-26,2011,9,Christopher Schild,West,Office Supplies,Storage,310.12,2,0.00,80.63
CA-2011-132451,2011-09-26,2011,9,Karen Ferguson,West,Furniture,Chairs,585.55,3,0.20,73.19
CA-2011-132451,2011-09-26,2011,9,Karen Ferguson,West,Office Supplies,Paper,19.44,3,0.00,9.33
CA-2011-144974,2011-09-26,2011,9,Craig Molinari,East,Office Supplies,Binders,5.97,5,0.70,-4.58
CA-2011-144974,2011-09-26,2011,9,Craig Molinari,East,Furniture,Furnishings,21.18,1,0.20,4.77
CA-2011-144974,2011-09-26,2011,9,Craig Molinari,East,Office Supplies,Appliances,41.38,6,0.20,3.10
CA-2011-164385,2011-09-26,2011,9,Nicole Brennan,East,Office Supplies,Appliances,143.95,3,0.20,14.40
US-2011-151925,2011-09-26,2011,9,Kean Takahito,West,Furniture,Chairs,145.57,2,0.20,0.00
US-2011-152723,2011-09-26,2011,9,Henry Goldwyn,Central,Office Supplies,Binders,0.88,1,0.80,-1.40
CA-2011-120887,2011-09-27,2011,9,Thomas Seio,East,Furniture,Furnishings,87.54,3,0.00,37.64
US-2011-133130,2011-09-27,2011,9,Thea Hendricks,West,Furniture,Chairs,603.92,5,0.20,45.29
US-2011-133130,2011-09-27,2011,9,Thea Hendricks,West,Office Supplies,Paper,81.98,2,0.00,40.17
CA-2011-107153,2011-09-28,2011,9,George Zrebassa,East,Office Supplies,Storage,46.26,3,0.00,12.49
CA-2011-114335,2011-09-28,2011,9,Xylona Preis,South,Furniture,Furnishings,337.09,4,0.20,16.85
CA-2011-125136,2011-09-28,2011,9,Keith Dawkins,South,Office Supplies,Paper,96.26,8,0.20,31.28
CA-2011-125136,2011-09-28,2011,9,Keith Dawkins,South,Office Supplies,Paper,10.69,2,0.20,3.74
CA-2011-111962,2011-09-29,2011,9,Evan Bailliet,West,Office Supplies,Binders,10.05,2,0.20,3.14
CA-2011-111962,2011-09-29,2011,9,Evan Bailliet,West,Office Supplies,Storage,807.75,5,0.00,153.47
CA-2011-122931,2011-09-29,2011,9,Suzanne McNair,East,Office Supplies,Art,4.22,3,0.20,1.48
CA-2011-122931,2011-09-29,2011,9,Suzanne McNair,East,Furniture,Tables,409.27,2,0.40,-81.85
CA-2011-122931,2011-09-29,2011,9,Suzanne McNair,East,Office Supplies,Labels,55.44,11,0.20,18.02
CA-2011-122931,2011-09-29,2011,9,Suzanne McNair,East,Office Supplies,Paper,20.93,4,0.20,6.80
CA-2011-122931,2011-09-29,2011,9,Suzanne McNair,East,Office Supplies,Storage,1801.63,6,0.20,-337.81
CA-2011-122931,2011-09-29,2011,9,Suzanne McNair,East,Furniture,Tables,67.18,1,0.40,-20.15
CA-2011-124856,2011-09-29,2011,9,Lisa DeCherney,East,Office Supplies,Storage,1395.54,9,0.00,362.84
CA-2011-124856,2011-09-29,2011,9,Lisa DeCherney,East,Furniture,Furnishings,117.36,4,0.00,36.38
CA-2011-124856,2011-09-29,2011,9,Lisa DeCherney,East,Office Supplies,Labels,18.90,3,0.00,8.69
CA-2011-124856,2011-09-29,2011,9,Lisa DeCherney,East,Office Supplies,Paper,77.52,2,0.00,37.98
CA-2011-126683,2011-09-29,2011,9,Paul Prost,West,Furniture,Furnishings,6.16,2,0.00,2.96
CA-2011-126683,2011-09-29,2011,9,Paul Prost,West,Furniture,Tables,2348.82,9,0.00,399.30
CA-2011-146969,2011-09-29,2011,9,Arthur Prichep,West,Furniture,Furnishings,204.60,2,0.00,53.20
CA-2011-146969,2011-09-29,2011,9,Arthur Prichep,West,Office Supplies,Fasteners,8.72,4,0.00,2.88
CA-2011-146969,2011-09-29,2011,9,Arthur Prichep,West,Office Supplies,Paper,6.48,1,0.00,3.11
CA-2011-146969,2011-09-29,2011,9,Arthur Prichep,West,Technology,Machines,686.32,2,0.20,223.05
CA-2011-146969,2011-09-29,2011,9,Arthur Prichep,West,Office Supplies,Storage,62.18,1,0.00,16.79
CA-2011-102008,2011-09-30,2011,9,Russell Applegate,East,Office Supplies,Paper,48.94,1,0.00,24.47
CA-2011-137351,2011-09-30,2011,9,Doug Bickford,West,Office Supplies,Binders,43.18,7,0.20,13.49
CA-2011-140886,2011-09-30,2011,9,Kelly Williams,South,Office Supplies,Appliances,69.22,6,0.20,11.25
CA-2011-141649,2011-09-30,2011,9,Dario Medina,East,Office Supplies,Appliances,795.41,6,0.20,59.66
CA-2011-159478,2011-09-30,2011,9,Maya Herman,East,Furniture,Furnishings,15.24,3,0.00,5.18
US-2011-167633,2011-09-30,2011,9,Ben Wallace,South,Office Supplies,Paper,15.55,3,0.20,5.44
US-2011-132745,2011-10-01,2011,10,Neil Französisch,West,Office Supplies,Fasteners,4.71,1,0.00,0.00
CA-2011-108189,2011-10-02,2011,10,Erin Smith,West,Office Supplies,Paper,9.41,2,0.20,3.41
CA-2011-108189,2011-10-02,2011,10,Erin Smith,West,Office Supplies,Fasteners,4.67,2,0.20,1.46
CA-2011-108189,2011-10-02,2011,10,Erin Smith,West,Technology,Phones,318.40,2,0.20,107.46
CA-2011-108189,2011-10-02,2011,10,Erin Smith,West,Office Supplies,Envelopes,12.77,6,0.20,4.63
CA-2011-108189,2011-10-02,2011,10,Erin Smith,West,Office Supplies,Supplies,15.36,2,0.20,-3.26
CA-2011-108189,2011-10-02,2011,10,Erin Smith,West,Technology,Phones,230.38,3,0.20,20.16
CA-2011-108189,2011-10-02,2011,10,Erin Smith,West,Technology,Accessories,7.16,1,0.20,-0.09
CA-2011-108903,2011-10-03,2011,10,Denny Ordway,East,Office Supplies,Art,55.98,2,0.20,4.20
CA-2011-108903,2011-10-03,2011,10,Denny Ordway,East,Office Supplies,Envelopes,14.48,5,0.20,4.89
CA-2011-108903,2011-10-03,2011,10,Denny Ordway,East,Technology,Accessories,142.49,3,0.20,-3.56
CA-2011-120775,2011-10-03,2011,10,Russell D'Ascenzo,Central,Office Supplies,Fasteners,4.34,3,0.20,0.87
CA-2011-120775,2011-10-03,2011,10,Russell D'Ascenzo,Central,Furniture,Furnishings,31.78,3,0.60,-19.07
CA-2011-120775,2011-10-03,2011,10,Russell D'Ascenzo,Central,Office Supplies,Labels,4.93,2,0.20,1.72
CA-2011-120775,2011-10-03,2011,10,Russell D'Ascenzo,Central,Office Supplies,Binders,1.79,3,0.80,-3.04
CA-2011-120775,2011-10-03,2011,10,Russell D'Ascenzo,Central,Office Supplies,Fasteners,15.07,4,0.20,-3.77
CA-2011-153976,2011-10-03,2011,10,Beth Paige,Central,Furniture,Chairs,258.28,3,0.30,-70.10
CA-2011-157882,2011-10-03,2011,10,Allen Rosenblatt,West,Furniture,Tables,143.43,1,0.20,3.59
CA-2011-157882,2011-10-03,2011,10,Allen Rosenblatt,West,Furniture,Chairs,122.35,3,0.20,13.76
US-2011-155817,2011-10-03,2011,10,Sara Luxemburg,South,Office Supplies,Storage,61.57,2,0.20,4.62
US-2011-155817,2011-10-03,2011,10,Sara Luxemburg,South,Office Supplies,Art,6.19,3,0.20,0.46
CA-2011-102085,2011-10-04,2011,10,Joy Daniels,West,Office Supplies,Labels,29.24,4,0.00,13.74
CA-2011-153479,2011-10-04,2011,10,David Flashing,West,Office Supplies,Labels,14.45,5,0.00,6.79
CA-2011-153479,2011-10-04,2011,10,David Flashing,West,Office Supplies,Binders,95.65,2,0.20,31.09
CA-2011-166891,2011-10-04,2011,10,Chris Cortes,East,Furniture,Chairs,589.41,5,0.10,-6.55
CA-2011-152233,2011-10-05,2011,10,Keith Herrera,West,Technology,Accessories,99.98,2,0.00,34.99
CA-2011-152422,2011-10-05,2011,10,Brian Derr,East,Office Supplies,Appliances,91.92,5,0.20,11.49
CA-2011-109680,2011-10-06,2011,10,Victoria Pisteka,Central,Office Supplies,Storage,386.34,2,0.00,54.09
CA-2011-110611,2011-10-06,2011,10,Joy Daniels,East,Office Supplies,Storage,83.92,5,0.20,-13.64
CA-2011-132542,2011-10-06,2011,10,Alice McCarthy,Central,Office Supplies,Binders,15.36,2,0.00,7.68
CA-2011-134677,2011-10-06,2011,10,Xylona Preis,West,Technology,Accessories,9.09,3,0.00,1.91
CA-2011-117429,2011-10-07,2011,10,Mathew Reese,East,Furniture,Furnishings,129.92,5,0.20,21.11
CA-2011-132801,2011-10-07,2011,10,John Grady,Central,Office Supplies,Storage,107.44,10,0.20,10.74
CA-2011-119977,2011-10-08,2011,10,Duane Noonan,East,Office Supplies,Paper,123.92,4,0.00,55.76
CA-2011-142951,2011-10-08,2011,10,Jack Garza,South,Technology,Accessories,23.47,3,0.20,4.99
CA-2011-137911,2011-10-09,2011,10,Bart Pistole,South,Office Supplies,Paper,88.77,2,0.20,31.07
CA-2011-138240,2011-10-09,2011,10,Shirley Jackson,West,Office Supplies,Art,144.60,3,0.00,41.93
CA-2011-138240,2011-10-09,2011,10,Shirley Jackson,West,Technology,Phones,15.99,1,0.20,-3.00
CA-2011-103492,2011-10-10,2011,10,Craig Molinari,Central,Technology,Phones,719.95,6,0.20,72.00
CA-2011-103492,2011-10-10,2011,10,Craig Molinari,Central,Technology,Phones,755.94,7,0.20,66.15
CA-2011-103492,2011-10-10,2011,10,Craig Molinari,Central,Office Supplies,Binders,11.98,5,0.80,-19.17
CA-2011-103492,2011-10-10,2011,10,Craig Molinari,Central,Office Supplies,Binders,0.90,1,0.80,-1.57
CA-2011-140403,2011-10-10,2011,10,Tanja Norvell,West,Furniture,Chairs,122.35,3,0.20,13.76
CA-2011-140403,2011-10-10,2011,10,Tanja Norvell,West,Office Supplies,Envelopes,15.28,2,0.00,7.49
CA-2011-150329,2011-10-10,2011,10,Shirley Daniels,West,Furniture,Furnishings,46.87,7,0.20,3.52
US-2011-105137,2011-10-10,2011,10,Richard Bierner,East,Technology,Machines,101.99,2,0.70,-71.40
US-2011-105137,2011-10-10,2011,10,Richard Bierner,East,Office Supplies,Binders,18.26,2,0.70,-13.39
US-2011-134054,2011-10-10,2011,10,Fred Chung,West,Office Supplies,Art,255.85,7,0.00,112.57
CA-2011-114314,2011-10-11,2011,10,Dorothy Badders,South,Office Supplies,Labels,7.31,1,0.00,3.44
CA-2011-114314,2011-10-11,2011,10,Dorothy Badders,South,Furniture,Furnishings,8.92,4,0.00,3.92
CA-2011-116834,2011-10-11,2011,10,Dean percer,West,Furniture,Furnishings,63.47,11,0.00,19.04
CA-2011-116834,2011-10-11,2011,10,Dean percer,West,Technology,Accessories,345.00,5,0.00,58.65
CA-2011-128538,2011-10-11,2011,10,Alan Shonely,West,Office Supplies,Envelopes,7.64,1,0.00,3.74
CA-2011-157924,2011-10-11,2011,10,Helen Andreada,West,Office Supplies,Storage,31.92,4,0.00,8.30
CA-2011-157924,2011-10-11,2011,10,Helen Andreada,West,Furniture,Chairs,433.57,2,0.20,-65.04
US-2011-126571,2011-10-11,2011,10,Jill Fjeld,East,Office Supplies,Storage,281.90,2,0.20,10.57
US-2011-126571,2011-10-11,2011,10,Jill Fjeld,East,Office Supplies,Envelopes,201.43,3,0.20,67.98
CA-2011-139451,2011-10-12,2011,10,Duane Noonan,West,Office Supplies,Art,14.90,5,0.00,4.17
CA-2011-139451,2011-10-12,2011,10,Duane Noonan,West,Office Supplies,Storage,21.39,1,0.00,6.20
US-2011-154655,2011-10-12,2011,10,Barry Pond,Central,Office Supplies,Supplies,22.24,2,0.20,2.50
CA-2011-123316,2011-10-13,2011,10,Sibella Parks,East,Office Supplies,Binders,7.75,3,0.20,2.81
CA-2011-132010,2011-10-13,2011,10,Michelle Arnett,South,Office Supplies,Envelopes,36.40,5,0.00,17.47
CA-2011-132010,2011-10-13,2011,10,Michelle Arnett,South,Technology,Accessories,22.96,2,0.00,4.36
CA-2011-132010,2011-10-13,2011,10,Michelle Arnett,South,Office Supplies,Storage,315.20,4,0.00,6.30
CA-2011-132010,2011-10-13,2011,10,Michelle Arnett,South,Office Supplies,Binders,15.18,3,0.00,7.13
CA-2011-151995,2011-10-13,2011,10,Zuschuss Carroll,West,Office Supplies,Art,11.52,4,0.00,3.23
CA-2011-151995,2011-10-13,2011,10,Zuschuss Carroll,West,Furniture,Tables,1298.55,5,0.00,311.65
CA-2011-151995,2011-10-13,2011,10,Zuschuss Carroll,West,Office Supplies,Appliances,213.92,4,0.00,62.04
CA-2011-151995,2011-10-13,2011,10,Zuschuss Carroll,West,Technology,Accessories,25.78,2,0.00,2.58
CA-2011-164742,2011-10-13,2011,10,Marina Lichtenstein,East,Furniture,Chairs,245.98,2,0.00,27.06
CA-2011-164742,2011-10-13,2011,10,Marina Lichtenstein,East,Office Supplies,Binders,18.94,1,0.00,9.47
CA-2011-151330,2011-10-14,2011,10,Toby Carlisle,East,Technology,Accessories,177.00,3,0.00,30.09
CA-2011-151330,2011-10-14,2011,10,Toby Carlisle,East,Office Supplies,Storage,79.45,7,0.00,22.25
CA-2011-151330,2011-10-14,2011,10,Toby Carlisle,East,Furniture,Chairs,1628.82,9,0.00,260.61
CA-2011-163748,2011-10-14,2011,10,Hunter Glantz,Central,Office Supplies,Appliances,3.16,4,0.80,-8.53
CA-2011-163748,2011-10-14,2011,10,Hunter Glantz,Central,Technology,Copiers,1999.96,5,0.20,624.99
US-2011-146353,2011-10-14,2011,10,Jim Epp,East,Office Supplies,Binders,22.92,4,0.00,11.00
US-2011-146353,2011-10-14,2011,10,Jim Epp,East,Office Supplies,Storage,269.90,5,0.00,16.19
US-2011-151015,2011-10-14,2011,10,Bradley Drucker,Central,Office Supplies,Paper,322.19,13,0.20,100.69
US-2011-151015,2011-10-14,2011,10,Bradley Drucker,Central,Office Supplies,Binders,2.95,3,0.80,-4.86
US-2011-151015,2011-10-14,2011,10,Bradley Drucker,Central,Office Supplies,Paper,19.14,4,0.20,6.94
CA-2011-143182,2011-10-15,2011,10,Dan Lawera,South,Furniture,Furnishings,15.38,1,0.20,4.04
US-2011-122021,2011-10-15,2011,10,Anna Chung,East,Furniture,Chairs,183.37,2,0.30,-7.86
US-2011-122021,2011-10-15,2011,10,Anna Chung,East,Office Supplies,Paper,7.97,2,0.20,2.89
US-2011-109456,2011-10-16,2011,10,Lynn Smith,West,Office Supplies,Binders,14.35,3,0.20,5.02
US-2011-109456,2011-10-16,2011,10,Lynn Smith,West,Technology,Accessories,179.97,3,0.00,86.39
CA-2011-103086,2011-10-17,2011,10,Evan Bailliet,Central,Furniture,Furnishings,5.31,2,0.60,-1.59
CA-2011-124394,2011-10-17,2011,10,Tracy Blumstein,Central,Office Supplies,Binders,10.78,5,0.80,-17.25
CA-2011-124394,2011-10-17,2011,10,Tracy Blumstein,Central,Technology,Accessories,119.98,3,0.20,-18.00
CA-2011-110408,2011-10-18,2011,10,Alan Schoenberger,South,Office Supplies,Storage,275.97,3,0.00,11.04
CA-2011-110408,2011-10-18,2011,10,Alan Schoenberger,South,Technology,Phones,1394.95,5,0.00,362.69
CA-2011-110408,2011-10-18,2011,10,Alan Schoenberger,South,Furniture,Chairs,545.88,6,0.00,70.96
CA-2011-115084,2011-10-18,2011,10,Luke Schmidt,South,Furniture,Chairs,605.34,6,0.00,145.28
CA-2011-138450,2011-10-18,2011,10,Edward Hooks,East,Office Supplies,Envelopes,52.51,6,0.20,19.69
CA-2011-138450,2011-10-18,2011,10,Edward Hooks,East,Office Supplies,Storage,186.91,6,0.20,-35.05
CA-2011-138450,2011-10-18,2011,10,Edward Hooks,East,Office Supplies,Paper,10.05,4,0.20,3.14
CA-2011-143168,2011-10-18,2011,10,Ivan Gibson,West,Office Supplies,Paper,61.96,2,0.00,27.88
CA-2011-143168,2011-10-18,2011,10,Ivan Gibson,West,Office Supplies,Binders,1.34,1,0.20,0.47
CA-2011-100867,2011-10-19,2011,10,Eugene Hildebrand,West,Technology,Phones,321.55,6,0.20,20.10
CA-2011-117317,2011-10-19,2011,10,Jeremy Farry,West,Office Supplies,Paper,13.44,3,0.00,6.59
CA-2011-155264,2011-10-19,2011,10,Rachel Payne,West,Office Supplies,Binders,2.99,1,0.20,1.12
CA-2011-155264,2011-10-19,2011,10,Rachel Payne,West,Office Supplies,Binders,20.06,6,0.20,7.02
CA-2011-155264,2011-10-19,2011,10,Rachel Payne,West,Office Supplies,Paper,146.73,3,0.00,68.96
CA-2011-155264,2011-10-19,2011,10,Rachel Payne,West,Office Supplies,Labels,18.75,5,0.00,9.00
CA-2011-155264,2011-10-19,2011,10,Rachel Payne,West,Technology,Phones,117.58,3,0.20,11.76
CA-2011-137092,2011-10-20,2011,10,Lindsay Shagiari,Central,Technology,Accessories,319.97,4,0.20,71.99
CA-2011-137092,2011-10-20,2011,10,Lindsay Shagiari,Central,Office Supplies,Storage,505.32,3,0.20,31.58
CA-2011-137092,2011-10-20,2011,10,Lindsay Shagiari,Central,Office Supplies,Paper,3.81,1,0.20,1.24
CA-2011-137092,2011-10-20,2011,10,Lindsay Shagiari,Central,Office Supplies,Binders,8.68,1,0.80,-14.76
CA-2011-137092,2011-10-20,2011,10,Lindsay Shagiari,Central,Office Supplies,Labels,24.42,1,0.20,7.94
CA-2011-146703,2011-10-20,2011,10,Patrick O'Donnell,Central,Office Supplies,Storage,211.96,4,0.00,8.48
CA-2011-169684,2011-10-20,2011,10,Fred Hopkins,South,Furniture,Tables,328.59,3,0.40,-147.87
CA-2011-169684,2011-10-20,2011,10,Fred Hopkins,South,Office Supplies,Storage,98.35,3,0.20,-24.59
CA-2011-100916,2011-10-21,2011,10,Frank Hawley,South,Office Supplies,Storage,194.70,5,0.00,9.74
CA-2011-100916,2011-10-21,2011,10,Frank Hawley,South,Furniture,Tables,591.32,4,0.00,112.35
CA-2011-100916,2011-10-21,2011,10,Frank Hawley,South,Office Supplies,Art,2.84,1,0.00,0.88
CA-2011-142587,2011-10-21,2011,10,Tracy Blumstein,East,Office Supplies,Appliances,121.79,4,0.20,13.70
CA-2011-142587,2011-10-21,2011,10,Tracy Blumstein,East,Furniture,Tables,409.59,3,0.40,-122.88
CA-2011-169852,2011-10-21,2011,10,Sylvia Foulston,West,Office Supplies,Binders,36.36,3,0.20,12.27
CA-2011-110072,2011-10-22,2011,10,Maureen Gastineau,East,Furniture,Furnishings,93.89,4,0.20,12.91
CA-2011-151967,2011-10-22,2011,10,Nicole Brennan,South,Furniture,Furnishings,129.92,4,0.00,10.39
CA-2011-108707,2011-10-24,2011,10,Daniel Byrd,South,Office Supplies,Paper,10.37,2,0.20,3.63
CA-2011-113047,2011-10-24,2011,10,Arthur Prichep,South,Office Supplies,Fasteners,11.85,3,0.00,3.79
CA-2011-130729,2011-10-24,2011,10,Allen Armold,West,Office Supplies,Binders,34.27,3,0.20,11.14
CA-2011-139542,2011-10-25,2011,10,Evan Henry,East,Technology,Accessories,40.78,3,0.20,0.51
CA-2011-139542,2011-10-25,2011,10,Evan Henry,East,Office Supplies,Binders,13.70,3,0.70,-9.59
US-2011-158400,2011-10-25,2011,10,Aaron Hawkins,West,Office Supplies,Binders,49.41,4,0.20,18.53
CA-2011-162278,2011-10-26,2011,10,Angele Hood,West,Furniture,Furnishings,63.92,4,0.00,3.20
CA-2011-162278,2011-10-26,2011,10,Angele Hood,West,Technology,Phones,383.96,5,0.20,38.40
CA-2011-148285,2011-10-27,2011,10,Ross DeVincentis,South,Office Supplies,Paper,10.37,2,0.20,3.63
CA-2011-148285,2011-10-27,2011,10,Ross DeVincentis,South,Office Supplies,Paper,11.95,3,0.20,4.03
CA-2011-101931,2011-10-28,2011,10,Todd Sumrall,West,Office Supplies,Binders,7.18,2,0.20,2.25
CA-2011-101931,2011-10-28,2011,10,Todd Sumrall,West,Office Supplies,Supplies,6.28,2,0.00,0.06
CA-2011-101931,2011-10-28,2011,10,Todd Sumrall,West,Office Supplies,Supplies,480.74,2,0.00,14.42
CA-2011-101931,2011-10-28,2011,10,Todd Sumrall,West,Furniture,Bookcases,617.00,6,0.15,-36.29
CA-2011-101931,2011-10-28,2011,10,Todd Sumrall,West,Office Supplies,Storage,141.40,5,0.00,38.18
CA-2011-107769,2011-10-28,2011,10,Bill Tyler,Central,Technology,Phones,257.98,2,0.00,74.81
CA-2011-154627,2011-10-29,2011,10,Sue Ann Reed,Central,Technology,Phones,2735.95,6,0.20,341.99
CA-2011-166590,2011-10-29,2011,10,Noah Childs,Central,Technology,Accessories,1.98,2,0.00,0.89
CA-2011-166590,2011-10-29,2011,10,Noah Childs,Central,Office Supplies,Paper,75.88,2,0.00,35.66
CA-2011-106439,2011-10-31,2011,10,Greg Guthrie,West,Office Supplies,Fasteners,11.34,3,0.00,5.22
CA-2011-106439,2011-10-31,2011,10,Greg Guthrie,West,Office Supplies,Storage,80.30,5,0.00,20.88
CA-2011-106439,2011-10-31,2011,10,Greg Guthrie,West,Office Supplies,Binders,15.97,2,0.20,5.39
CA-2011-106439,2011-10-31,2011,10,Greg Guthrie,West,Office Supplies,Paper,64.74,13,0.00,30.43
CA-2011-106439,2011-10-31,2011,10,Greg Guthrie,West,Office Supplies,Binders,19.30,3,0.20,6.03
CA-2011-106439,2011-10-31,2011,10,Greg Guthrie,West,Office Supplies,Storage,405.64,4,0.00,12.17
CA-2011-106439,2011-10-31,2011,10,Greg Guthrie,West,Furniture,Chairs,146.35,3,0.20,-9.15
CA-2011-106439,2011-10-31,2011,10,Greg Guthrie,West,Technology,Accessories,251.91,9,0.00,47.86
CA-2011-106439,2011-10-31,2011,10,Greg Guthrie,West,Office Supplies,Art,12.39,3,0.00,3.72
CA-2011-108609,2011-10-31,2011,10,Anthony Jacobs,East,Furniture,Tables,1421.66,8,0.40,-734.53
CA-2011-145387,2011-10-31,2011,10,Anne McFarland,East,Office Supplies,Art,49.25,5,0.00,18.72
CA-2011-145387,2011-10-31,2011,10,Anne McFarland,East,Office Supplies,Paper,10.16,2,0.00,4.78
CA-2011-145387,2011-10-31,2011,10,Anne McFarland,East,Furniture,Furnishings,14.76,2,0.00,4.28
CA-2011-145387,2011-10-31,2011,10,Anne McFarland,East,Office Supplies,Binders,34.08,2,0.00,15.68
CA-2011-145387,2011-10-31,2011,10,Anne McFarland,East,Furniture,Furnishings,17.67,3,0.00,7.77
CA-2011-145387,2011-10-31,2011,10,Anne McFarland,East,Furniture,Chairs,1604.90,5,0.00,481.47
CA-2011-145387,2011-10-31,2011,10,Anne McFarland,East,Furniture,Tables,385.69,1,0.30,-60.61
US-2011-120313,2011-10-31,2011,10,Nancy Lomonaco,West,Technology,Phones,73.58,2,0.20,8.28
US-2011-167262,2011-10-31,2011,10,Amy Cox,West,Technology,Phones,742.34,8,0.20,83.51
CA-2011-102673,2011-11-01,2011,11,Ken Heidel,South,Office Supplies,Fasteners,7.52,5,0.20,1.41
CA-2011-102673,2011-11-01,2011,11,Ken Heidel,South,Office Supplies,Art,10.27,3,0.20,0.90
CA-2011-102673,2011-11-01,2011,11,Ken Heidel,South,Office Supplies,Labels,47.81,12,0.20,15.54
CA-2011-102673,2011-11-01,2011,11,Ken Heidel,South,Technology,Phones,978.84,9,0.20,110.12
CA-2011-114195,2011-11-01,2011,11,Erin Ashbrook,East,Furniture,Furnishings,68.70,2,0.20,16.32
CA-2011-114195,2011-11-01,2011,11,Erin Ashbrook,East,Office Supplies,Binders,3.13,2,0.70,-2.61
CA-2011-114195,2011-11-01,2011,11,Erin Ashbrook,East,Office Supplies,Binders,22.43,3,0.70,-17.94
CA-2011-126907,2011-11-01,2011,11,Suzanne McNair,Central,Office Supplies,Paper,15.70,3,0.20,5.10
CA-2011-134313,2011-11-01,2011,11,Russell Applegate,West,Office Supplies,Art,43.18,3,0.20,4.32
CA-2011-134313,2011-11-01,2011,11,Russell Applegate,West,Technology,Phones,1983.97,4,0.20,248.00
CA-2011-139423,2011-11-01,2011,11,Deirdre Greer,East,Office Supplies,Appliances,76.12,2,0.00,22.07
CA-2011-148915,2011-11-01,2011,11,Natalie DeCherney,West,Office Supplies,Storage,443.92,5,0.20,-94.33
CA-2011-148915,2011-11-01,2011,11,Natalie DeCherney,West,Technology,Phones,155.98,3,0.20,54.59
CA-2011-152562,2011-11-01,2011,11,Jack O'Briant,South,Office Supplies,Storage,69.52,2,0.00,19.47
CA-2011-152562,2011-11-01,2011,11,Jack O'Briant,South,Office Supplies,Art,5.64,3,0.00,1.64
CA-2011-168305,2011-11-01,2011,11,Paul Lucas,West,Office Supplies,Labels,44.40,3,0.00,22.20
CA-2011-168305,2011-11-01,2011,11,Paul Lucas,West,Office Supplies,Paper,21.40,5,0.00,9.63
US-2011-137155,2011-11-01,2011,11,Daniel Lacy,East,Office Supplies,Appliances,533.94,3,0.00,154.84
US-2011-137155,2011-11-01,2011,11,Daniel Lacy,East,Office Supplies,Paper,167.94,3,0.00,82.29
US-2011-137155,2011-11-01,2011,11,Daniel Lacy,East,Furniture,Furnishings,31.68,6,0.00,9.82
CA-2011-107454,2011-11-02,2011,11,Roger Demir,East,Office Supplies,Labels,34.86,7,0.00,16.04
CA-2011-107454,2011-11-02,2011,11,Roger Demir,East,Furniture,Furnishings,89.34,6,0.00,24.12
CA-2011-115889,2011-11-02,2011,11,Shahid Hopkins,West,Technology,Phones,46.38,2,0.20,5.22
CA-2011-115889,2011-11-02,2011,11,Shahid Hopkins,West,Office Supplies,Storage,362.92,2,0.00,105.25
CA-2011-120670,2011-11-02,2011,11,Julie Kriz,South,Technology,Accessories,799.92,10,0.20,239.98
CA-2011-129147,2011-11-02,2011,11,Liz Carlisle,East,Technology,Phones,539.96,6,0.40,-107.99
CA-2011-129147,2011-11-02,2011,11,Liz Carlisle,East,Technology,Phones,50.23,7,0.40,-10.05
CA-2011-129147,2011-11-02,2011,11,Liz Carlisle,East,Office Supplies,Binders,19.24,3,0.70,-13.47
CA-2011-134726,2011-11-02,2011,11,Steven Ward,West,Technology,Accessories,41.94,2,0.00,15.10
CA-2011-134726,2011-11-02,2011,11,Steven Ward,West,Technology,Phones,52.79,1,0.20,4.62
CA-2011-148782,2011-11-02,2011,11,Patrick O'Brill,Central,Technology,Phones,88.78,3,0.20,7.77
CA-2011-119529,2011-11-03,2011,11,Denise Monton,East,Office Supplies,Binders,5.76,2,0.00,2.82
CA-2011-121573,2011-11-03,2011,11,Speros Goranitis,East,Technology,Phones,783.96,4,0.00,219.51
CA-2011-121573,2011-11-03,2011,11,Speros Goranitis,East,Office Supplies,Binders,48.90,2,0.20,18.34
CA-2011-121573,2011-11-03,2011,11,Speros Goranitis,East,Office Supplies,Binders,7.86,2,0.20,2.85
CA-2011-137589,2011-11-03,2011,11,Maxwell Schwartz,East,Office Supplies,Supplies,286.34,3,0.20,-64.43
CA-2011-146731,2011-11-03,2011,11,Annie Thurman,South,Office Supplies,Paper,3.49,2,0.20,1.18
CA-2011-146731,2011-11-03,2011,11,Annie Thurman,South,Office Supplies,Paper,143.86,9,0.20,48.55
CA-2011-153619,2011-11-03,2011,11,Tracy Collins,West,Office Supplies,Art,6.72,4,0.00,3.36
CA-2011-155593,2011-11-03,2011,11,Resi Pölking,East,Office Supplies,Supplies,11.64,3,0.00,3.38
CA-2011-165764,2011-11-03,2011,11,Shahid Hopkins,South,Office Supplies,Storage,25.98,2,0.20,-1.62
CA-2011-165764,2011-11-03,2011,11,Shahid Hopkins,South,Furniture,Tables,945.04,6,0.40,-299.26
CA-2011-165764,2011-11-03,2011,11,Shahid Hopkins,South,Office Supplies,Binders,14.30,7,0.70,-10.49
CA-2011-165764,2011-11-03,2011,11,Shahid Hopkins,South,Furniture,Furnishings,410.35,3,0.20,-51.29
US-2011-124625,2011-11-03,2011,11,Stephanie Phelps,Central,Technology,Accessories,89.97,3,0.00,18.89
CA-2011-121286,2011-11-04,2011,11,Odella Nelson,South,Office Supplies,Fasteners,8.38,3,0.20,2.72
CA-2011-121286,2011-11-04,2011,11,Odella Nelson,South,Office Supplies,Appliances,58.24,5,0.20,5.10
CA-2011-125829,2011-11-04,2011,11,William Brown,West,Technology,Phones,666.34,7,0.20,66.63
CA-2011-125829,2011-11-04,2011,11,William Brown,West,Furniture,Tables,573.73,4,0.20,-64.54
CA-2011-125829,2011-11-04,2011,11,William Brown,West,Office Supplies,Binders,21.94,3,0.20,8.23
CA-2011-125829,2011-11-04,2011,11,William Brown,West,Office Supplies,Paper,19.44,3,0.00,9.33
CA-2011-125829,2011-11-04,2011,11,William Brown,West,Technology,Machines,447.97,4,0.20,139.99
CA-2011-132227,2011-11-04,2011,11,Sam Zeldin,East,Office Supplies,Binders,52.06,4,0.20,18.87
CA-2011-149244,2011-11-04,2011,11,MaryBeth Skach,West,Furniture,Furnishings,35.34,2,0.00,13.43
CA-2011-164973,2011-11-04,2011,11,Nathan Mautz,East,Furniture,Chairs,135.88,1,0.10,24.16
CA-2011-164973,2011-11-04,2011,11,Nathan Mautz,East,Technology,Machines,3991.98,2,0.00,1995.99
CA-2011-164973,2011-11-04,2011,11,Nathan Mautz,East,Technology,Phones,275.94,6,0.00,80.02
CA-2011-164973,2011-11-04,2011,11,Nathan Mautz,East,Technology,Accessories,360.00,4,0.00,129.60
CA-2011-164973,2011-11-04,2011,11,Nathan Mautz,East,Office Supplies,Storage,43.57,1,0.00,13.07
US-2011-134187,2011-11-04,2011,11,Tiffany House,West,Office Supplies,Art,2.94,1,0.00,0.79
CA-2011-109134,2011-11-05,2011,11,Deanra Eno,West,Furniture,Furnishings,20.04,6,0.00,8.82
CA-2011-114251,2011-11-05,2011,11,Maribeth Dona,East,Furniture,Furnishings,273.57,2,0.20,-34.20
CA-2011-114251,2011-11-05,2011,11,Maribeth Dona,East,Office Supplies,Binders,13.19,2,0.70,-8.80
CA-2011-114251,2011-11-05,2011,11,Maribeth Dona,East,Office Supplies,Storage,1080.10,6,0.20,-94.51
CA-2011-114251,2011-11-05,2011,11,Maribeth Dona,East,Technology,Accessories,51.56,5,0.20,-6.45
CA-2011-114251,2011-11-05,2011,11,Maribeth Dona,East,Technology,Accessories,58.42,2,0.20,16.79
CA-2011-133634,2011-11-05,2011,11,Steven Roelle,South,Technology,Accessories,47.79,3,0.00,16.25
US-2011-114377,2011-11-05,2011,11,Barry Gonzalez,South,Furniture,Chairs,149.90,5,0.00,40.47
CA-2011-120950,2011-11-06,2011,11,George Ashbrook,South,Office Supplies,Paper,43.68,6,0.00,20.97
CA-2011-120278,2011-11-07,2011,11,Maribeth Schnelling,Central,Office Supplies,Appliances,245.88,6,0.00,68.85
CA-2011-120278,2011-11-07,2011,11,Maribeth Schnelling,Central,Office Supplies,Storage,36.63,3,0.00,9.89
CA-2011-120278,2011-11-07,2011,11,Maribeth Schnelling,Central,Office Supplies,Storage,22.58,2,0.00,5.87
CA-2011-120278,2011-11-07,2011,11,Maribeth Schnelling,Central,Office Supplies,Binders,12.39,3,0.00,5.82
CA-2011-123323,2011-11-07,2011,11,Lena Hernandez,West,Office Supplies,Binders,123.14,7,0.20,46.18
CA-2011-123498,2011-11-07,2011,11,Tamara Chand,Central,Office Supplies,Binders,26.05,3,0.80,-44.28
CA-2011-123498,2011-11-07,2011,11,Tamara Chand,Central,Office Supplies,Envelopes,74.35,3,0.20,26.95
CA-2011-146990,2011-11-07,2011,11,Bart Pistole,East,Office Supplies,Fasteners,5.92,4,0.00,2.84
CA-2011-146990,2011-11-07,2011,11,Bart Pistole,East,Office Supplies,Paper,30.18,3,0.00,13.88
CA-2011-159310,2011-11-07,2011,11,Steven Cartwright,Central,Furniture,Chairs,683.14,4,0.30,0.00
CA-2011-159310,2011-11-07,2011,11,Steven Cartwright,Central,Office Supplies,Binders,1.48,3,0.80,-2.21
CA-2011-159310,2011-11-07,2011,11,Steven Cartwright,Central,Office Supplies,Supplies,40.71,7,0.20,3.56
US-2011-139640,2011-11-07,2011,11,Troy Blackwell,West,Office Supplies,Paper,25.92,5,0.20,9.07
US-2011-139640,2011-11-07,2011,11,Troy Blackwell,West,Office Supplies,Art,120.77,4,0.20,9.06
US-2011-126340,2011-11-08,2011,11,Emily Burns,West,Technology,Phones,333.58,3,0.20,25.02
CA-2011-103219,2011-11-09,2011,11,Benjamin Farhat,East,Furniture,Furnishings,56.52,9,0.00,21.48
CA-2011-144666,2011-11-09,2011,11,Jeremy Pistek,West,Office Supplies,Storage,340.92,3,0.00,3.41
CA-2011-144666,2011-11-09,2011,11,Jeremy Pistek,West,Furniture,Bookcases,222.67,2,0.15,10.48
CA-2011-144666,2011-11-09,2011,11,Jeremy Pistek,West,Technology,Phones,703.97,4,0.20,88.00
CA-2011-144666,2011-11-09,2011,11,Jeremy Pistek,West,Office Supplies,Storage,92.52,6,0.00,24.98
CA-2011-144666,2011-11-09,2011,11,Jeremy Pistek,West,Office Supplies,Paper,62.65,7,0.00,28.82
CA-2011-144666,2011-11-09,2011,11,Jeremy Pistek,West,Office Supplies,Paper,94.85,5,0.00,45.53
CA-2011-121006,2011-11-10,2011,11,Sam Craven,Central,Office Supplies,Art,3.90,2,0.00,1.52
CA-2011-121006,2011-11-10,2011,11,Sam Craven,Central,Office Supplies,Paper,12.84,3,0.00,5.78
CA-2011-121006,2011-11-10,2011,11,Sam Craven,Central,Office Supplies,Paper,15.84,3,0.00,7.13
CA-2011-121006,2011-11-10,2011,11,Sam Craven,Central,Furniture,Chairs,563.94,3,0.00,112.79
CA-2011-121006,2011-11-10,2011,11,Sam Craven,Central,Office Supplies,Storage,62.94,3,0.00,11.96
CA-2011-121006,2011-11-10,2011,11,Sam Craven,Central,Office Supplies,Storage,535.41,3,0.00,160.62
CA-2011-158372,2011-11-10,2011,11,Ruben Dartt,West,Technology,Phones,601.54,8,0.20,60.15
CA-2011-158372,2011-11-10,2011,11,Ruben Dartt,West,Technology,Accessories,10.99,1,0.00,4.29
CA-2011-158372,2011-11-10,2011,11,Ruben Dartt,West,Furniture,Furnishings,39.88,2,0.00,11.17
CA-2011-158372,2011-11-10,2011,11,Ruben Dartt,West,Office Supplies,Paper,62.24,8,0.00,28.01
CA-2011-158372,2011-11-10,2011,11,Ruben Dartt,West,Furniture,Furnishings,53.20,5,0.00,14.90
CA-2011-158372,2011-11-10,2011,11,Ruben Dartt,West,Office Supplies,Labels,39.84,8,0.00,18.33
CA-2011-105270,2011-11-11,2011,11,Arthur Prichep,West,Office Supplies,Art,30.48,3,0.00,7.92
CA-2011-105270,2011-11-11,2011,11,Arthur Prichep,West,Furniture,Chairs,112.65,1,0.20,11.26
CA-2011-105893,2011-11-11,2011,11,Pete Kriz,Central,Office Supplies,Storage,665.88,6,0.00,13.32
CA-2011-128524,2011-11-11,2011,11,Mary Zewe,West,Office Supplies,Appliances,22.98,1,0.00,6.89
CA-2011-128524,2011-11-11,2011,11,Mary Zewe,West,Technology,Accessories,102.13,7,0.00,15.32
CA-2011-128524,2011-11-11,2011,11,Mary Zewe,West,Office Supplies,Binders,2033.58,2,0.20,762.59
CA-2011-140732,2011-11-11,2011,11,Matt Abelman,West,Technology,Phones,575.93,9,0.20,57.59
CA-2011-140732,2011-11-11,2011,11,Matt Abelman,West,Office Supplies,Appliances,7.78,2,0.00,2.02
CA-2011-140732,2011-11-11,2011,11,Matt Abelman,West,Office Supplies,Paper,123.92,4,0.00,55.76
CA-2011-155796,2011-11-11,2011,11,Tom Stivers,East,Furniture,Furnishings,23.97,2,0.20,7.79
CA-2011-155796,2011-11-11,2011,11,Tom Stivers,East,Furniture,Bookcases,521.96,4,0.50,-250.54
CA-2011-163419,2011-11-11,2011,11,Tracy Zic,West,Office Supplies,Art,3.39,1,0.20,0.81
CA-2011-163419,2011-11-11,2011,11,Tracy Zic,West,Technology,Phones,559.98,2,0.20,56.00
CA-2011-163419,2011-11-11,2011,11,Tracy Zic,West,Furniture,Chairs,603.92,5,0.20,75.49
CA-2011-165309,2011-11-11,2011,11,Karen Daniels,Central,Office Supplies,Binders,896.99,5,0.80,-1480.03
CA-2011-165309,2011-11-11,2011,11,Karen Daniels,Central,Office Supplies,Binders,1.23,1,0.80,-1.97
CA-2011-165309,2011-11-11,2011,11,Karen Daniels,Central,Office Supplies,Art,67.56,3,0.20,6.76
CA-2011-165309,2011-11-11,2011,11,Karen Daniels,Central,Office Supplies,Paper,21.72,5,0.20,7.87
CA-2011-165309,2011-11-11,2011,11,Karen Daniels,Central,Office Supplies,Paper,262.34,8,0.20,95.10
CA-2011-165309,2011-11-11,2011,11,Karen Daniels,Central,Technology,Phones,148.48,2,0.20,16.70
CA-2011-165309,2011-11-11,2011,11,Karen Daniels,Central,Technology,Phones,241.18,3,0.20,15.07
US-2011-140914,2011-11-11,2011,11,Brosina Hoffman,Central,Furniture,Furnishings,10.98,2,0.60,-7.96
US-2011-140914,2011-11-11,2011,11,Brosina Hoffman,Central,Furniture,Chairs,797.94,4,0.30,-57.00
US-2011-143287,2011-11-11,2011,11,Kristina Nunn,East,Office Supplies,Paper,46.35,5,0.00,21.78
US-2011-143287,2011-11-11,2011,11,Kristina Nunn,East,Office Supplies,Paper,223.92,4,0.00,109.72
US-2011-143287,2011-11-11,2011,11,Kristina Nunn,East,Office Supplies,Supplies,7.30,2,0.00,2.19
CA-2011-122609,2011-11-12,2011,11,Darren Powers,Central,Furniture,Furnishings,25.13,3,0.60,-6.91
CA-2011-122609,2011-11-12,2011,11,Darren Powers,Central,Technology,Accessories,127.98,2,0.20,25.60
CA-2011-151078,2011-11-12,2011,11,Roy Französisch,Central,Office Supplies,Storage,49.63,4,0.20,4.96
CA-2011-151295,2011-11-12,2011,11,Joseph Airdo,West,Office Supplies,Paper,11.96,2,0.00,5.86
CA-2011-151295,2011-11-12,2011,11,Joseph Airdo,West,Furniture,Tables,629.06,3,0.20,31.45
CA-2011-164910,2011-11-12,2011,11,Denise Monton,South,Office Supplies,Art,7.87,3,0.20,0.89
US-2011-159618,2011-11-12,2011,11,Darren Budd,Central,Office Supplies,Art,2.67,1,0.20,0.33
US-2011-159618,2011-11-12,2011,11,Darren Budd,Central,Office Supplies,Supplies,16.66,6,0.20,-3.12
US-2011-159618,2011-11-12,2011,11,Darren Budd,Central,Technology,Accessories,79.51,3,0.20,20.87
US-2011-159618,2011-11-12,2011,11,Darren Budd,Central,Office Supplies,Paper,36.29,7,0.20,12.70
US-2011-159618,2011-11-12,2011,11,Darren Budd,Central,Furniture,Bookcases,67.99,1,0.32,-13.00
CA-2011-125556,2011-11-14,2011,11,Maris LaWare,East,Technology,Phones,832.93,7,0.00,233.22
CA-2011-125556,2011-11-14,2011,11,Maris LaWare,East,Office Supplies,Binders,43.80,10,0.00,21.02
CA-2011-151554,2011-11-14,2011,11,Candace McMahon,Central,Office Supplies,Paper,20.74,4,0.20,7.26
CA-2011-161634,2011-11-14,2011,11,Chris Cortes,South,Office Supplies,Paper,32.40,5,0.00,15.55
CA-2011-162362,2011-11-14,2011,11,Jeremy Lonsdale,Central,Office Supplies,Binders,12.72,3,0.00,6.36
CA-2011-162362,2011-11-14,2011,11,Jeremy Lonsdale,Central,Office Supplies,Binders,11.52,4,0.00,5.64
CA-2011-166989,2011-11-14,2011,11,Robert Marley,East,Office Supplies,Paper,11.36,2,0.00,5.23
CA-2011-166989,2011-11-14,2011,11,Robert Marley,East,Furniture,Chairs,69.26,2,0.10,14.62
CA-2011-116407,2011-11-15,2011,11,Jamie Frazer,South,Office Supplies,Art,4.22,3,0.20,0.48
CA-2011-116407,2011-11-15,2011,11,Jamie Frazer,South,Office Supplies,Appliances,333.06,2,0.20,29.14
CA-2011-116407,2011-11-15,2011,11,Jamie Frazer,South,Office Supplies,Paper,24.90,4,0.20,7.78
CA-2011-127558,2011-11-15,2011,11,Shahid Shariari,West,Furniture,Furnishings,10.11,3,0.00,3.24
CA-2011-127558,2011-11-15,2011,11,Shahid Shariari,West,Technology,Accessories,772.47,3,0.00,146.77
CA-2011-127558,2011-11-15,2011,11,Shahid Shariari,West,Office Supplies,Supplies,20.46,2,0.00,5.32
CA-2011-128622,2011-11-15,2011,11,Scott Cohen,West,Office Supplies,Supplies,10.95,3,0.00,3.29
CA-2011-128888,2011-11-15,2011,11,Peter Bühler,Central,Office Supplies,Envelopes,604.66,9,0.20,204.07
CA-2011-119144,2011-11-16,2011,11,Justin Deggeller,West,Technology,Phones,79.97,4,0.20,-17.99
CA-2011-119144,2011-11-16,2011,11,Justin Deggeller,West,Furniture,Bookcases,305.97,3,0.15,25.20
CA-2011-119144,2011-11-16,2011,11,Justin Deggeller,West,Office Supplies,Storage,344.91,3,0.00,10.35
CA-2011-149643,2011-11-16,2011,11,Rick Huthwaite,Central,Technology,Phones,273.96,2,0.00,10.96
CA-2011-160066,2011-11-16,2011,11,Adam Hart,West,Office Supplies,Labels,5.22,2,0.00,2.40
US-2011-139500,2011-11-16,2011,11,Alan Barnes,Central,Furniture,Chairs,37.30,2,0.30,-1.07
US-2011-147704,2011-11-16,2011,11,Steven Roelle,Central,Office Supplies,Envelopes,78.35,5,0.00,36.82
US-2011-147704,2011-11-16,2011,11,Steven Roelle,Central,Office Supplies,Paper,31.68,6,0.00,14.26
US-2011-147704,2011-11-16,2011,11,Steven Roelle,Central,Office Supplies,Binders,29.12,4,0.00,14.27
US-2011-147704,2011-11-16,2011,11,Steven Roelle,Central,Office Supplies,Storage,169.45,5,0.00,42.36
CA-2011-101833,2011-11-17,2011,11,Frank Gastineau,East,Office Supplies,Paper,34.44,3,0.00,17.22
CA-2011-119375,2011-11-17,2011,11,Yoseph Carroll,East,Office Supplies,Storage,2934.33,7,0.00,792.27
CA-2011-119375,2011-11-17,2011,11,Yoseph Carroll,East,Furniture,Furnishings,124.41,3,0.00,14.93
CA-2011-119375,2011-11-17,2011,11,Yoseph Carroll,East,Office Supplies,Art,57.75,5,0.00,26.57
CA-2011-128209,2011-11-17,2011,11,Greg Tran,East,Office Supplies,Binders,2152.78,3,0.20,726.56
CA-2011-128209,2011-11-17,2011,11,Greg Tran,East,Furniture,Bookcases,4007.84,10,0.20,-50.10
CA-2011-130869,2011-11-17,2011,11,Cassandra Brandow,Central,Office Supplies,Envelopes,7.08,3,0.20,2.48
CA-2011-140662,2011-11-17,2011,11,Thomas Seio,West,Technology,Accessories,99.98,2,0.00,8.00
CA-2011-140662,2011-11-17,2011,11,Thomas Seio,West,Office Supplies,Paper,733.95,7,0.00,352.30
CA-2011-140662,2011-11-17,2011,11,Thomas Seio,West,Office Supplies,Appliances,241.44,3,0.00,72.43
CA-2011-145926,2011-11-17,2011,11,Mark Packer,Central,Furniture,Chairs,479.90,5,0.00,81.58
CA-2011-159835,2011-11-17,2011,11,Randy Bradley,East,Office Supplies,Paper,12.45,2,0.20,3.89
CA-2011-159835,2011-11-17,2011,11,Randy Bradley,East,Furniture,Chairs,657.93,5,0.30,-93.99
CA-2011-104829,2011-11-18,2011,11,John Grady,West,Office Supplies,Paper,21.98,7,0.00,9.89
CA-2011-115336,2011-11-18,2011,11,Ann Blume,Central,Office Supplies,Binders,14.48,5,0.80,-23.89
CA-2011-124702,2011-11-18,2011,11,Maya Herman,West,Furniture,Furnishings,137.54,2,0.00,55.02
CA-2011-124702,2011-11-18,2011,11,Maya Herman,West,Furniture,Tables,730.20,4,0.00,94.93
CA-2011-133809,2011-11-18,2011,11,MaryBeth Skach,East,Office Supplies,Binders,11.81,8,0.70,-8.66
CA-2011-133809,2011-11-18,2011,11,MaryBeth Skach,East,Technology,Phones,9.59,2,0.40,-2.08
CA-2011-141173,2011-11-18,2011,11,Julie Creighton,Central,Office Supplies,Storage,67.15,5,0.00,16.79
CA-2011-161032,2011-11-18,2011,11,Michael Kennedy,Central,Furniture,Chairs,392.94,3,0.00,43.22
CA-2011-163468,2011-11-18,2011,11,Joe Kamberova,Central,Furniture,Tables,292.10,4,0.50,-175.26
CA-2011-163468,2011-11-18,2011,11,Joe Kamberova,Central,Furniture,Furnishings,8.54,2,0.60,-7.48
CA-2011-163468,2011-11-18,2011,11,Joe Kamberova,Central,Furniture,Bookcases,424.12,6,0.30,-30.29
CA-2011-163468,2011-11-18,2011,11,Joe Kamberova,Central,Office Supplies,Binders,2.89,3,0.80,-4.92
CA-2011-163468,2011-11-18,2011,11,Joe Kamberova,Central,Office Supplies,Storage,381.72,5,0.20,-66.80
CA-2011-164210,2011-11-18,2011,11,Pierre Wener,West,Furniture,Tables,145.98,2,0.50,-99.27
CA-2011-164210,2011-11-18,2011,11,Pierre Wener,West,Office Supplies,Paper,35.81,4,0.20,12.53
US-2011-159926,2011-11-18,2011,11,Carlos Soltero,East,Office Supplies,Binders,51.00,1,0.70,-40.80
US-2011-159926,2011-11-18,2011,11,Carlos Soltero,East,Office Supplies,Storage,76.79,1,0.20,-16.32
US-2011-159926,2011-11-18,2011,11,Carlos Soltero,East,Technology,Phones,539.96,6,0.40,-107.99
US-2011-159926,2011-11-18,2011,11,Carlos Soltero,East,Furniture,Furnishings,60.31,3,0.20,5.28
US-2011-159926,2011-11-18,2011,11,Carlos Soltero,East,Office Supplies,Binders,1.94,3,0.70,-1.43
CA-2011-100972,2011-11-19,2011,11,Dennis Bolton,West,Office Supplies,Paper,166.44,3,0.00,79.89
CA-2011-128062,2011-11-19,2011,11,Alan Dominguez,East,Office Supplies,Paper,5.88,1,0.20,1.98
CA-2011-144624,2011-11-19,2011,11,John Murray,East,Technology,Phones,4548.81,7,0.00,1228.18
CA-2011-150518,2011-11-19,2011,11,Mitch Webber,Central,Office Supplies,Storage,221.16,4,0.00,57.50
CA-2011-150518,2011-11-19,2011,11,Mitch Webber,Central,Technology,Phones,281.97,3,0.00,78.95
CA-2011-158274,2011-11-19,2011,11,Robert Marley,South,Technology,Phones,503.96,4,0.00,131.03
CA-2011-158274,2011-11-19,2011,11,Robert Marley,South,Technology,Phones,149.95,5,0.00,41.99
CA-2011-158274,2011-11-19,2011,11,Robert Marley,South,Technology,Accessories,29.00,2,0.00,7.25
US-2011-123183,2011-11-19,2011,11,Georgia Rosenberg,East,Office Supplies,Labels,22.50,6,0.00,10.80
US-2011-123183,2011-11-19,2011,11,Georgia Rosenberg,East,Office Supplies,Labels,9.96,2,0.00,4.58
US-2011-123183,2011-11-19,2011,11,Georgia Rosenberg,East,Office Supplies,Binders,213.08,7,0.00,102.28
US-2011-123183,2011-11-19,2011,11,Georgia Rosenberg,East,Furniture,Bookcases,1025.88,6,0.00,235.95
US-2011-149034,2011-11-19,2011,11,Ruben Dartt,East,Technology,Accessories,47.50,1,0.20,-1.19
CA-2011-140396,2011-11-20,2011,11,Katharine Harms,East,Office Supplies,Envelopes,34.74,3,0.00,17.37
CA-2011-140396,2011-11-20,2011,11,Katharine Harms,East,Technology,Phones,833.94,6,0.00,216.82
CA-2011-140396,2011-11-20,2011,11,Katharine Harms,East,Office Supplies,Binders,12.96,3,0.20,4.54
CA-2011-140396,2011-11-20,2011,11,Katharine Harms,East,Office Supplies,Paper,25.92,4,0.00,12.44
CA-2011-102274,2011-11-21,2011,11,Dave Hallsten,South,Technology,Phones,36.99,1,0.00,9.99
CA-2011-102274,2011-11-21,2011,11,Dave Hallsten,South,Office Supplies,Paper,629.10,6,0.00,301.97
CA-2011-102274,2011-11-21,2011,11,Dave Hallsten,South,Office Supplies,Storage,193.95,3,0.00,9.70
CA-2011-102274,2011-11-21,2011,11,Dave Hallsten,South,Office Supplies,Art,5.46,3,0.00,1.47
CA-2011-103401,2011-11-21,2011,11,Georgia Rosenberg,West,Office Supplies,Paper,12.96,2,0.00,6.22
CA-2011-154781,2011-11-21,2011,11,Steve Carroll,West,Office Supplies,Paper,6.58,2,0.00,3.03
CA-2011-154781,2011-11-21,2011,11,Steve Carroll,West,Technology,Accessories,94.99,1,0.00,28.50
US-2011-168501,2011-11-21,2011,11,Jason Klamczynski,Central,Office Supplies,Envelopes,1.63,1,0.20,0.55
US-2011-168501,2011-11-21,2011,11,Jason Klamczynski,Central,Technology,Phones,267.96,5,0.20,16.75
CA-2011-105340,2011-11-22,2011,11,Evan Henry,Central,Office Supplies,Binders,6.93,1,0.80,-11.08
CA-2011-125682,2011-11-22,2011,11,Robert Barroso,South,Office Supplies,Paper,9.96,2,0.00,4.88
CA-2011-129091,2011-11-22,2011,11,Ruben Ausman,South,Office Supplies,Envelopes,16.23,3,0.00,7.95
CA-2011-129091,2011-11-22,2011,11,Ruben Ausman,South,Office Supplies,Binders,319.90,5,0.00,156.75
CA-2011-129091,2011-11-22,2011,11,Ruben Ausman,South,Office Supplies,Envelopes,11.36,2,0.00,5.34
CA-2011-129091,2011-11-22,2011,11,Ruben Ausman,South,Office Supplies,Appliances,675.12,3,0.00,290.30
CA-2011-135090,2011-11-22,2011,11,Susan Pistek,West,Office Supplies,Paper,53.82,9,0.00,24.22
US-2011-112200,2011-11-22,2011,11,Tony Chapman,Central,Office Supplies,Binders,9.98,5,0.80,-16.47
CA-2011-110352,2011-11-23,2011,11,Emily Ducich,Central,Office Supplies,Labels,23.68,2,0.20,8.88
CA-2011-120544,2011-11-23,2011,11,Saphhira Shifley,Central,Furniture,Furnishings,6.37,2,0.60,-2.55
CA-2011-120544,2011-11-23,2011,11,Saphhira Shifley,Central,Office Supplies,Appliances,34.18,3,0.80,-87.15
CA-2011-120544,2011-11-23,2011,11,Saphhira Shifley,Central,Technology,Accessories,5.54,7,0.20,1.66
CA-2011-139283,2011-11-23,2011,11,Bobby Trafton,Central,Office Supplies,Binders,14.67,3,0.00,6.75
CA-2011-149055,2011-11-23,2011,11,Phillip Breyer,East,Office Supplies,Envelopes,62.81,3,0.20,21.20
CA-2011-159625,2011-11-23,2011,11,Sally Matthias,West,Office Supplies,Envelopes,23.47,3,0.20,8.80
US-2011-143721,2011-11-23,2011,11,Damala Kotsonis,Central,Furniture,Chairs,155.37,2,0.30,-35.51
US-2011-157385,2011-11-23,2011,11,Sanjit Chand,West,Furniture,Chairs,603.92,5,0.20,-67.94
US-2011-157385,2011-11-23,2011,11,Sanjit Chand,West,Office Supplies,Envelopes,21.84,3,0.00,10.48
US-2011-157385,2011-11-23,2011,11,Sanjit Chand,West,Technology,Accessories,29.99,1,0.00,6.30
US-2011-157385,2011-11-23,2011,11,Sanjit Chand,West,Furniture,Chairs,381.44,2,0.20,23.84
CA-2011-100762,2011-11-24,2011,11,Nat Gilpin,Central,Office Supplies,Art,151.92,4,0.00,45.58
CA-2011-100762,2011-11-24,2011,11,Nat Gilpin,Central,Office Supplies,Labels,196.62,2,0.00,96.34
CA-2011-100762,2011-11-24,2011,11,Nat Gilpin,Central,Office Supplies,Paper,144.12,3,0.00,69.18
CA-2011-100762,2011-11-24,2011,11,Nat Gilpin,Central,Office Supplies,Paper,15.96,2,0.00,7.98
CA-2011-102295,2011-11-24,2011,11,Erica Hackney,West,Furniture,Chairs,120.71,1,0.20,-18.11
CA-2011-105984,2011-11-24,2011,11,Muhammed Yedwab,East,Technology,Phones,1049.97,5,0.40,-209.99
CA-2011-105984,2011-11-24,2011,11,Muhammed Yedwab,East,Furniture,Chairs,611.06,3,0.30,-34.92
CA-2011-111360,2011-11-24,2011,11,Alyssa Tate,East,Office Supplies,Binders,5.74,3,0.70,-4.59
CA-2011-115973,2011-11-24,2011,11,Nathan Gelder,East,Office Supplies,Art,2.62,1,0.20,0.43
CA-2011-122217,2011-11-24,2011,11,Harold Pawlan,South,Furniture,Furnishings,111.15,5,0.00,48.91
CA-2011-127131,2011-11-24,2011,11,Harold Ryan,West,Office Supplies,Binders,12.10,7,0.20,4.23
CA-2011-127131,2011-11-24,2011,11,Harold Ryan,West,Office Supplies,Storage,485.88,6,0.00,9.72
CA-2011-127131,2011-11-24,2011,11,Harold Ryan,West,Office Supplies,Paper,25.92,4,0.00,12.44
CA-2011-127131,2011-11-24,2011,11,Harold Ryan,West,Office Supplies,Storage,197.58,2,0.00,53.35
CA-2011-153850,2011-11-24,2011,11,Thea Hendricks,East,Furniture,Furnishings,35.17,7,0.20,9.67
CA-2011-153850,2011-11-24,2011,11,Thea Hendricks,East,Technology,Phones,1502.38,4,0.40,-250.40
CA-2011-158540,2011-11-24,2011,11,Vivek Gonzalez,West,Furniture,Furnishings,151.72,4,0.00,27.31
CA-2011-163034,2011-11-24,2011,11,Darren Koutras,Central,Office Supplies,Storage,646.20,5,0.20,-8.08
CA-2011-167360,2011-11-24,2011,11,Richard Bierner,Central,Technology,Accessories,111.79,7,0.00,43.60
CA-2011-119151,2011-11-25,2011,11,Mike Pelletier,East,Office Supplies,Storage,1117.92,4,0.00,55.90
CA-2011-119151,2011-11-25,2011,11,Mike Pelletier,East,Furniture,Bookcases,275.95,3,0.20,-37.94
CA-2011-122588,2011-11-25,2011,11,Andy Reiter,East,Furniture,Furnishings,52.96,2,0.00,20.12
CA-2011-127446,2011-11-25,2011,11,Matt Collister,Central,Technology,Accessories,24.67,3,0.20,0.00
CA-2011-127446,2011-11-25,2011,11,Matt Collister,Central,Office Supplies,Labels,2.52,1,0.20,0.88
CA-2011-127446,2011-11-25,2011,11,Matt Collister,Central,Furniture,Tables,1218.74,5,0.30,-121.87
CA-2011-127446,2011-11-25,2011,11,Matt Collister,Central,Office Supplies,Labels,5.90,2,0.20,1.99
CA-2011-127446,2011-11-25,2011,11,Matt Collister,Central,Office Supplies,Paper,15.70,3,0.20,5.10
CA-2011-127446,2011-11-25,2011,11,Matt Collister,Central,Furniture,Furnishings,6.10,3,0.60,-3.96
CA-2011-164721,2011-11-25,2011,11,Laurel Workman,West,Office Supplies,Appliances,320.88,6,0.00,93.06
CA-2011-164721,2011-11-25,2011,11,Laurel Workman,West,Furniture,Furnishings,23.88,3,0.00,10.51
CA-2011-164721,2011-11-25,2011,11,Laurel Workman,West,Office Supplies,Paper,26.76,4,0.00,12.31
US-2011-107993,2011-11-25,2011,11,Sanjit Engle,West,Office Supplies,Art,51.02,7,0.20,8.29
US-2011-144078,2011-11-25,2011,11,Richard Bierner,West,Technology,Phones,539.92,5,0.20,47.24
US-2011-144078,2011-11-25,2011,11,Richard Bierner,West,Furniture,Chairs,725.34,4,0.20,54.40
US-2011-144078,2011-11-25,2011,11,Richard Bierner,West,Office Supplies,Art,7.44,3,0.00,2.60
CA-2011-124730,2011-11-26,2011,11,Lynn Smith,East,Technology,Phones,279.96,4,0.00,78.39
CA-2011-124730,2011-11-26,2011,11,Lynn Smith,East,Office Supplies,Binders,12.91,3,0.20,4.68
CA-2011-124730,2011-11-26,2011,11,Lynn Smith,East,Office Supplies,Binders,17.09,4,0.20,5.77
CA-2011-124730,2011-11-26,2011,11,Lynn Smith,East,Office Supplies,Labels,93.15,9,0.00,44.71
CA-2011-124730,2011-11-26,2011,11,Lynn Smith,East,Office Supplies,Labels,11.52,4,0.00,5.64
CA-2011-141110,2011-11-26,2011,11,Luke Schmidt,West,Office Supplies,Binders,4.32,3,0.20,1.51
CA-2011-141110,2011-11-26,2011,11,Luke Schmidt,West,Office Supplies,Paper,14.94,3,0.00,7.02
CA-2011-141110,2011-11-26,2011,11,Luke Schmidt,West,Office Supplies,Appliances,40.54,2,0.00,11.35
CA-2011-141110,2011-11-26,2011,11,Luke Schmidt,West,Office Supplies,Binders,7.31,1,0.20,2.56
CA-2011-168984,2011-11-26,2011,11,Natalie Webber,West,Office Supplies,Paper,15.55,3,0.20,5.44
CA-2011-168984,2011-11-26,2011,11,Natalie Webber,West,Office Supplies,Storage,669.08,5,0.20,-167.27
CA-2011-168984,2011-11-26,2011,11,Natalie Webber,West,Technology,Phones,438.34,4,0.20,-87.67
US-2011-147606,2011-11-26,2011,11,Joel Eaton,Central,Furniture,Furnishings,19.30,5,0.60,-14.48
US-2011-147648,2011-11-26,2011,11,Lindsay Shagiari,West,Office Supplies,Paper,81.98,2,0.00,40.17
CA-2011-119032,2011-11-27,2011,11,Maxwell Schwartz,East,Office Supplies,Fasteners,3.76,2,0.00,1.32
CA-2011-167486,2011-11-27,2011,11,Jack O'Briant,East,Furniture,Furnishings,199.90,5,0.00,39.98
CA-2011-101560,2011-11-28,2011,11,Chris Selesnick,South,Furniture,Furnishings,397.60,5,0.00,43.74
CA-2011-101560,2011-11-28,2011,11,Chris Selesnick,South,Office Supplies,Paper,85.96,7,0.00,40.40
CA-2011-101560,2011-11-28,2011,11,Chris Selesnick,South,Office Supplies,Art,13.12,4,0.00,4.33
CA-2011-101560,2011-11-28,2011,11,Chris Selesnick,South,Office Supplies,Binders,45.66,3,0.00,22.37
CA-2011-105249,2011-11-28,2011,11,Duane Huffman,West,Office Supplies,Supplies,7.36,2,0.00,0.15
CA-2011-105249,2011-11-28,2011,11,Duane Huffman,West,Office Supplies,Labels,41.40,4,0.00,19.87
CA-2011-105249,2011-11-28,2011,11,Duane Huffman,West,Furniture,Bookcases,411.33,4,0.15,-4.84
CA-2011-121167,2011-11-28,2011,11,Mary O'Rourke,East,Office Supplies,Binders,17.25,2,0.20,6.04
CA-2011-121629,2011-11-28,2011,11,Brian Thompson,Central,Technology,Machines,998.85,5,0.40,-199.77
CA-2011-159800,2011-11-28,2011,11,Sheri Gordon,West,Office Supplies,Appliances,43.68,3,0.00,11.79
CA-2011-159800,2011-11-28,2011,11,Sheri Gordon,West,Technology,Accessories,139.93,7,0.00,34.98
CA-2011-163013,2011-11-28,2011,11,Bart Folk,South,Office Supplies,Art,14.67,3,0.00,3.96
US-2011-120145,2011-11-28,2011,11,Matthew Clasen,Central,Office Supplies,Envelopes,64.02,6,0.00,29.45
CA-2011-136280,2011-11-29,2011,11,Corey-Lock,East,Office Supplies,Labels,5.04,2,0.20,1.76
CA-2011-153983,2011-11-29,2011,11,Alan Hwang,West,Technology,Phones,575.92,2,0.20,71.99
CA-2011-153983,2011-11-29,2011,11,Alan Hwang,West,Office Supplies,Fasteners,30.40,5,0.00,15.20
US-2011-111353,2011-11-29,2011,11,Philip Brown,East,Office Supplies,Labels,25.06,2,0.00,11.78
US-2011-134712,2011-11-29,2011,11,Bill Stewart,Central,Office Supplies,Fasteners,12.62,2,0.20,3.95
CA-2011-103590,2011-11-30,2011,11,Jeremy Lonsdale,East,Office Supplies,Envelopes,62.28,4,0.00,29.27
CA-2011-146843,2011-11-30,2011,11,Philip Brown,West,Office Supplies,Supplies,47.99,7,0.20,3.60
CA-2011-146843,2011-11-30,2011,11,Philip Brown,West,Technology,Accessories,102.24,4,0.20,-16.61
CA-2011-148425,2011-11-30,2011,11,Randy Ferguson,South,Office Supplies,Binders,6.64,9,0.70,-4.43
CA-2011-120474,2011-12-01,2011,12,Resi Pölking,Central,Furniture,Chairs,2807.84,8,0.00,673.88
CA-2011-120474,2011-12-01,2011,12,Resi Pölking,Central,Office Supplies,Art,46.64,4,0.00,12.59
CA-2011-131051,2011-12-01,2011,12,Toby Ritter,West,Furniture,Furnishings,58.20,3,0.00,28.52
CA-2011-131527,2011-12-01,2011,12,Toby Braunhardt,South,Technology,Phones,95.97,4,0.20,9.60
CA-2011-143210,2011-12-01,2011,12,Anna Andreadi,East,Technology,Phones,271.90,2,0.00,78.85
CA-2011-143210,2011-12-01,2011,12,Anna Andreadi,East,Furniture,Furnishings,45.84,3,0.00,15.59
CA-2011-143210,2011-12-01,2011,12,Anna Andreadi,East,Furniture,Furnishings,9.82,2,0.00,3.24
CA-2011-150798,2011-12-01,2011,12,Joe Kamberova,East,Technology,Copiers,659.99,2,0.40,110.00
CA-2011-150798,2011-12-01,2011,12,Joe Kamberova,East,Furniture,Furnishings,8.13,2,0.20,1.42
CA-2011-150798,2011-12-01,2011,12,Joe Kamberova,East,Office Supplies,Paper,36.29,7,0.20,12.70
CA-2011-150798,2011-12-01,2011,12,Joe Kamberova,East,Furniture,Chairs,909.72,6,0.30,-51.98
US-2011-161613,2011-12-01,2011,12,Matt Connell,Central,Furniture,Chairs,674.06,3,0.30,-19.26
CA-2011-101147,2011-12-02,2011,12,Matt Collins,Central,Office Supplies,Appliances,2.39,1,0.80,-6.34
CA-2011-103807,2011-12-02,2011,12,Elizabeth Moffitt,South,Technology,Accessories,5.95,1,0.00,0.83
CA-2011-103807,2011-12-02,2011,12,Elizabeth Moffitt,South,Office Supplies,Paper,15.24,3,0.00,7.16
CA-2011-112158,2011-12-02,2011,12,David Philippe,East,Technology,Accessories,119.96,4,0.00,52.78
CA-2011-112158,2011-12-02,2011,12,David Philippe,East,Furniture,Bookcases,883.92,5,0.20,-110.49
CA-2011-112158,2011-12-02,2011,12,David Philippe,East,Office Supplies,Binders,46.72,8,0.20,15.77
CA-2011-132864,2011-12-02,2011,12,Katherine Nockton,East,Technology,Accessories,119.80,5,0.20,29.95
CA-2011-154095,2011-12-02,2011,12,Odella Nelson,East,Furniture,Furnishings,60.72,3,0.00,23.68
CA-2011-154095,2011-12-02,2011,12,Odella Nelson,East,Office Supplies,Paper,146.82,3,0.00,73.41
CA-2011-154095,2011-12-02,2011,12,Odella Nelson,East,Furniture,Chairs,239.84,8,0.00,64.76
CA-2011-154095,2011-12-02,2011,12,Odella Nelson,East,Office Supplies,Labels,15.66,6,0.00,7.20
US-2011-117744,2011-12-02,2011,12,Michael Dominguez,Central,Furniture,Furnishings,58.36,5,0.60,-24.80
US-2011-117744,2011-12-02,2011,12,Michael Dominguez,Central,Office Supplies,Art,16.46,7,0.20,1.44
US-2011-117744,2011-12-02,2011,12,Michael Dominguez,Central,Furniture,Furnishings,39.96,5,0.60,-23.98
CA-2011-122749,2011-12-03,2011,12,Nathan Gelder,Central,Technology,Phones,479.96,4,0.00,134.39
CA-2011-164861,2011-12-03,2011,12,Matthew Clasen,Central,Office Supplies,Paper,25.92,4,0.00,12.44
CA-2011-127187,2011-12-04,2011,12,Cathy Prescott,East,Technology,Phones,129.98,2,0.00,62.39
CA-2011-106376,2011-12-05,2011,12,Brendan Sweed,West,Office Supplies,Art,1113.02,8,0.20,111.30
CA-2011-106376,2011-12-05,2011,12,Brendan Sweed,West,Technology,Phones,167.97,4,0.20,62.99
CA-2011-125542,2011-12-05,2011,12,Nona Balk,East,Office Supplies,Envelopes,348.49,7,0.20,117.61
CA-2011-125542,2011-12-05,2011,12,Nona Balk,East,Office Supplies,Storage,172.74,4,0.20,-30.23
CA-2011-133830,2011-12-05,2011,12,Rob Lucas,West,Office Supplies,Art,26.46,9,0.00,11.91
CA-2011-133830,2011-12-05,2011,12,Rob Lucas,West,Office Supplies,Paper,49.12,4,0.00,23.09
CA-2011-133830,2011-12-05,2011,12,Rob Lucas,West,Office Supplies,Fasteners,15.00,3,0.00,7.20
CA-2011-138296,2011-12-05,2011,12,Roy Collins,South,Office Supplies,Storage,24.56,2,0.00,6.88
CA-2011-150203,2011-12-05,2011,12,Joni Blumstein,West,Office Supplies,Appliances,250.26,6,0.00,72.58
CA-2011-151162,2011-12-05,2011,12,Erin Ashbrook,East,Office Supplies,Paper,98.38,3,0.20,35.66
CA-2011-151162,2011-12-05,2011,12,Erin Ashbrook,East,Office Supplies,Binders,29.94,4,0.70,-23.95
CA-2011-151162,2011-12-05,2011,12,Erin Ashbrook,East,Office Supplies,Paper,17.47,3,0.20,5.68
CA-2011-151162,2011-12-05,2011,12,Erin Ashbrook,East,Technology,Phones,36.74,1,0.40,-9.18
CA-2011-151162,2011-12-05,2011,12,Erin Ashbrook,East,Technology,Phones,179.94,2,0.40,-44.99
CA-2011-166191,2011-12-05,2011,12,David Kendrick,Central,Office Supplies,Storage,24.82,2,0.20,1.86
CA-2011-166191,2011-12-05,2011,12,David Kendrick,Central,Technology,Accessories,408.74,7,0.20,76.64
CA-2011-106726,2011-12-06,2011,12,Roland Schwarz,West,Office Supplies,Storage,1261.33,7,0.00,327.95
CA-2011-110030,2011-12-06,2011,12,Luke Foster,Central,Furniture,Furnishings,23.98,3,0.60,-14.39
CA-2011-155390,2011-12-06,2011,12,Barry Gonzalez,South,Office Supplies,Paper,42.21,2,0.20,13.72
US-2011-112872,2011-12-06,2011,12,Ryan Crowe,West,Office Supplies,Storage,53.42,3,0.20,4.67
US-2011-112872,2011-12-06,2011,12,Ryan Crowe,West,Furniture,Tables,275.49,1,0.50,-170.80
US-2011-140452,2011-12-06,2011,12,Berenike Kampe,Central,Office Supplies,Appliances,14.02,4,0.80,-31.54
US-2011-140452,2011-12-06,2011,12,Berenike Kampe,Central,Furniture,Tables,214.95,5,0.50,-120.37
US-2011-140452,2011-12-06,2011,12,Berenike Kampe,Central,Technology,Phones,35.04,4,0.20,-7.01
US-2011-140452,2011-12-06,2011,12,Berenike Kampe,Central,Furniture,Furnishings,10.78,3,0.60,-4.85
US-2011-140452,2011-12-06,2011,12,Berenike Kampe,Central,Office Supplies,Binders,4.60,2,0.80,-8.05
US-2011-140452,2011-12-06,2011,12,Berenike Kampe,Central,Office Supplies,Storage,35.17,2,0.20,-8.35
CA-2011-101392,2011-12-07,2011,12,Ann Steele,West,Office Supplies,Storage,269.36,7,0.00,70.03
CA-2011-138737,2011-12-07,2011,12,Frank Preis,West,Office Supplies,Art,8.64,3,0.00,2.42
CA-2011-154592,2011-12-07,2011,12,Erica Hernandez,West,Office Supplies,Paper,164.88,3,0.00,80.79
CA-2011-159681,2011-12-07,2011,12,Patrick O'Brill,South,Office Supplies,Paper,105.52,4,0.00,48.54
CA-2011-104773,2011-12-08,2011,12,Thomas Boland,Central,Office Supplies,Storage,60.42,2,0.20,6.04
CA-2011-129364,2011-12-08,2011,12,Tim Brockman,West,Office Supplies,Labels,27.89,7,0.20,9.06
CA-2011-129364,2011-12-08,2011,12,Tim Brockman,West,Office Supplies,Binders,6.46,4,0.70,-4.52
CA-2011-129364,2011-12-08,2011,12,Tim Brockman,West,Technology,Phones,52.68,3,0.20,19.76
CA-2011-129364,2011-12-08,2011,12,Tim Brockman,West,Office Supplies,Supplies,13.88,5,0.20,-2.60
CA-2011-129364,2011-12-08,2011,12,Tim Brockman,West,Technology,Accessories,103.92,10,0.20,-18.19
CA-2011-129364,2011-12-08,2011,12,Tim Brockman,West,Office Supplies,Labels,11.52,5,0.20,3.74
CA-2011-129364,2011-12-08,2011,12,Tim Brockman,West,Office Supplies,Paper,10.37,2,0.20,3.63
CA-2011-129364,2011-12-08,2011,12,Tim Brockman,West,Office Supplies,Storage,39.07,3,0.20,2.93
CA-2011-135608,2011-12-08,2011,12,Jim Karlsson,West,Office Supplies,Paper,45.68,2,0.00,21.01
CA-2011-135608,2011-12-08,2011,12,Jim Karlsson,West,Furniture,Chairs,603.92,5,0.20,45.29
CA-2011-144071,2011-12-08,2011,12,Denny Joy,West,Furniture,Furnishings,39.88,2,0.00,11.17
CA-2011-144071,2011-12-08,2011,12,Denny Joy,West,Furniture,Furnishings,79.44,3,0.00,28.60
CA-2011-101175,2011-12-09,2011,12,Dario Medina,West,Office Supplies,Storage,100.70,6,0.20,-1.26
CA-2011-104976,2011-12-09,2011,12,Cyma Kinney,West,Office Supplies,Paper,34.68,6,0.00,16.99
CA-2011-109932,2011-12-09,2011,12,Victoria Pisteka,Central,Office Supplies,Paper,10.69,2,0.20,3.74
CA-2011-109932,2011-12-09,2011,12,Victoria Pisteka,Central,Office Supplies,Storage,237.10,3,0.20,20.75
CA-2011-138128,2011-12-09,2011,12,Frank Preis,East,Office Supplies,Envelopes,30.67,3,0.20,9.59
CA-2011-138128,2011-12-09,2011,12,Frank Preis,East,Technology,Copiers,1079.98,4,0.40,126.00
CA-2011-169649,2011-12-09,2011,12,Thomas Seio,Central,Office Supplies,Paper,8.45,2,0.20,2.96
CA-2011-169649,2011-12-09,2011,12,Thomas Seio,Central,Office Supplies,Appliances,20.39,2,0.80,-53.01
CA-2011-148488,2011-12-10,2011,12,Sally Matthias,East,Office Supplies,Paper,11.36,2,0.00,5.23
CA-2011-148488,2011-12-10,2011,12,Sally Matthias,East,Office Supplies,Binders,106.34,7,0.20,37.22
US-2011-112991,2011-12-10,2011,12,Sally Hughsby,West,Furniture,Chairs,338.35,3,0.20,4.23
US-2011-112991,2011-12-10,2011,12,Sally Hughsby,West,Office Supplies,Paper,25.92,4,0.00,12.44
US-2011-112991,2011-12-10,2011,12,Sally Hughsby,West,Office Supplies,Paper,91.36,4,0.00,42.03
CA-2011-107573,2011-12-12,2011,12,Philip Brown,South,Office Supplies,Envelopes,23.47,3,0.20,7.63
CA-2011-113320,2011-12-12,2011,12,Logan Haushalter,West,Furniture,Furnishings,12.54,3,0.00,4.51
CA-2011-113320,2011-12-12,2011,12,Logan Haushalter,West,Office Supplies,Storage,8.94,3,0.00,0.63
CA-2011-113320,2011-12-12,2011,12,Logan Haushalter,West,Furniture,Furnishings,9.24,3,0.00,4.44
CA-2011-141607,2011-12-12,2011,12,William Brown,West,Furniture,Furnishings,43.31,1,0.00,4.33
CA-2011-168494,2011-12-12,2011,12,Nora Preis,West,Furniture,Tables,764.69,6,0.20,95.59
CA-2011-168494,2011-12-12,2011,12,Nora Preis,West,Furniture,Tables,3610.85,12,0.20,135.41
CA-2011-168494,2011-12-12,2011,12,Nora Preis,West,Furniture,Bookcases,254.97,3,0.15,12.00
US-2011-122959,2011-12-12,2011,12,Craig Yedwab,Central,Office Supplies,Binders,210.39,2,0.80,-336.63
CA-2011-113579,2011-12-13,2011,12,Katherine Ducich,West,Office Supplies,Paper,90.24,6,0.00,41.51
CA-2011-124079,2011-12-13,2011,12,Randy Ferguson,West,Furniture,Furnishings,87.96,3,0.20,7.70
CA-2011-124079,2011-12-13,2011,12,Randy Ferguson,West,Office Supplies,Binders,5.21,2,0.70,-4.17
CA-2011-129819,2011-12-13,2011,12,Kimberly Carter,South,Office Supplies,Binders,12.39,3,0.00,5.82
CA-2011-154186,2011-12-13,2011,12,Ralph Arnett,Central,Office Supplies,Supplies,2.92,1,0.20,0.37
US-2011-102631,2011-12-13,2011,12,Ellis Ballard,Central,Furniture,Furnishings,94.43,3,0.60,-42.49
CA-2011-116568,2011-12-14,2011,12,Bryan Mills,South,Furniture,Chairs,186.30,4,0.20,13.97
CA-2011-130575,2011-12-14,2011,12,Cari Sayre,Central,Office Supplies,Binders,9.26,3,0.80,-13.90
CA-2011-145541,2011-12-14,2011,12,Tom Boeckenhauer,East,Technology,Machines,6999.96,4,0.00,2239.99
CA-2011-148950,2011-12-14,2011,12,Joy Daniels,Central,Office Supplies,Binders,5.10,4,0.80,-8.68
CA-2011-148950,2011-12-14,2011,12,Joy Daniels,Central,Office Supplies,Fasteners,2.90,2,0.20,0.47
CA-2011-148950,2011-12-14,2011,12,Joy Daniels,Central,Technology,Accessories,35.02,3,0.20,-2.19
US-2011-123519,2011-12-14,2011,12,Sung Shariari,East,Office Supplies,Art,2.62,1,0.20,0.30
US-2011-123519,2011-12-14,2011,12,Sung Shariari,East,Furniture,Tables,136.53,1,0.40,-52.34
US-2011-123519,2011-12-14,2011,12,Sung Shariari,East,Technology,Accessories,263.96,1,0.20,42.89
CA-2011-101602,2011-12-15,2011,12,Mick Crebagga,Central,Technology,Phones,40.68,3,0.20,-9.15
CA-2011-101602,2011-12-15,2011,12,Mick Crebagga,Central,Furniture,Chairs,763.28,5,0.30,-21.81
CA-2011-116673,2011-12-15,2011,12,Jas O'Carroll,West,Furniture,Furnishings,6.16,2,0.00,1.97
CA-2011-119466,2011-12-15,2011,12,Sung Pak,Central,Furniture,Furnishings,8.54,2,0.60,-7.48
CA-2011-129938,2011-12-15,2011,12,Ed Braxton,East,Furniture,Chairs,445.80,7,0.30,-108.27
CA-2011-100706,2011-12-16,2011,12,Laurel Elliston,South,Technology,Accessories,99.98,2,0.00,8.00
CA-2011-100706,2011-12-16,2011,12,Laurel Elliston,South,Furniture,Furnishings,29.46,6,0.00,9.72
CA-2011-108273,2011-12-16,2011,12,Ed Jacobs,Central,Office Supplies,Paper,36.29,7,0.20,12.70
CA-2011-108273,2011-12-16,2011,12,Ed Jacobs,Central,Furniture,Furnishings,56.57,2,0.60,-74.95
CA-2011-112718,2011-12-16,2011,12,Kean Nguyen,South,Office Supplies,Binders,1.17,1,0.70,-0.86
CA-2011-113257,2011-12-16,2011,12,Sean Christensen,Central,Technology,Accessories,319.97,4,0.20,95.99
CA-2011-113257,2011-12-16,2011,12,Sean Christensen,Central,Furniture,Furnishings,8.62,7,0.60,-2.59
CA-2011-124247,2011-12-16,2011,12,Stefanie Holloman,West,Furniture,Chairs,1403.92,5,0.20,70.20
CA-2011-136399,2011-12-16,2011,12,Chad Cunningham,West,Furniture,Furnishings,44.46,2,0.00,14.67
CA-2011-136399,2011-12-16,2011,12,Chad Cunningham,West,Furniture,Chairs,241.57,2,0.20,18.12
CA-2011-136399,2011-12-16,2011,12,Chad Cunningham,West,Technology,Accessories,395.00,5,0.00,39.50
CA-2011-136399,2011-12-16,2011,12,Chad Cunningham,West,Technology,Phones,627.17,4,0.20,70.56
CA-2011-151379,2011-12-16,2011,12,Steve Chapman,Central,Office Supplies,Paper,114.20,5,0.00,52.53
CA-2011-153913,2011-12-16,2011,12,Ken Black,South,Furniture,Chairs,1013.83,9,0.20,101.38
CA-2011-153913,2011-12-16,2011,12,Ken Black,South,Office Supplies,Fasteners,1.98,2,0.20,0.67
CA-2011-123925,2011-12-17,2011,12,Roy Französisch,South,Office Supplies,Art,40.05,3,0.00,11.21
CA-2011-139633,2011-12-17,2011,12,Erin Creighton,East,Office Supplies,Binders,5.48,4,0.70,-4.02
CA-2011-120768,2011-12-19,2011,12,Irene Maddox,South,Office Supplies,Binders,152.76,6,0.00,74.85
CA-2011-120768,2011-12-19,2011,12,Irene Maddox,South,Office Supplies,Supplies,7.27,1,0.00,1.96
CA-2011-120768,2011-12-19,2011,12,Irene Maddox,South,Furniture,Chairs,1819.86,14,0.00,163.79
CA-2011-162992,2011-12-19,2011,12,Bart Pistole,West,Office Supplies,Labels,14.62,2,0.00,6.87
CA-2011-162992,2011-12-19,2011,12,Bart Pistole,West,Office Supplies,Fasteners,22.55,5,0.00,8.79
CA-2011-162992,2011-12-19,2011,12,Bart Pistole,West,Technology,Phones,583.80,5,0.20,72.98
CA-2011-162992,2011-12-19,2011,12,Bart Pistole,West,Technology,Phones,211.17,4,0.20,15.84
CA-2011-169446,2011-12-19,2011,12,Speros Goranitis,Central,Technology,Phones,323.98,3,0.20,36.45
CA-2011-169446,2011-12-19,2011,12,Speros Goranitis,Central,Office Supplies,Paper,15.55,3,0.20,5.44
CA-2011-169446,2011-12-19,2011,12,Speros Goranitis,Central,Office Supplies,Storage,32.59,3,0.20,-7.74
US-2011-150574,2011-12-19,2011,12,Mike Kennedy,South,Office Supplies,Binders,4.81,2,0.70,-3.69
US-2011-150574,2011-12-19,2011,12,Mike Kennedy,South,Technology,Accessories,247.80,5,0.20,-18.59
CA-2011-103100,2011-12-20,2011,12,Adrian Barton,Central,Office Supplies,Labels,3.69,1,0.00,1.73
CA-2011-103100,2011-12-20,2011,12,Adrian Barton,Central,Office Supplies,Binders,1103.97,3,0.00,496.79
CA-2011-120852,2011-12-20,2011,12,William Brown,Central,Office Supplies,Appliances,19.43,2,0.80,-49.55
CA-2011-120852,2011-12-20,2011,12,William Brown,Central,Technology,Accessories,65.44,5,0.20,-8.18
CA-2011-134551,2011-12-20,2011,12,Tony Sayre,South,Office Supplies,Appliances,43.51,7,0.20,3.81
CA-2011-134551,2011-12-20,2011,12,Tony Sayre,South,Furniture,Chairs,662.88,3,0.20,74.57
CA-2011-134551,2011-12-20,2011,12,Tony Sayre,South,Office Supplies,Paper,25.92,5,0.20,9.07
CA-2011-136567,2011-12-20,2011,12,Penelope Sewall,South,Office Supplies,Storage,122.48,2,0.00,0.00
CA-2011-136567,2011-12-20,2011,12,Penelope Sewall,South,Furniture,Tables,2244.48,7,0.00,493.79
CA-2011-136567,2011-12-20,2011,12,Penelope Sewall,South,Office Supplies,Binders,62.31,3,0.00,29.29
CA-2011-136567,2011-12-20,2011,12,Penelope Sewall,South,Furniture,Tables,455.10,2,0.00,100.12
CA-2011-138681,2011-12-20,2011,12,Carol Triggs,West,Furniture,Furnishings,51.97,2,0.20,10.39
CA-2011-138681,2011-12-20,2011,12,Carol Triggs,West,Technology,Accessories,71.98,3,0.20,21.59
CA-2011-138681,2011-12-20,2011,12,Carol Triggs,West,Furniture,Chairs,242.35,3,0.20,-42.41
CA-2011-138681,2011-12-20,2011,12,Carol Triggs,West,Office Supplies,Paper,221.92,5,0.20,77.67
CA-2011-138681,2011-12-20,2011,12,Carol Triggs,West,Office Supplies,Paper,8.45,2,0.20,2.64
CA-2011-140816,2011-12-20,2011,12,Toby Carlisle,West,Technology,Accessories,447.94,7,0.20,89.59
CA-2011-156594,2011-12-20,2011,12,Michael Chen,West,Office Supplies,Binders,487.98,2,0.20,152.50
CA-2011-156594,2011-12-20,2011,12,Michael Chen,West,Office Supplies,Art,47.30,2,0.00,12.30
CA-2011-156594,2011-12-20,2011,12,Michael Chen,West,Office Supplies,Art,4.13,1,0.00,1.16
CA-2011-156594,2011-12-20,2011,12,Michael Chen,West,Office Supplies,Binders,155.12,5,0.20,50.41
CA-2011-160157,2011-12-20,2011,12,Mark Hamilton,East,Furniture,Furnishings,190.85,3,0.20,-21.47
CA-2011-163412,2011-12-20,2011,12,Suzanne McNair,East,Furniture,Chairs,192.19,3,0.10,36.30
US-2011-109036,2011-12-20,2011,12,Keith Herrera,West,Office Supplies,Labels,31.05,3,0.00,14.90
CA-2011-109127,2011-12-21,2011,12,John Castell,East,Office Supplies,Labels,17.28,6,0.00,7.95
CA-2011-134621,2011-12-21,2011,12,Dennis Pardue,South,Office Supplies,Binders,18.24,2,0.70,-14.59
CA-2011-154893,2011-12-21,2011,12,Gary McGarr,West,Furniture,Chairs,1325.76,6,0.20,149.15
CA-2011-154893,2011-12-21,2011,12,Gary McGarr,West,Furniture,Chairs,572.16,3,0.20,35.76
CA-2011-101364,2011-12-22,2011,12,Tamara Willingham,East,Office Supplies,Binders,296.71,13,0.20,100.14
CA-2011-133543,2011-12-22,2011,12,Khloe Miller,West,Office Supplies,Art,11.76,4,0.00,3.18
CA-2011-142510,2011-12-22,2011,12,Nora Preis,Central,Office Supplies,Storage,132.16,1,0.20,9.91
CA-2011-142510,2011-12-22,2011,12,Nora Preis,Central,Office Supplies,Binders,17.90,6,0.80,-31.33
CA-2011-142510,2011-12-22,2011,12,Nora Preis,Central,Office Supplies,Paper,124.03,4,0.20,44.96
CA-2011-146864,2011-12-22,2011,12,Bradley Talbott,East,Office Supplies,Storage,216.40,4,0.00,56.26
CA-2011-114517,2011-12-23,2011,12,Tiffany House,East,Furniture,Tables,53.32,2,0.40,-19.55
CA-2011-114517,2011-12-23,2011,12,Tiffany House,East,Office Supplies,Appliances,56.52,3,0.00,15.83
CA-2011-126333,2011-12-23,2011,12,Michelle Ellison,Central,Office Supplies,Paper,5.18,1,0.20,1.81
CA-2011-142314,2011-12-23,2011,12,Sarah Foster,Central,Office Supplies,Appliances,207.24,11,0.00,58.03
CA-2011-154158,2011-12-23,2011,12,Craig Carreira,South,Office Supplies,Paper,45.53,3,0.20,15.93
CA-2011-154158,2011-12-23,2011,12,Craig Carreira,South,Furniture,Chairs,64.78,1,0.20,6.48
CA-2011-154158,2011-12-23,2011,12,Craig Carreira,South,Office Supplies,Storage,424.27,2,0.20,-10.61
CA-2011-154158,2011-12-23,2011,12,Craig Carreira,South,Office Supplies,Art,1.34,1,0.20,0.50
CA-2011-154158,2011-12-23,2011,12,Craig Carreira,South,Office Supplies,Storage,83.92,5,0.20,-1.05
CA-2011-113166,2011-12-24,2011,12,Luke Foster,South,Office Supplies,Paper,9.57,2,0.20,3.47
CA-2011-132913,2011-12-24,2011,12,Adam Shillingsburg,West,Office Supplies,Appliances,13.97,1,0.00,3.63
CA-2011-156314,2011-12-24,2011,12,Resi Pölking,East,Furniture,Furnishings,30.36,5,0.20,8.73
US-2011-138247,2011-12-24,2011,12,Ben Ferrer,West,Technology,Phones,173.66,7,0.20,17.37
US-2011-138247,2011-12-24,2011,12,Ben Ferrer,West,Office Supplies,Appliances,361.96,2,0.00,101.35
US-2011-138247,2011-12-24,2011,12,Ben Ferrer,West,Technology,Accessories,62.85,3,0.00,13.20
US-2011-138247,2011-12-24,2011,12,Ben Ferrer,West,Technology,Phones,818.38,3,0.20,51.15
US-2011-138247,2011-12-24,2011,12,Ben Ferrer,West,Office Supplies,Storage,20.34,1,0.00,0.20
US-2011-138247,2011-12-24,2011,12,Ben Ferrer,West,Furniture,Furnishings,23.99,1,0.00,5.52
US-2011-167738,2011-12-24,2011,12,Julie Creighton,West,Office Supplies,Storage,142.86,1,0.00,41.43
US-2011-167738,2011-12-24,2011,12,Julie Creighton,West,Furniture,Chairs,292.27,6,0.20,18.27
CA-2011-101427,2011-12-26,2011,12,Andy Yotov,East,Office Supplies,Art,8.02,3,0.20,1.10
CA-2011-106264,2011-12-26,2011,12,Clytie Kelty,West,Office Supplies,Supplies,11.91,3,0.00,0.12
CA-2011-106264,2011-12-26,2011,12,Clytie Kelty,West,Furniture,Furnishings,3.48,2,0.00,1.11
CA-2011-111451,2011-12-26,2011,12,Kelly Lampkin,West,Furniture,Furnishings,300.42,8,0.20,78.86
CA-2011-111451,2011-12-26,2011,12,Kelly Lampkin,West,Furniture,Chairs,230.35,3,0.20,20.16
CA-2011-111451,2011-12-26,2011,12,Kelly Lampkin,West,Furniture,Furnishings,218.35,3,0.20,-24.56
CA-2011-111451,2011-12-26,2011,12,Kelly Lampkin,West,Office Supplies,Binders,78.60,5,0.70,-62.88
CA-2011-111451,2011-12-26,2011,12,Kelly Lampkin,West,Office Supplies,Fasteners,27.55,3,0.20,9.30
CA-2011-139598,2011-12-26,2011,12,Maureen Gnade,East,Office Supplies,Paper,18.26,3,0.20,6.16
CA-2011-139598,2011-12-26,2011,12,Maureen Gnade,East,Office Supplies,Appliances,34.66,2,0.20,5.63
CA-2011-139598,2011-12-26,2011,12,Maureen Gnade,East,Office Supplies,Appliances,81.55,2,0.20,8.16
CA-2011-139598,2011-12-26,2011,12,Maureen Gnade,East,Office Supplies,Storage,227.14,4,0.20,-42.59
CA-2011-168473,2011-12-26,2011,12,Tracy Blumstein,East,Office Supplies,Storage,191.88,6,0.00,19.19
US-2011-111171,2011-12-26,2011,12,Christina Anderson,Central,Office Supplies,Binders,8.69,5,0.80,-14.77
US-2011-152030,2011-12-26,2011,12,Alan Dominguez,Central,Furniture,Chairs,600.56,3,0.30,-8.58
CA-2011-120243,2011-12-27,2011,12,Alyssa Tate,West,Office Supplies,Labels,11.56,4,0.00,5.43
CA-2011-148383,2011-12-27,2011,12,Resi Pölking,West,Office Supplies,Binders,946.76,6,0.70,-694.29
CA-2011-153087,2011-12-27,2011,12,Tamara Chand,South,Office Supplies,Paper,23.92,4,0.00,11.72
CA-2011-153087,2011-12-27,2011,12,Tamara Chand,South,Technology,Accessories,498.00,5,0.00,184.26
CA-2011-162866,2011-12-27,2011,12,Corey-Lock,Central,Furniture,Furnishings,32.95,6,0.60,-19.77
CA-2011-162866,2011-12-27,2011,12,Corey-Lock,Central,Office Supplies,Storage,30.02,4,0.20,3.00
CA-2011-163447,2011-12-27,2011,12,Thomas Brumley,East,Furniture,Chairs,767.21,14,0.10,161.97
CA-2011-165393,2011-12-27,2011,12,Nathan Cano,Central,Office Supplies,Binders,4.98,1,0.80,-8.47
CA-2011-166961,2011-12-27,2011,12,Cynthia Delaney,West,Office Supplies,Appliances,10.98,1,0.00,2.96
CA-2011-166961,2011-12-27,2011,12,Cynthia Delaney,West,Office Supplies,Fasteners,7.86,3,0.00,3.62
CA-2011-166961,2011-12-27,2011,12,Cynthia Delaney,West,Office Supplies,Storage,51.45,3,0.00,13.89
CA-2011-166961,2011-12-27,2011,12,Cynthia Delaney,West,Office Supplies,Binders,37.06,3,0.20,13.90
US-2011-106334,2011-12-27,2011,12,Jeremy Farry,West,Furniture,Chairs,230.28,3,0.20,23.03
US-2011-106334,2011-12-27,2011,12,Jeremy Farry,West,Office Supplies,Paper,12.84,3,0.00,5.78
US-2011-159611,2011-12-27,2011,12,Karl Braun,East,Furniture,Furnishings,182.35,3,0.20,-18.24
US-2011-159611,2011-12-27,2011,12,Karl Braun,East,Office Supplies,Storage,118.16,2,0.20,-25.11
CA-2011-141313,2011-12-28,2011,12,Anthony Jacobs,East,Office Supplies,Appliances,1737.18,6,0.00,503.78
CA-2011-141313,2011-12-28,2011,12,Anthony Jacobs,East,Office Supplies,Storage,704.25,5,0.00,84.51
CA-2011-141313,2011-12-28,2011,12,Anthony Jacobs,East,Office Supplies,Paper,141.76,4,0.00,66.63
CA-2011-143371,2011-12-28,2011,12,Maribeth Dona,West,Office Supplies,Storage,998.82,9,0.00,29.96
CA-2011-143371,2011-12-28,2011,12,Maribeth Dona,West,Office Supplies,Supplies,51.15,5,0.00,13.30
CA-2011-164259,2011-12-28,2011,12,Sung Pak,East,Office Supplies,Art,99.14,4,0.20,8.67
CA-2011-102330,2011-12-29,2011,12,Arianne Irving,West,Office Supplies,Labels,88.80,6,0.00,44.40
CA-2011-102330,2011-12-29,2011,12,Arianne Irving,West,Technology,Phones,319.97,4,0.20,36.00
CA-2011-106803,2011-12-29,2011,12,Debra Catini,Central,Office Supplies,Storage,24.56,2,0.00,6.88
CA-2011-106803,2011-12-29,2011,12,Debra Catini,Central,Technology,Accessories,119.80,4,0.00,47.92
CA-2011-110786,2011-12-29,2011,12,Anthony Johnson,West,Furniture,Furnishings,24.90,5,0.00,8.22
CA-2011-110786,2011-12-29,2011,12,Anthony Johnson,West,Office Supplies,Paper,21.12,4,0.00,9.50
CA-2011-110786,2011-12-29,2011,12,Anthony Johnson,West,Technology,Machines,767.95,6,0.20,287.98
CA-2011-110786,2011-12-29,2011,12,Anthony Johnson,West,Office Supplies,Binders,14.35,3,0.20,4.66
CA-2011-110786,2011-12-29,2011,12,Anthony Johnson,West,Technology,Phones,191.98,3,0.20,19.20
CA-2011-110786,2011-12-29,2011,12,Anthony Johnson,West,Office Supplies,Labels,274.77,9,0.00,126.39
CA-2011-110786,2011-12-29,2011,12,Anthony Johnson,West,Furniture,Furnishings,70.56,6,0.00,23.99
CA-2011-118276,2011-12-29,2011,12,Michael Granlund,Central,Furniture,Furnishings,8.74,3,0.60,-4.80
CA-2011-126802,2011-12-29,2011,12,Zuschuss Carroll,Central,Furniture,Furnishings,38.98,3,0.60,-50.67
CA-2011-152345,2011-12-29,2011,12,Shui Tom,West,Technology,Phones,23.98,3,0.20,-5.69
CA-2011-152345,2011-12-29,2011,12,Shui Tom,West,Office Supplies,Storage,33.29,1,0.00,7.99
CA-2011-165477,2011-12-29,2011,12,Ricardo Emerson,East,Office Supplies,Appliances,48.36,5,0.20,6.05
CA-2011-104738,2011-12-30,2011,12,Stefania Perrino,Central,Office Supplies,Envelopes,12.98,3,0.20,4.71
CA-2011-104738,2011-12-30,2011,12,Stefania Perrino,Central,Technology,Phones,217.58,2,0.20,19.04
CA-2011-104738,2011-12-30,2011,12,Stefania Perrino,Central,Technology,Phones,328.78,3,0.20,28.77
CA-2011-104738,2011-12-30,2011,12,Stefania Perrino,Central,Office Supplies,Binders,2.29,3,0.80,-3.66
CA-2011-104738,2011-12-30,2011,12,Stefania Perrino,Central,Technology,Accessories,47.98,2,0.20,14.40
CA-2011-130960,2011-12-30,2011,12,Ken Brennan,Central,Office Supplies,Art,9.84,3,0.00,2.85
CA-2011-131800,2011-12-30,2011,12,Astrea Jones,East,Office Supplies,Appliances,122.94,3,0.00,30.74
CA-2011-131800,2011-12-30,2011,12,Astrea Jones,East,Office Supplies,Binders,35.45,7,0.20,12.85
CA-2011-138072,2011-12-30,2011,12,Guy Armstrong,East,Technology,Accessories,27.97,2,0.20,6.99
CA-2011-166730,2011-12-30,2011,12,Dorothy Dickinson,South,Office Supplies,Storage,39.13,1,0.20,-8.80
US-2011-115189,2011-12-30,2011,12,Alex Russell,East,Technology,Phones,251.96,6,0.40,-50.39
US-2011-115189,2011-12-30,2011,12,Alex Russell,East,Furniture,Tables,523.76,3,0.40,-192.05
US-2011-169789,2011-12-30,2011,12,Maureen Fritzler,West,Office Supplies,Binders,551.99,5,0.70,-459.99
CA-2011-111150,2011-12-31,2011,12,Rob Williams,Central,Office Supplies,Art,29.68,7,0.00,11.58
CA-2011-111150,2011-12-31,2011,12,Rob Williams,Central,Technology,Accessories,47.53,7,0.00,16.16
CA-2011-127383,2011-12-31,2011,12,Candace McMahon,Central,Office Supplies,Envelopes,49.57,2,0.20,17.97
CA-2011-133592,2011-12-31,2011,12,Katherine Murray,East,Office Supplies,Paper,195.64,4,0.00,91.95
CA-2011-133592,2011-12-31,2011,12,Katherine Murray,East,Office Supplies,Paper,14.94,3,0.00,7.02
CA-2011-133592,2011-12-31,2011,12,Katherine Murray,East,Technology,Accessories,1687.80,4,0.00,742.63
CA-2011-133592,2011-12-31,2011,12,Katherine Murray,East,Furniture,Bookcases,341.96,2,0.00,78.65
CA-2011-133592,2011-12-31,2011,12,Katherine Murray,East,Furniture,Chairs,605.88,6,0.00,151.47
CA-2011-150245,2011-12-31,2011,12,Pamela Coakley,East,Furniture,Bookcases,1573.49,7,0.20,196.69
CA-2011-157644,2011-12-31,2011,12,Aaron Hawkins,East,Technology,Accessories,34.77,3,0.00,11.47
CA-2011-157644,2011-12-31,2011,12,Aaron Hawkins,East,Office Supplies,Labels,18.90,3,0.00,8.69
US-2011-133949,2011-12-31,2011,12,James Lanier,West,Technology,Phones,475.94,7,0.20,59.49
US-2011-143231,2011-12-31,2011,12,Gary Mitchum,East,Furniture,Furnishings,63.20,5,0.00,23.38
US-2011-143231,2011-12-31,2011,12,Gary Mitchum,East,Technology,Accessories,113.97,3,0.00,27.35
CA-2012-104514,2012-01-02,2012,1,Claudia Bergmann,East,Office Supplies,Storage,85.52,2,0.00,22.24
CA-2012-104514,2012-01-02,2012,1,Claudia Bergmann,East,Office Supplies,Art,9.84,3,0.00,2.66
CA-2012-104514,2012-01-02,2012,1,Claudia Bergmann,East,Office Supplies,Paper,20.04,3,0.00,9.62
CA-2012-146262,2012-01-02,2012,1,Victoria Wilson,East,Office Supplies,Labels,23.68,2,0.20,8.88
CA-2012-146262,2012-01-02,2012,1,Victoria Wilson,East,Furniture,Bookcases,452.45,5,0.50,-244.32
CA-2012-146262,2012-01-02,2012,1,Victoria Wilson,East,Technology,Phones,62.98,3,0.40,-14.70
CA-2012-146262,2012-01-02,2012,1,Victoria Wilson,East,Technology,Machines,1188.00,9,0.70,-950.40
CA-2012-146262,2012-01-02,2012,1,Victoria Wilson,East,Technology,Accessories,89.58,2,0.20,4.48
CA-2012-121097,2012-01-03,2012,1,Sylvia Foulston,Central,Office Supplies,Paper,10.37,2,0.20,3.63
CA-2012-141243,2012-01-03,2012,1,Amy Hunt,Central,Technology,Accessories,398.40,5,0.20,84.66
CA-2012-141243,2012-01-03,2012,1,Amy Hunt,Central,Office Supplies,Art,7.06,3,0.20,0.79
CA-2012-141243,2012-01-03,2012,1,Amy Hunt,Central,Furniture,Bookcases,1352.40,9,0.32,-437.54
CA-2012-104241,2012-01-04,2012,1,Andrew Gjertsen,South,Furniture,Furnishings,192.22,14,0.00,69.20
CA-2012-149811,2012-01-04,2012,1,Chris Selesnick,Central,Office Supplies,Binders,32.34,3,0.00,15.52
CA-2012-149811,2012-01-04,2012,1,Chris Selesnick,Central,Office Supplies,Paper,39.90,5,0.00,19.95
CA-2012-108588,2012-01-05,2012,1,Brooke Gillingham,East,Office Supplies,Art,59.52,3,0.00,15.48
CA-2012-108588,2012-01-05,2012,1,Brooke Gillingham,East,Office Supplies,Envelopes,17.48,2,0.00,8.22
CA-2012-108588,2012-01-05,2012,1,Brooke Gillingham,East,Office Supplies,Binders,13.17,2,0.20,4.61
CA-2012-154970,2012-01-05,2012,1,Steven Roelle,West,Furniture,Chairs,61.58,1,0.20,-6.93
CA-2012-158701,2012-01-05,2012,1,James Lanier,West,Office Supplies,Appliances,87.36,6,0.00,23.59
CA-2012-158701,2012-01-05,2012,1,James Lanier,West,Office Supplies,Binders,56.16,6,0.20,17.55
CA-2012-149636,2012-01-06,2012,1,Stefania Perrino,West,Office Supplies,Paper,29.60,5,0.20,9.25
CA-2012-149636,2012-01-06,2012,1,Stefania Perrino,West,Office Supplies,Binders,1.94,2,0.70,-1.36
CA-2012-119480,2012-01-09,2012,1,Craig Carroll,South,Office Supplies,Paper,106.32,3,0.00,49.97
CA-2012-119480,2012-01-09,2012,1,Craig Carroll,South,Office Supplies,Appliances,163.44,3,0.00,45.76
CA-2012-119480,2012-01-09,2012,1,Craig Carroll,South,Office Supplies,Art,42.76,2,0.00,11.12
CA-2012-119480,2012-01-09,2012,1,Craig Carroll,South,Office Supplies,Paper,51.55,5,0.00,24.23
US-2012-157154,2012-01-10,2012,1,Michael Moore,East,Furniture,Tables,1018.10,4,0.40,-373.30
CA-2012-128608,2012-01-12,2012,1,Cindy Schnelling,East,Office Supplies,Art,10.37,2,0.20,1.56
CA-2012-128608,2012-01-12,2012,1,Cindy Schnelling,East,Technology,Phones,235.19,2,0.40,-43.12
CA-2012-128608,2012-01-12,2012,1,Cindy Schnelling,East,Technology,Phones,26.38,4,0.40,2.64
CA-2012-128608,2012-01-12,2012,1,Cindy Schnelling,East,Technology,Accessories,10.38,2,0.20,2.21
CA-2012-128608,2012-01-12,2012,1,Cindy Schnelling,East,Technology,Phones,107.12,3,0.40,-21.42
CA-2012-156755,2012-01-12,2012,1,Yana Sorensen,East,Office Supplies,Storage,465.18,3,0.00,120.95
CA-2012-137526,2012-01-13,2012,1,Philip Brown,West,Office Supplies,Binders,70.01,3,0.20,24.50
CA-2012-137526,2012-01-13,2012,1,Philip Brown,West,Furniture,Furnishings,77.60,4,0.00,38.02
CA-2012-137526,2012-01-13,2012,1,Philip Brown,West,Furniture,Furnishings,464.85,9,0.00,92.97
CA-2012-169677,2012-01-13,2012,1,Karen Seio,South,Office Supplies,Labels,9.82,2,0.00,4.81
CA-2012-151547,2012-01-17,2012,1,Amy Hunt,South,Office Supplies,Supplies,88.96,8,0.20,10.01
CA-2012-152681,2012-01-17,2012,1,Scott Cohen,East,Office Supplies,Art,6.68,2,0.00,2.00
US-2012-101399,2012-01-17,2012,1,Joni Sundaresam,Central,Furniture,Furnishings,254.74,7,0.60,-312.06
CA-2012-141250,2012-01-19,2012,1,Paul MacIntyre,Central,Furniture,Tables,102.44,1,0.30,-13.17
CA-2012-141250,2012-01-19,2012,1,Paul MacIntyre,Central,Furniture,Chairs,199.30,4,0.30,-8.54
CA-2012-119214,2012-01-23,2012,1,Carl Weiss,West,Office Supplies,Paper,29.04,3,0.00,13.94
CA-2012-119214,2012-01-23,2012,1,Carl Weiss,West,Office Supplies,Labels,14.62,2,0.00,6.87
CA-2012-128958,2012-01-24,2012,1,Cyra Reiten,South,Office Supplies,Art,13.12,5,0.20,2.13
CA-2012-109603,2012-01-26,2012,1,Elizabeth Moffitt,West,Office Supplies,Paper,182.72,8,0.00,84.05
CA-2012-164777,2012-01-27,2012,1,Sean Christensen,West,Furniture,Chairs,2803.92,5,0.20,0.00
CA-2012-168746,2012-01-27,2012,1,Seth Vernon,East,Furniture,Chairs,181.99,2,0.30,-54.60
CA-2012-168746,2012-01-27,2012,1,Seth Vernon,East,Technology,Phones,431.98,4,0.40,-100.79
CA-2012-168746,2012-01-27,2012,1,Seth Vernon,East,Technology,Phones,155.37,1,0.40,-36.25
CA-2012-116638,2012-01-28,2012,1,Joseph Holt,South,Furniture,Tables,4297.64,13,0.40,-1862.31
CA-2012-121797,2012-01-30,2012,1,Charles Crestani,West,Furniture,Furnishings,227.36,7,0.00,81.85
CA-2012-121797,2012-01-30,2012,1,Charles Crestani,West,Technology,Machines,1919.98,3,0.20,216.00
CA-2012-145401,2012-01-30,2012,1,Jeremy Pistek,Central,Office Supplies,Paper,14.30,6,0.20,5.01
CA-2012-149587,2012-01-31,2012,1,Karl Braun,Central,Office Supplies,Paper,12.96,2,0.00,6.22
CA-2012-149587,2012-01-31,2012,1,Karl Braun,Central,Furniture,Furnishings,53.34,3,0.00,16.54
CA-2012-149587,2012-01-31,2012,1,Karl Braun,Central,Office Supplies,Binders,32.96,2,0.00,16.15
CA-2012-103093,2012-02-03,2012,2,Frank Olsen,South,Office Supplies,Envelopes,74.52,9,0.00,35.02
CA-2012-127327,2012-02-03,2012,2,Pauline Webber,East,Furniture,Chairs,90.88,1,0.10,15.15
CA-2012-132633,2012-02-03,2012,2,Ken Heidel,West,Office Supplies,Binders,12.14,3,0.20,4.10
CA-2012-140921,2012-02-03,2012,2,Allen Armold,Central,Furniture,Furnishings,28.40,2,0.00,11.08
CA-2012-140921,2012-02-03,2012,2,Allen Armold,Central,Technology,Accessories,149.97,3,0.00,50.99
CA-2012-157959,2012-02-03,2012,2,Rick Wilson,West,Furniture,Furnishings,136.92,4,0.00,41.08
CA-2012-104038,2012-02-06,2012,2,Lori Olson,South,Office Supplies,Storage,146.73,3,0.00,2.93
CA-2012-104038,2012-02-06,2012,2,Lori Olson,South,Office Supplies,Paper,29.90,5,0.00,13.46
CA-2012-111507,2012-02-06,2012,2,Victoria Wilson,West,Office Supplies,Art,5.28,3,0.00,1.53
CA-2012-137064,2012-02-06,2012,2,Trudy Schmidt,Central,Office Supplies,Binders,2.93,3,0.80,-4.99
CA-2012-137064,2012-02-06,2012,2,Trudy Schmidt,Central,Technology,Accessories,18.53,2,0.20,4.40
CA-2012-137064,2012-02-06,2012,2,Trudy Schmidt,Central,Office Supplies,Storage,670.75,3,0.20,-125.77
CA-2012-156482,2012-02-06,2012,2,Ivan Liston,East,Furniture,Chairs,1268.82,9,0.00,266.45
CA-2012-156482,2012-02-06,2012,2,Ivan Liston,East,Furniture,Bookcases,283.92,4,0.00,82.34
CA-2012-156482,2012-02-06,2012,2,Ivan Liston,East,Office Supplies,Art,5.68,2,0.00,1.76
CA-2012-147529,2012-02-07,2012,2,Damala Kotsonis,South,Office Supplies,Envelopes,311.15,5,0.00,146.24
CA-2012-147529,2012-02-07,2012,2,Damala Kotsonis,South,Office Supplies,Paper,12.96,2,0.00,6.35
CA-2012-114923,2012-02-08,2012,2,Lisa Hazard,East,Technology,Phones,107.98,3,0.40,-27.00
US-2012-130491,2012-02-08,2012,2,Brosina Hoffman,Central,Office Supplies,Paper,9.54,2,0.00,4.29
US-2012-130491,2012-02-08,2012,2,Brosina Hoffman,Central,Office Supplies,Fasteners,5.81,1,0.00,1.80
US-2012-130491,2012-02-08,2012,2,Brosina Hoffman,Central,Office Supplies,Art,5.76,2,0.00,1.73
CA-2012-101007,2012-02-09,2012,2,Michael Stewart,Central,Technology,Accessories,20.80,2,0.20,6.50
CA-2012-135391,2012-02-09,2012,2,Frank Atkinson,Central,Office Supplies,Labels,40.10,4,0.20,13.53
CA-2012-135391,2012-02-09,2012,2,Frank Atkinson,Central,Furniture,Furnishings,40.78,2,0.60,-30.59
CA-2012-146038,2012-02-09,2012,2,Sarah Jordon,West,Furniture,Chairs,203.92,5,0.20,22.94
US-2012-153374,2012-02-09,2012,2,Jill Fjeld,Central,Technology,Accessories,479.95,6,0.20,89.99
CA-2012-101126,2012-02-10,2012,2,Nona Balk,East,Office Supplies,Storage,77.24,5,0.20,7.72
CA-2012-116876,2012-02-14,2012,2,Ted Trevino,East,Office Supplies,Binders,26.42,9,0.20,9.58
CA-2012-116876,2012-02-14,2012,2,Ted Trevino,East,Technology,Phones,625.99,1,0.00,187.80
US-2012-147662,2012-02-14,2012,2,Karl Braun,East,Office Supplies,Binders,14.95,2,0.70,-11.96
US-2012-147662,2012-02-14,2012,2,Karl Braun,East,Technology,Phones,323.98,3,0.40,-81.00
US-2012-147662,2012-02-14,2012,2,Karl Braun,East,Office Supplies,Binders,2.29,2,0.70,-1.68
US-2012-147662,2012-02-14,2012,2,Karl Braun,East,Office Supplies,Art,14.35,3,0.20,0.90
US-2012-147662,2012-02-14,2012,2,Karl Braun,East,Technology,Accessories,71.98,3,0.20,0.90
CA-2012-116092,2012-02-15,2012,2,Justin MacKendrick,West,Office Supplies,Paper,13.36,2,0.00,6.41
CA-2012-116092,2012-02-15,2012,2,Justin MacKendrick,West,Office Supplies,Binders,41.72,5,0.20,13.04
CA-2012-116092,2012-02-15,2012,2,Justin MacKendrick,West,Office Supplies,Binders,11.52,5,0.20,4.18
CA-2012-116092,2012-02-15,2012,2,Justin MacKendrick,West,Office Supplies,Appliances,541.44,6,0.00,157.02
CA-2012-116092,2012-02-15,2012,2,Justin MacKendrick,West,Office Supplies,Paper,19.44,3,0.00,9.33
CA-2012-154326,2012-02-15,2012,2,Roy Phan,Central,Technology,Phones,134.97,3,0.00,64.79
CA-2012-154326,2012-02-15,2012,2,Roy Phan,Central,Technology,Phones,699.98,2,0.00,195.99
CA-2012-154326,2012-02-15,2012,2,Roy Phan,Central,Technology,Accessories,139.95,5,0.00,26.59
CA-2012-121776,2012-02-16,2012,2,Rob Dowd,West,Office Supplies,Paper,36.84,3,0.00,17.31
CA-2012-121776,2012-02-16,2012,2,Rob Dowd,West,Office Supplies,Labels,87.71,7,0.00,41.22
CA-2012-156923,2012-02-16,2012,2,Sung Pak,East,Office Supplies,Paper,35.88,6,0.00,16.15
CA-2012-105725,2012-02-18,2012,2,Guy Thornton,West,Office Supplies,Labels,61.06,2,0.00,28.09
CA-2012-105725,2012-02-18,2012,2,Guy Thornton,West,Furniture,Tables,35.54,1,0.20,-0.89
CA-2012-111234,2012-02-18,2012,2,Ann Blume,West,Office Supplies,Labels,9.24,3,0.00,4.44
CA-2012-152611,2012-02-20,2012,2,Kelly Andreada,East,Office Supplies,Art,286.79,7,0.00,74.57
CA-2012-169740,2012-02-20,2012,2,Liz MacKendrick,South,Technology,Accessories,29.99,1,0.00,3.00
CA-2012-129770,2012-02-21,2012,2,Joe Elijah,West,Office Supplies,Paper,49.12,4,0.00,23.09
CA-2012-162782,2012-02-21,2012,2,Pierre Wener,East,Office Supplies,Binders,2541.98,2,0.00,1270.99
CA-2012-132374,2012-02-22,2012,2,Penelope Sewall,Central,Office Supplies,Art,79.36,4,0.00,20.63
CA-2012-132276,2012-02-23,2012,2,Lindsay Castell,East,Office Supplies,Appliances,26.88,6,0.00,6.72
CA-2012-132276,2012-02-23,2012,2,Lindsay Castell,East,Office Supplies,Binders,10.90,2,0.20,3.81
CA-2012-154900,2012-02-25,2012,2,Sung Shariari,East,Office Supplies,Labels,3.15,1,0.00,1.51
CA-2012-154900,2012-02-25,2012,2,Sung Shariari,East,Office Supplies,Paper,22.72,4,0.00,10.22
CA-2012-104129,2012-02-27,2012,2,Erin Smith,East,Technology,Phones,105.98,2,0.00,1.06
CA-2012-104129,2012-02-27,2012,2,Erin Smith,East,Furniture,Tables,493.92,7,0.30,-28.22
CA-2012-111325,2012-02-27,2012,2,Bill Tyler,East,Office Supplies,Binders,4.42,3,0.70,-3.39
CA-2012-111325,2012-02-27,2012,2,Bill Tyler,East,Office Supplies,Art,16.03,6,0.20,2.20
CA-2012-138485,2012-02-27,2012,2,Nora Paige,West,Technology,Accessories,538.92,9,0.00,80.84
US-2012-145436,2012-02-28,2012,2,Valerie Dominguez,South,Furniture,Chairs,161.57,2,0.20,-28.27
US-2012-145436,2012-02-28,2012,2,Valerie Dominguez,South,Furniture,Chairs,389.70,8,0.20,43.84
CA-2012-102316,2012-02-29,2012,2,Dave Hallsten,West,Technology,Phones,15.98,2,0.20,1.20
CA-2012-102316,2012-02-29,2012,2,Dave Hallsten,West,Furniture,Chairs,184.75,3,0.20,-20.78
CA-2012-153325,2012-02-29,2012,2,Shui Tom,South,Office Supplies,Binders,58.72,4,0.00,27.01
CA-2012-104052,2012-03-01,2012,3,Tracy Poddar,Central,Technology,Phones,95.84,4,0.20,34.74
CA-2012-133494,2012-03-01,2012,3,Resi Pölking,East,Office Supplies,Appliances,3.55,2,0.20,0.44
CA-2012-133585,2012-03-01,2012,3,Craig Molinari,Central,Office Supplies,Art,55.33,2,0.20,6.22
CA-2012-133585,2012-03-01,2012,3,Craig Molinari,Central,Furniture,Bookcases,1228.00,6,0.32,-36.12
CA-2012-105970,2012-03-02,2012,3,Pete Armstrong,Central,Office Supplies,Art,10.16,1,0.00,2.64
CA-2012-105970,2012-03-02,2012,3,Pete Armstrong,Central,Office Supplies,Envelopes,101.88,6,0.00,50.94
CA-2012-110457,2012-03-02,2012,3,Dave Kipp,West,Furniture,Tables,787.53,3,0.00,165.38
CA-2012-109001,2012-03-05,2012,3,Katherine Nockton,East,Technology,Phones,466.16,7,0.40,-93.23
CA-2012-109001,2012-03-05,2012,3,Katherine Nockton,East,Technology,Accessories,10.31,1,0.20,-1.29
CA-2012-109001,2012-03-05,2012,3,Katherine Nockton,East,Office Supplies,Binders,2.56,3,0.70,-1.79
CA-2012-109512,2012-03-05,2012,3,Luke Foster,East,Office Supplies,Envelopes,29.34,3,0.00,14.67
CA-2012-109512,2012-03-05,2012,3,Luke Foster,East,Furniture,Chairs,383.61,7,0.10,63.93
CA-2012-109512,2012-03-05,2012,3,Luke Foster,East,Office Supplies,Storage,563.40,4,0.00,67.61
CA-2012-120320,2012-03-05,2012,3,Mike Vittorini,Central,Technology,Phones,31.92,2,0.20,2.39
CA-2012-125185,2012-03-05,2012,3,Alan Haines,East,Furniture,Chairs,99.37,2,0.30,-7.10
CA-2012-125185,2012-03-05,2012,3,Alan Haines,East,Furniture,Furnishings,33.57,2,0.20,-5.45
CA-2012-140221,2012-03-05,2012,3,Maribeth Schnelling,Central,Office Supplies,Binders,11.21,2,0.80,-16.82
CA-2012-140221,2012-03-05,2012,3,Maribeth Schnelling,Central,Furniture,Furnishings,4.71,2,0.60,-1.88
CA-2012-140221,2012-03-05,2012,3,Maribeth Schnelling,Central,Office Supplies,Appliances,180.98,5,0.80,-470.55
CA-2012-140221,2012-03-05,2012,3,Maribeth Schnelling,Central,Office Supplies,Storage,60.42,2,0.20,6.04
CA-2012-151785,2012-03-05,2012,3,Jennifer Jackson,Central,Office Supplies,Fasteners,7.10,6,0.20,2.49
CA-2012-153108,2012-03-05,2012,3,Sarah Foster,Central,Technology,Phones,23.92,2,0.00,6.70
CA-2012-153108,2012-03-05,2012,3,Sarah Foster,Central,Office Supplies,Appliances,60.69,7,0.00,16.39
CA-2012-142944,2012-03-06,2012,3,John Lucas,West,Furniture,Furnishings,435.26,7,0.00,95.76
CA-2012-142944,2012-03-06,2012,3,John Lucas,West,Technology,Copiers,1119.98,2,0.20,377.99
CA-2012-146255,2012-03-07,2012,3,Eugene Moren,East,Technology,Accessories,119.85,3,0.00,52.73
CA-2012-146255,2012-03-07,2012,3,Eugene Moren,East,Office Supplies,Binders,30.44,2,0.00,14.92
CA-2012-146255,2012-03-07,2012,3,Eugene Moren,East,Office Supplies,Binders,69.28,2,0.00,33.25
CA-2012-146255,2012-03-07,2012,3,Eugene Moren,East,Technology,Phones,587.97,3,0.00,170.51
CA-2012-105627,2012-03-08,2012,3,Dana Kaydos,Central,Furniture,Bookcases,512.94,3,0.00,97.46
CA-2012-105627,2012-03-08,2012,3,Dana Kaydos,Central,Furniture,Chairs,860.93,7,0.00,189.40
CA-2012-105627,2012-03-08,2012,3,Dana Kaydos,Central,Technology,Phones,769.95,5,0.00,223.29
CA-2012-105627,2012-03-08,2012,3,Dana Kaydos,Central,Office Supplies,Art,14.98,1,0.00,4.49
CA-2012-105627,2012-03-08,2012,3,Dana Kaydos,Central,Furniture,Furnishings,373.08,6,0.00,82.08
CA-2012-107741,2012-03-08,2012,3,Fred Chung,West,Office Supplies,Art,3.41,1,0.20,0.89
CA-2012-132136,2012-03-08,2012,3,Frank Olsen,Central,Office Supplies,Binders,8.57,3,0.80,-14.57
CA-2012-160213,2012-03-08,2012,3,Anthony Rawles,East,Office Supplies,Paper,19.44,3,0.00,9.33
CA-2012-110345,2012-03-09,2012,3,Toby Gnade,South,Office Supplies,Labels,4.61,2,0.20,1.67
CA-2012-123155,2012-03-09,2012,3,Noel Staavos,Central,Technology,Accessories,113.52,5,0.20,29.80
CA-2012-123155,2012-03-09,2012,3,Noel Staavos,Central,Technology,Phones,359.88,3,0.20,22.49
CA-2012-146829,2012-03-10,2012,3,Toby Swindell,Central,Office Supplies,Binders,1.11,2,0.80,-1.89
US-2012-118906,2012-03-10,2012,3,Ken Black,East,Office Supplies,Storage,89.82,6,0.00,25.15
CA-2012-128083,2012-03-12,2012,3,Edward Becker,South,Office Supplies,Envelopes,8.69,3,0.20,2.93
CA-2012-128083,2012-03-12,2012,3,Edward Becker,South,Furniture,Furnishings,30.88,4,0.20,3.86
CA-2012-128083,2012-03-12,2012,3,Edward Becker,South,Furniture,Furnishings,6.41,3,0.20,1.44
CA-2012-148705,2012-03-12,2012,3,Evan Bailliet,South,Office Supplies,Labels,5.04,2,0.20,1.76
CA-2012-114237,2012-03-13,2012,3,Marc Crier,West,Furniture,Bookcases,141.96,2,0.00,39.75
US-2012-139675,2012-03-13,2012,3,Nicole Fjeld,West,Furniture,Chairs,915.14,4,0.20,102.95
US-2012-139675,2012-03-13,2012,3,Nicole Fjeld,West,Furniture,Furnishings,327.76,8,0.00,91.77
CA-2012-163587,2012-03-14,2012,3,Emily Phan,East,Office Supplies,Labels,16.52,4,0.00,7.60
CA-2012-163587,2012-03-14,2012,3,Emily Phan,East,Office Supplies,Binders,671.94,3,0.00,315.81
CA-2012-167479,2012-03-14,2012,3,Arianne Irving,West,Office Supplies,Paper,19.44,3,0.00,9.33
CA-2012-155124,2012-03-15,2012,3,Karen Seio,West,Technology,Phones,16.78,3,0.20,1.68
CA-2012-112116,2012-03-16,2012,3,Jeremy Ellison,West,Furniture,Tables,171.96,2,0.00,44.71
CA-2012-134257,2012-03-16,2012,3,Maurice Satty,South,Office Supplies,Labels,491.55,5,0.00,240.86
CA-2012-134257,2012-03-16,2012,3,Maurice Satty,South,Office Supplies,Envelopes,7.38,2,0.00,3.39
CA-2012-144722,2012-03-16,2012,3,Monica Federle,West,Furniture,Furnishings,43.13,1,0.00,18.11
CA-2012-145352,2012-03-16,2012,3,Christopher Martinez,South,Office Supplies,Art,2.74,1,0.00,0.74
CA-2012-145352,2012-03-16,2012,3,Christopher Martinez,South,Office Supplies,Art,8.34,3,0.00,2.17
CA-2012-145352,2012-03-16,2012,3,Christopher Martinez,South,Office Supplies,Storage,46.74,3,0.00,11.69
CA-2012-145352,2012-03-16,2012,3,Christopher Martinez,South,Office Supplies,Binders,6354.95,5,0.00,3177.48
CA-2012-153906,2012-03-16,2012,3,Michael Stewart,East,Technology,Phones,85.90,2,0.00,2.58
US-2012-150231,2012-03-16,2012,3,Jim Kriz,East,Office Supplies,Art,17.52,3,0.00,6.31
CA-2012-110632,2012-03-17,2012,3,Harold Ryan,East,Technology,Accessories,15.02,1,0.00,2.70
CA-2012-110632,2012-03-17,2012,3,Harold Ryan,East,Office Supplies,Storage,33.82,2,0.00,9.13
CA-2012-111829,2012-03-19,2012,3,Fred Hopkins,West,Office Supplies,Storage,1247.64,3,0.00,349.34
CA-2012-111829,2012-03-19,2012,3,Fred Hopkins,West,Technology,Copiers,3149.93,7,0.00,1480.47
CA-2012-111829,2012-03-19,2012,3,Fred Hopkins,West,Office Supplies,Paper,209.70,2,0.00,100.66
CA-2012-113110,2012-03-19,2012,3,Berenike Kampe,West,Office Supplies,Binders,17.57,2,0.20,6.37
CA-2012-113110,2012-03-19,2012,3,Berenike Kampe,West,Office Supplies,Labels,14.62,2,0.00,6.87
CA-2012-113110,2012-03-19,2012,3,Berenike Kampe,West,Office Supplies,Supplies,33.36,4,0.00,8.67
CA-2012-113110,2012-03-19,2012,3,Berenike Kampe,West,Office Supplies,Paper,40.14,6,0.00,19.67
CA-2012-132101,2012-03-19,2012,3,Jesus Ocampo,West,Technology,Phones,453.58,3,0.20,39.69
CA-2012-143532,2012-03-19,2012,3,Dan Campbell,South,Office Supplies,Paper,14.50,3,0.20,4.89
CA-2012-149993,2012-03-19,2012,3,Guy Armstrong,West,Office Supplies,Fasteners,10.90,5,0.00,3.60
CA-2012-163104,2012-03-19,2012,3,Mike Caudle,West,Office Supplies,Paper,11.96,2,0.00,5.86
CA-2012-168088,2012-03-19,2012,3,Corinna Mitchell,Central,Office Supplies,Paper,65.58,2,0.20,23.77
CA-2012-168088,2012-03-19,2012,3,Corinna Mitchell,Central,Furniture,Bookcases,383.47,4,0.32,-67.67
CA-2012-106565,2012-03-20,2012,3,Bart Watters,Central,Office Supplies,Paper,51.84,8,0.00,24.88
CA-2012-127607,2012-03-20,2012,3,Joe Kamberova,Central,Office Supplies,Binders,2.51,2,0.80,-4.40
CA-2012-127607,2012-03-20,2012,3,Joe Kamberova,Central,Office Supplies,Fasteners,18.86,9,0.20,6.13
CA-2012-159534,2012-03-20,2012,3,Dave Hallsten,East,Office Supplies,Binders,49.85,3,0.20,16.82
CA-2012-159534,2012-03-20,2012,3,Dave Hallsten,East,Office Supplies,Envelopes,23.99,1,0.00,12.00
CA-2012-159534,2012-03-20,2012,3,Dave Hallsten,East,Office Supplies,Binders,1087.94,8,0.20,353.58
CA-2012-159534,2012-03-20,2012,3,Dave Hallsten,East,Technology,Phones,199.98,2,0.00,53.99
CA-2012-159534,2012-03-20,2012,3,Dave Hallsten,East,Office Supplies,Storage,83.92,4,0.00,20.14
CA-2012-165813,2012-03-20,2012,3,Bryan Mills,West,Office Supplies,Storage,29.30,3,0.20,2.56
CA-2012-120621,2012-03-21,2012,3,Julia West,South,Office Supplies,Appliances,962.08,4,0.20,156.34
CA-2012-120621,2012-03-21,2012,3,Julia West,South,Office Supplies,Binders,12.84,3,0.70,-9.85
CA-2012-120621,2012-03-21,2012,3,Julia West,South,Office Supplies,Paper,295.46,14,0.20,96.02
CA-2012-117884,2012-03-22,2012,3,Debra Catini,South,Technology,Accessories,447.94,7,0.20,89.59
CA-2012-117884,2012-03-22,2012,3,Debra Catini,South,Office Supplies,Storage,150.41,9,0.20,-33.84
CA-2012-121552,2012-03-22,2012,3,Fred Wasserman,South,Office Supplies,Art,19.56,4,0.00,5.48
CA-2012-157812,2012-03-22,2012,3,Dean Braden,Central,Technology,Accessories,18.39,1,0.20,5.29
CA-2012-157812,2012-03-22,2012,3,Dean Braden,Central,Office Supplies,Storage,129.57,2,0.20,-25.91
CA-2012-157812,2012-03-22,2012,3,Dean Braden,Central,Office Supplies,Binders,14.11,9,0.80,-21.17
CA-2012-163440,2012-03-22,2012,3,Ruben Dartt,West,Technology,Phones,15.98,2,0.20,1.20
US-2012-163279,2012-03-22,2012,3,Justin Deggeller,West,Office Supplies,Paper,105.52,4,0.00,48.54
US-2012-163279,2012-03-22,2012,3,Justin Deggeller,West,Furniture,Furnishings,91.96,2,0.00,15.63
US-2012-163279,2012-03-22,2012,3,Justin Deggeller,West,Technology,Phones,1487.98,3,0.20,186.00
CA-2012-130218,2012-03-23,2012,3,Sheri Gordon,South,Office Supplies,Fasteners,31.56,4,0.00,14.20
CA-2012-130218,2012-03-23,2012,3,Sheri Gordon,South,Office Supplies,Storage,27.92,4,0.00,0.56
CA-2012-138219,2012-03-23,2012,3,Bart Pistole,West,Office Supplies,Paper,33.36,4,0.00,16.68
US-2012-107944,2012-03-23,2012,3,Alice McCarthy,West,Office Supplies,Paper,192.72,11,0.00,92.51
US-2012-107944,2012-03-23,2012,3,Alice McCarthy,West,Technology,Accessories,239.97,3,0.00,86.39
US-2012-125374,2012-03-23,2012,3,Julia Dunbar,Central,Furniture,Chairs,107.77,2,0.30,-29.25
CA-2012-118423,2012-03-24,2012,3,Dennis Pardue,Central,Furniture,Bookcases,359.06,3,0.30,-35.91
CA-2012-145457,2012-03-24,2012,3,Cathy Prescott,West,Furniture,Furnishings,46.90,5,0.00,13.13
US-2012-112508,2012-03-24,2012,3,Ben Peterman,South,Office Supplies,Appliances,6.99,2,0.20,0.52
CA-2012-103793,2012-03-26,2012,3,Benjamin Venier,South,Office Supplies,Paper,74.35,3,0.20,23.24
CA-2012-164301,2012-03-26,2012,3,Ellis Ballard,West,Furniture,Tables,3393.68,8,0.00,610.86
CA-2012-167374,2012-03-26,2012,3,Gene McClure,East,Office Supplies,Paper,40.03,6,0.20,12.51
CA-2012-167374,2012-03-26,2012,3,Gene McClure,East,Technology,Accessories,16.78,3,0.20,5.03
US-2012-116981,2012-03-26,2012,3,Suzanne McNair,East,Office Supplies,Storage,1085.42,7,0.00,282.21
US-2012-116981,2012-03-26,2012,3,Suzanne McNair,East,Office Supplies,Appliances,13.11,3,0.00,3.41
CA-2012-132948,2012-03-27,2012,3,Mark Van Huff,West,Office Supplies,Storage,83.70,5,0.00,3.35
CA-2012-131534,2012-03-28,2012,3,Alan Barnes,West,Technology,Accessories,166.24,1,0.00,24.94
CA-2012-131534,2012-03-28,2012,3,Alan Barnes,West,Office Supplies,Paper,33.40,5,0.00,16.03
CA-2012-133536,2012-03-28,2012,3,John Huston,East,Office Supplies,Envelopes,22.92,3,0.00,11.23
CA-2012-135363,2012-03-28,2012,3,Chloris Kastensmidt,East,Office Supplies,Paper,15.55,3,0.20,5.44
CA-2012-135363,2012-03-28,2012,3,Chloris Kastensmidt,East,Office Supplies,Paper,5.23,1,0.20,1.70
CA-2012-105361,2012-03-29,2012,3,Chad McGuire,East,Office Supplies,Paper,17.64,4,0.00,8.11
CA-2012-121272,2012-03-29,2012,3,Denny Ordway,West,Office Supplies,Appliances,73.28,4,0.00,21.25
CA-2012-150749,2012-03-29,2012,3,Alan Shonely,South,Office Supplies,Art,5.56,2,0.00,1.45
CA-2012-153549,2012-03-29,2012,3,Sara Luxemburg,South,Furniture,Chairs,1166.92,5,0.20,131.28
US-2012-103996,2012-03-29,2012,3,Richard Bierner,West,Office Supplies,Paper,212.64,6,0.00,99.94
US-2012-103996,2012-03-29,2012,3,Richard Bierner,West,Office Supplies,Paper,9.87,3,0.00,4.54
US-2012-103996,2012-03-29,2012,3,Richard Bierner,West,Technology,Accessories,53.25,3,0.00,20.77
US-2012-103996,2012-03-29,2012,3,Richard Bierner,West,Furniture,Furnishings,19.92,3,0.00,9.56
CA-2012-104871,2012-03-30,2012,3,Daniel Raglin,Central,Furniture,Chairs,366.74,4,0.30,-110.02
CA-2012-121405,2012-03-30,2012,3,Fred Chung,Central,Office Supplies,Paper,23.52,5,0.20,8.53
CA-2012-121405,2012-03-30,2012,3,Fred Chung,Central,Technology,Phones,180.96,5,0.20,13.57
CA-2012-128125,2012-03-31,2012,3,Ed Braxton,Central,Office Supplies,Paper,98.38,3,0.20,35.66
CA-2012-128125,2012-03-31,2012,3,Ed Braxton,Central,Furniture,Furnishings,22.38,3,0.60,-7.83
CA-2012-137106,2012-03-31,2012,3,Scott Cohen,South,Technology,Phones,79.96,5,0.20,27.99
CA-2012-136378,2012-04-02,2012,4,Cari Sayre,Central,Office Supplies,Binders,9.16,3,0.80,-13.73
US-2012-122140,2012-04-02,2012,4,Michael Oakman,Central,Office Supplies,Appliances,32.19,2,0.80,-80.48
US-2012-122140,2012-04-02,2012,4,Michael Oakman,Central,Technology,Accessories,50.12,7,0.20,-0.63
US-2012-122140,2012-04-02,2012,4,Michael Oakman,Central,Technology,Accessories,47.98,3,0.20,1.80
US-2012-142811,2012-04-02,2012,4,John Lucas,West,Technology,Phones,87.80,5,0.20,32.93
US-2012-159513,2012-04-02,2012,4,John Dryer,West,Technology,Machines,71.98,3,0.20,24.29
CA-2012-110667,2012-04-04,2012,4,Nicole Fjeld,East,Office Supplies,Art,11.16,2,0.00,4.35
CA-2012-110667,2012-04-04,2012,4,Nicole Fjeld,East,Furniture,Furnishings,108.40,2,0.00,22.76
CA-2012-110667,2012-04-04,2012,4,Nicole Fjeld,East,Office Supplies,Binders,82.34,3,0.20,27.79
CA-2012-110667,2012-04-04,2012,4,Nicole Fjeld,East,Office Supplies,Binders,9.09,4,0.20,3.29
CA-2012-112452,2012-04-04,2012,4,Nat Carroll,Central,Office Supplies,Appliances,644.08,2,0.10,107.35
CA-2012-112452,2012-04-04,2012,4,Nat Carroll,Central,Office Supplies,Fasteners,5.84,2,0.00,2.63
CA-2012-112452,2012-04-04,2012,4,Nat Carroll,Central,Office Supplies,Binders,12.76,2,0.00,5.87
CA-2012-112452,2012-04-04,2012,4,Nat Carroll,Central,Technology,Phones,10.95,1,0.00,0.44
CA-2012-112452,2012-04-04,2012,4,Nat Carroll,Central,Technology,Copiers,599.98,2,0.00,209.99
CA-2012-102855,2012-04-05,2012,4,Jennifer Ferguson,West,Technology,Accessories,239.94,6,0.00,26.39
CA-2012-102855,2012-04-05,2012,4,Jennifer Ferguson,West,Office Supplies,Art,23.84,8,0.00,6.44
CA-2012-119942,2012-04-05,2012,4,Ted Trevino,East,Office Supplies,Labels,23.90,6,0.20,7.77
CA-2012-161452,2012-04-05,2012,4,Carol Adams,West,Furniture,Chairs,892.22,3,0.20,89.22
CA-2012-167010,2012-04-05,2012,4,Valerie Takahito,East,Office Supplies,Appliances,98.11,7,0.20,18.40
CA-2012-167010,2012-04-05,2012,4,Valerie Takahito,East,Office Supplies,Storage,563.81,4,0.20,21.14
CA-2012-167010,2012-04-05,2012,4,Valerie Takahito,East,Office Supplies,Binders,10.43,4,0.70,-6.95
CA-2012-167010,2012-04-05,2012,4,Valerie Takahito,East,Furniture,Furnishings,547.14,4,0.20,-68.39
CA-2012-167010,2012-04-05,2012,4,Valerie Takahito,East,Technology,Phones,14.85,5,0.40,-3.22
CA-2012-167010,2012-04-05,2012,4,Valerie Takahito,East,Technology,Phones,41.99,2,0.40,-9.80
CA-2012-167010,2012-04-05,2012,4,Valerie Takahito,East,Furniture,Furnishings,7.58,1,0.20,2.37
CA-2012-167010,2012-04-05,2012,4,Valerie Takahito,East,Furniture,Bookcases,352.45,5,0.50,-211.47
US-2012-136476,2012-04-05,2012,4,Greg Guthrie,South,Office Supplies,Binders,157.79,1,0.70,-115.72
CA-2012-100888,2012-04-06,2012,4,Mark Hamilton,South,Office Supplies,Paper,47.95,3,0.20,16.18
CA-2012-124541,2012-04-06,2012,4,Thomas Thornton,Central,Office Supplies,Art,42.05,9,0.20,5.26
CA-2012-124541,2012-04-06,2012,4,Thomas Thornton,Central,Technology,Accessories,25.49,2,0.20,4.46
CA-2012-124541,2012-04-06,2012,4,Thomas Thornton,Central,Office Supplies,Binders,6.90,3,0.80,-12.08
CA-2012-124541,2012-04-06,2012,4,Thomas Thornton,Central,Office Supplies,Binders,9.65,6,0.80,-16.88
CA-2012-124541,2012-04-06,2012,4,Thomas Thornton,Central,Office Supplies,Paper,7.97,2,0.20,2.89
CA-2012-130554,2012-04-07,2012,4,Frank Merwin,East,Office Supplies,Art,11.74,3,0.20,1.03
CA-2012-140025,2012-04-07,2012,4,Peter Fuller,Central,Office Supplies,Appliances,463.25,8,0.80,-1181.28
CA-2012-140025,2012-04-07,2012,4,Peter Fuller,Central,Technology,Accessories,383.95,6,0.20,47.99
CA-2012-166492,2012-04-07,2012,4,Resi Pölking,East,Office Supplies,Paper,25.92,4,0.00,12.44
CA-2012-166492,2012-04-07,2012,4,Resi Pölking,East,Office Supplies,Storage,22.58,2,0.00,5.87
CA-2012-101000,2012-04-09,2012,4,Ivan Gibson,East,Office Supplies,Appliances,370.14,3,0.00,144.35
CA-2012-116512,2012-04-09,2012,4,Mick Crebagga,East,Office Supplies,Storage,17.94,3,0.00,3.05
CA-2012-142027,2012-04-09,2012,4,Jay Kimmel,West,Furniture,Tables,369.91,3,0.20,-13.87
CA-2012-134201,2012-04-10,2012,4,Eugene Hildebrand,East,Office Supplies,Storage,142.04,4,0.00,38.35
CA-2012-134201,2012-04-10,2012,4,Eugene Hildebrand,East,Office Supplies,Art,14.67,3,0.00,6.01
CA-2012-168767,2012-04-10,2012,4,Dario Medina,West,Office Supplies,Binders,12.83,2,0.20,4.33
CA-2012-111164,2012-04-11,2012,4,Sanjit Engle,East,Technology,Accessories,85.14,3,0.00,34.91
CA-2012-111164,2012-04-11,2012,4,Sanjit Engle,East,Technology,Phones,21.99,1,0.00,10.56
CA-2012-111164,2012-04-11,2012,4,Sanjit Engle,East,Office Supplies,Appliances,406.60,5,0.00,113.85
CA-2012-125563,2012-04-11,2012,4,Patrick Ryan,South,Furniture,Furnishings,67.36,2,0.20,10.10
CA-2012-125563,2012-04-11,2012,4,Patrick Ryan,South,Furniture,Furnishings,54.53,3,0.20,14.31
US-2012-136987,2012-04-11,2012,4,Andy Reiter,West,Technology,Copiers,639.97,4,0.20,215.99
US-2012-136987,2012-04-11,2012,4,Andy Reiter,West,Office Supplies,Paper,52.76,2,0.00,24.27
CA-2012-145415,2012-04-12,2012,4,Robert Dilbeck,West,Office Supplies,Storage,40.74,3,0.00,0.41
CA-2012-100216,2012-04-13,2012,4,Heather Jas,West,Office Supplies,Paper,31.10,6,0.20,10.89
CA-2012-100216,2012-04-13,2012,4,Heather Jas,West,Office Supplies,Paper,54.82,3,0.20,17.82
CA-2012-106257,2012-04-13,2012,4,Eugene Barchas,West,Furniture,Tables,241.57,2,0.20,-15.10
CA-2012-106257,2012-04-13,2012,4,Eugene Barchas,West,Technology,Phones,479.92,2,0.20,41.99
CA-2012-120551,2012-04-13,2012,4,Sonia Sunley,Central,Office Supplies,Binders,17.43,3,0.00,8.02
CA-2012-133452,2012-04-13,2012,4,Zuschuss Carroll,West,Technology,Accessories,199.96,4,0.00,69.99
CA-2012-133452,2012-04-13,2012,4,Zuschuss Carroll,West,Furniture,Tables,710.83,3,0.20,-97.74
CA-2012-133837,2012-04-13,2012,4,Thea Hendricks,West,Office Supplies,Storage,10.74,1,0.20,0.81
CA-2012-149678,2012-04-13,2012,4,Anthony Witt,West,Office Supplies,Supplies,12.88,1,0.00,0.39
US-2012-120502,2012-04-13,2012,4,Bill Tyler,West,Furniture,Furnishings,37.68,2,0.00,15.83
US-2012-120502,2012-04-13,2012,4,Bill Tyler,West,Technology,Phones,258.58,2,0.20,19.39
US-2012-120502,2012-04-13,2012,4,Bill Tyler,West,Office Supplies,Appliances,75.84,2,0.00,29.58
US-2012-168704,2012-04-13,2012,4,Frank Preis,Central,Furniture,Tables,609.98,4,0.30,-113.28
US-2012-168704,2012-04-13,2012,4,Frank Preis,Central,Furniture,Tables,211.37,2,0.30,-45.29
US-2012-168704,2012-04-13,2012,4,Frank Preis,Central,Technology,Phones,239.98,3,0.20,18.00
CA-2012-116841,2012-04-14,2012,4,Theone Pippenger,West,Office Supplies,Appliances,35.21,1,0.20,2.64
CA-2012-106215,2012-04-16,2012,4,Brad Norvell,East,Office Supplies,Fasteners,12.58,4,0.20,4.09
CA-2012-137974,2012-04-16,2012,4,Lauren Leatherbury,South,Technology,Phones,569.64,2,0.00,148.11
CA-2012-137974,2012-04-16,2012,4,Lauren Leatherbury,South,Office Supplies,Binders,9.14,1,0.00,4.57
CA-2012-137974,2012-04-16,2012,4,Lauren Leatherbury,South,Furniture,Furnishings,1196.86,7,0.00,119.69
CA-2012-137974,2012-04-16,2012,4,Lauren Leatherbury,South,Furniture,Bookcases,523.26,9,0.00,125.58
CA-2012-142734,2012-04-16,2012,4,Denise Monton,East,Furniture,Chairs,127.76,2,0.10,2.84
CA-2012-146675,2012-04-16,2012,4,Sarah Brown,Central,Technology,Copiers,1439.97,4,0.20,485.99
CA-2012-146675,2012-04-16,2012,4,Sarah Brown,Central,Technology,Accessories,43.56,3,0.20,-4.90
CA-2012-161263,2012-04-16,2012,4,Theresa Swint,East,Office Supplies,Appliances,45.22,3,0.20,4.52
CA-2012-161263,2012-04-16,2012,4,Theresa Swint,East,Office Supplies,Fasteners,10.42,7,0.20,-2.21
CA-2012-161263,2012-04-16,2012,4,Theresa Swint,East,Office Supplies,Art,7.87,3,0.20,1.28
CA-2012-161263,2012-04-16,2012,4,Theresa Swint,East,Technology,Phones,118.78,3,0.40,-27.72
CA-2012-161263,2012-04-16,2012,4,Theresa Swint,East,Office Supplies,Fasteners,1.45,1,0.20,0.24
CA-2012-161263,2012-04-16,2012,4,Theresa Swint,East,Office Supplies,Binders,55.47,5,0.70,-46.23
CA-2012-148712,2012-04-17,2012,4,Jessica Myrick,East,Technology,Accessories,99.60,1,0.00,36.85
CA-2012-148712,2012-04-17,2012,4,Jessica Myrick,East,Office Supplies,Binders,62.30,13,0.20,21.02
CA-2012-148712,2012-04-17,2012,4,Jessica Myrick,East,Office Supplies,Art,10.71,3,0.00,2.78
CA-2012-155306,2012-04-17,2012,4,George Ashbrook,West,Office Supplies,Art,5.56,2,0.00,2.22
CA-2012-155306,2012-04-17,2012,4,George Ashbrook,West,Technology,Accessories,323.37,3,0.00,129.35
CA-2012-155306,2012-04-17,2012,4,George Ashbrook,West,Technology,Phones,783.96,5,0.20,68.60
CA-2012-155306,2012-04-17,2012,4,George Ashbrook,West,Office Supplies,Appliances,1447.65,5,0.00,419.82
CA-2012-155306,2012-04-17,2012,4,George Ashbrook,West,Office Supplies,Paper,11.96,2,0.00,5.86
CA-2012-102722,2012-04-18,2012,4,Kelly Williams,South,Technology,Accessories,106.50,6,0.00,41.54
CA-2012-115742,2012-04-18,2012,4,Darren Powers,Central,Office Supplies,Binders,38.22,6,0.00,17.96
CA-2012-115742,2012-04-18,2012,4,Darren Powers,Central,Office Supplies,Labels,75.18,6,0.00,35.33
CA-2012-115742,2012-04-18,2012,4,Darren Powers,Central,Furniture,Furnishings,6.16,2,0.00,2.96
CA-2012-115742,2012-04-18,2012,4,Darren Powers,Central,Furniture,Chairs,89.99,1,0.00,17.10
CA-2012-142601,2012-04-18,2012,4,Deanra Eno,West,Office Supplies,Storage,947.17,7,0.00,9.47
CA-2012-142601,2012-04-18,2012,4,Deanra Eno,West,Office Supplies,Paper,61.96,2,0.00,27.88
US-2012-113593,2012-04-18,2012,4,Nathan Cano,West,Office Supplies,Storage,115.44,3,0.00,30.01
US-2012-134271,2012-04-18,2012,4,Roland Fjeld,East,Office Supplies,Labels,21.93,3,0.00,10.31
US-2012-163433,2012-04-18,2012,4,Michael Paige,Central,Technology,Accessories,41.42,2,0.20,8.28
US-2012-163433,2012-04-18,2012,4,Michael Paige,Central,Technology,Phones,244.77,4,0.20,24.48
US-2012-163433,2012-04-18,2012,4,Michael Paige,Central,Office Supplies,Art,74.35,3,0.20,6.51
US-2012-163433,2012-04-18,2012,4,Michael Paige,Central,Office Supplies,Binders,4.31,2,0.80,-6.90
US-2012-163433,2012-04-18,2012,4,Michael Paige,Central,Furniture,Chairs,56.69,1,0.30,-20.25
US-2012-163433,2012-04-18,2012,4,Michael Paige,Central,Technology,Phones,97.97,2,0.20,6.12
US-2012-163433,2012-04-18,2012,4,Michael Paige,Central,Office Supplies,Art,7.87,3,0.20,0.89
US-2012-163433,2012-04-18,2012,4,Michael Paige,Central,Office Supplies,Paper,15.55,3,0.20,5.44
US-2012-163433,2012-04-18,2012,4,Michael Paige,Central,Office Supplies,Binders,1.48,1,0.80,-2.29
US-2012-155369,2012-04-19,2012,4,Patrick Gardner,Central,Office Supplies,Appliances,19.57,2,0.80,-52.83
US-2012-155369,2012-04-19,2012,4,Patrick Gardner,Central,Office Supplies,Binders,310.39,4,0.80,-512.15
CA-2012-109169,2012-04-20,2012,4,Olvera Toch,Central,Office Supplies,Envelopes,180.96,2,0.00,81.43
CA-2012-142433,2012-04-20,2012,4,Erica Smith,Central,Office Supplies,Paper,117.46,3,0.20,44.05
CA-2012-149342,2012-04-20,2012,4,Theresa Swint,South,Technology,Phones,287.97,3,0.00,77.75
CA-2012-149342,2012-04-20,2012,4,Theresa Swint,South,Furniture,Furnishings,595.38,6,0.00,297.69
CA-2012-149342,2012-04-20,2012,4,Theresa Swint,South,Office Supplies,Paper,12.96,2,0.00,6.22
CA-2012-107678,2012-04-21,2012,4,Juliana Krohn,South,Furniture,Chairs,191.96,2,0.00,51.83
CA-2012-107678,2012-04-21,2012,4,Juliana Krohn,South,Office Supplies,Binders,21.30,3,0.00,9.80
CA-2012-107678,2012-04-21,2012,4,Juliana Krohn,South,Technology,Phones,469.95,5,0.00,131.59
CA-2012-107678,2012-04-21,2012,4,Juliana Krohn,South,Furniture,Furnishings,209.88,3,0.00,35.68
CA-2012-151253,2012-04-22,2012,4,Annie Zypern,West,Technology,Phones,88.78,3,0.20,7.77
CA-2012-151253,2012-04-22,2012,4,Annie Zypern,West,Office Supplies,Art,64.14,3,0.00,16.68
CA-2012-118227,2012-04-24,2012,4,Deborah Brumfield,East,Office Supplies,Art,25.99,1,0.00,7.54
CA-2012-112557,2012-04-25,2012,4,John Lucas,East,Office Supplies,Appliances,206.43,3,0.00,90.83
CA-2012-115420,2012-04-25,2012,4,Linda Southworth,West,Office Supplies,Envelopes,21.34,2,0.00,9.82
CA-2012-130365,2012-04-25,2012,4,Zuschuss Carroll,Central,Office Supplies,Storage,221.02,2,0.20,-55.26
CA-2012-130365,2012-04-25,2012,4,Zuschuss Carroll,Central,Furniture,Chairs,128.06,3,0.30,-23.78
CA-2012-143602,2012-04-25,2012,4,Jill Stevenson,West,Office Supplies,Binders,13.94,3,0.20,4.53
CA-2012-153878,2012-04-25,2012,4,Trudy Schmidt,Central,Office Supplies,Art,57.75,5,0.00,16.17
CA-2012-153878,2012-04-25,2012,4,Trudy Schmidt,Central,Office Supplies,Appliances,272.40,5,0.00,76.27
CA-2012-122266,2012-04-26,2012,4,Sue Ann Reed,South,Furniture,Tables,191.52,1,0.45,-76.61
CA-2012-122266,2012-04-26,2012,4,Sue Ann Reed,South,Office Supplies,Art,2.62,1,0.20,0.43
CA-2012-137302,2012-04-26,2012,4,Bart Watters,West,Furniture,Chairs,63.94,3,0.20,6.39
CA-2012-137302,2012-04-26,2012,4,Bart Watters,West,Office Supplies,Art,59.52,3,0.00,15.48
CA-2012-137302,2012-04-26,2012,4,Bart Watters,West,Technology,Phones,311.98,3,0.20,39.00
CA-2012-137302,2012-04-26,2012,4,Bart Watters,West,Office Supplies,Binders,50.35,3,0.20,17.62
US-2012-114839,2012-04-26,2012,4,Pierre Wener,Central,Furniture,Chairs,408.42,2,0.30,-5.83
US-2012-134026,2012-04-26,2012,4,Joel Eaton,South,Furniture,Chairs,831.94,8,0.20,-114.39
US-2012-134026,2012-04-26,2012,4,Joel Eaton,South,Furniture,Furnishings,97.04,2,0.20,1.21
US-2012-134026,2012-04-26,2012,4,Joel Eaton,South,Office Supplies,Storage,72.78,1,0.20,-18.20
CA-2012-124450,2012-04-27,2012,4,Greg Tran,East,Office Supplies,Art,22.74,3,0.00,8.87
CA-2012-124450,2012-04-27,2012,4,Greg Tran,East,Furniture,Chairs,1267.53,3,0.00,316.88
CA-2012-124450,2012-04-27,2012,4,Greg Tran,East,Technology,Machines,1379.92,8,0.00,648.56
CA-2012-151841,2012-04-27,2012,4,Tony Chapman,West,Office Supplies,Appliances,43.56,5,0.20,3.27
CA-2012-151841,2012-04-27,2012,4,Tony Chapman,West,Office Supplies,Supplies,5.84,2,0.20,0.73
CA-2012-120782,2012-04-28,2012,4,Shirley Daniels,Central,Office Supplies,Appliances,186.73,1,0.10,41.50
CA-2012-120782,2012-04-28,2012,4,Shirley Daniels,Central,Office Supplies,Binders,3812.97,3,0.00,1906.49
CA-2012-130792,2012-04-28,2012,4,Russell Applegate,Central,Office Supplies,Appliances,8.65,3,0.80,-20.33
CA-2012-130792,2012-04-28,2012,4,Russell Applegate,Central,Office Supplies,Storage,23.83,3,0.20,2.68
CA-2012-130792,2012-04-28,2012,4,Russell Applegate,Central,Office Supplies,Binders,12.18,4,0.80,-18.87
CA-2012-157434,2012-04-29,2012,4,Jim Kriz,East,Office Supplies,Paper,7.97,2,0.20,2.89
CA-2012-103716,2012-04-30,2012,4,Ken Black,West,Office Supplies,Art,34.65,3,0.00,9.70
CA-2012-103716,2012-04-30,2012,4,Ken Black,West,Technology,Phones,19.80,5,0.20,1.73
CA-2012-135174,2012-04-30,2012,4,Benjamin Patterson,East,Technology,Phones,1022.97,5,0.40,-255.74
US-2012-115238,2012-04-30,2012,4,Jane Waco,East,Furniture,Furnishings,31.40,5,0.00,13.19
US-2012-115238,2012-04-30,2012,4,Jane Waco,East,Furniture,Furnishings,9.48,1,0.00,3.79
US-2012-115238,2012-04-30,2012,4,Jane Waco,East,Technology,Phones,209.50,10,0.00,58.66
US-2012-115238,2012-04-30,2012,4,Jane Waco,East,Furniture,Furnishings,24.30,5,0.00,10.45
US-2012-115238,2012-04-30,2012,4,Jane Waco,East,Office Supplies,Paper,6.48,1,0.00,3.11
US-2012-164175,2012-04-30,2012,4,Paul Stevenson,Central,Furniture,Chairs,213.12,5,0.30,-15.22
CA-2012-104486,2012-05-01,2012,5,Patrick O'Brill,West,Office Supplies,Binders,12.18,1,0.20,4.41
CA-2012-104486,2012-05-01,2012,5,Patrick O'Brill,West,Office Supplies,Storage,37.32,3,0.00,10.45
CA-2012-104486,2012-05-01,2012,5,Patrick O'Brill,West,Office Supplies,Supplies,35.06,2,0.00,10.52
CA-2012-145821,2012-05-01,2012,5,Jennifer Braxton,West,Technology,Phones,88.75,3,0.20,11.09
CA-2012-161998,2012-05-01,2012,5,David Bremer,South,Furniture,Furnishings,63.55,3,0.20,14.30
CA-2012-161998,2012-05-01,2012,5,David Bremer,South,Office Supplies,Supplies,41.38,3,0.20,4.65
CA-2012-161998,2012-05-01,2012,5,David Bremer,South,Office Supplies,Art,172.70,6,0.20,10.79
CA-2012-116687,2012-05-02,2012,5,Noah Childs,Central,Office Supplies,Labels,8.86,3,0.20,2.99
CA-2012-116687,2012-05-02,2012,5,Noah Childs,Central,Technology,Phones,158.38,3,0.20,13.86
CA-2012-107937,2012-05-03,2012,5,Julia Barnett,West,Furniture,Furnishings,665.88,6,0.00,106.54
CA-2012-112130,2012-05-03,2012,5,Stewart Visinsky,East,Office Supplies,Art,59.90,2,0.20,14.23
CA-2012-112130,2012-05-03,2012,5,Stewart Visinsky,East,Office Supplies,Appliances,23.70,2,0.20,6.52
CA-2012-112130,2012-05-03,2012,5,Stewart Visinsky,East,Office Supplies,Paper,7.97,2,0.20,2.89
CA-2012-112130,2012-05-03,2012,5,Stewart Visinsky,East,Office Supplies,Appliances,18.20,7,0.20,2.05
CA-2012-112130,2012-05-03,2012,5,Stewart Visinsky,East,Technology,Accessories,27.55,3,0.20,-0.34
CA-2012-112130,2012-05-03,2012,5,Stewart Visinsky,East,Furniture,Chairs,844.12,6,0.30,-36.18
CA-2012-112130,2012-05-03,2012,5,Stewart Visinsky,East,Office Supplies,Storage,76.75,3,0.20,-9.59
CA-2012-150770,2012-05-03,2012,5,Lena Cacioppo,West,Office Supplies,Art,8.82,3,0.00,2.56
CA-2012-150770,2012-05-03,2012,5,Lena Cacioppo,West,Office Supplies,Binders,62.50,2,0.20,21.87
CA-2012-150770,2012-05-03,2012,5,Lena Cacioppo,West,Technology,Accessories,339.96,4,0.00,122.39
CA-2012-150770,2012-05-03,2012,5,Lena Cacioppo,West,Office Supplies,Binders,49.57,2,0.20,17.35
CA-2012-160864,2012-05-03,2012,5,Nicole Fjeld,West,Office Supplies,Binders,13.85,3,0.20,5.19
CA-2012-110548,2012-05-04,2012,5,Anna Häberlin,Central,Technology,Phones,946.34,7,0.20,118.29
CA-2012-129700,2012-05-04,2012,5,Laura Armstrong,Central,Furniture,Furnishings,22.29,7,0.60,-8.92
CA-2012-144253,2012-05-04,2012,5,Alan Schoenberger,East,Furniture,Furnishings,26.80,2,0.00,12.86
CA-2012-146290,2012-05-04,2012,5,Stuart Van,Central,Office Supplies,Art,125.93,7,0.00,35.26
CA-2012-137512,2012-05-07,2012,5,Anna Gayman,Central,Furniture,Tables,244.01,2,0.30,-31.37
CA-2012-137512,2012-05-07,2012,5,Anna Gayman,Central,Office Supplies,Paper,15.94,4,0.20,5.38
CA-2012-147879,2012-05-07,2012,5,Chris Cortes,South,Office Supplies,Paper,45.68,2,0.00,21.01
CA-2012-109939,2012-05-08,2012,5,Allen Armold,West,Office Supplies,Art,5.25,2,0.20,0.59
CA-2012-113971,2012-05-08,2012,5,Claudia Bergmann,East,Furniture,Furnishings,8.35,6,0.20,1.25
CA-2012-136798,2012-05-08,2012,5,Daniel Lacy,Central,Office Supplies,Binders,43.98,2,0.00,21.99
CA-2012-136798,2012-05-08,2012,5,Daniel Lacy,Central,Technology,Phones,377.97,3,0.00,105.83
CA-2012-136798,2012-05-08,2012,5,Daniel Lacy,Central,Furniture,Furnishings,123.96,3,0.00,11.16
CA-2012-142055,2012-05-08,2012,5,Alejandro Ballentine,East,Office Supplies,Paper,37.94,2,0.00,18.21
US-2012-160857,2012-05-08,2012,5,Natalie Webber,East,Furniture,Furnishings,79.44,3,0.00,30.19
US-2012-160857,2012-05-08,2012,5,Natalie Webber,East,Office Supplies,Supplies,357.93,3,0.00,7.16
US-2012-160857,2012-05-08,2012,5,Natalie Webber,East,Furniture,Chairs,127.76,2,0.10,21.29
US-2012-160857,2012-05-08,2012,5,Natalie Webber,East,Technology,Copiers,2799.94,7,0.20,1014.98
US-2012-160857,2012-05-08,2012,5,Natalie Webber,East,Office Supplies,Paper,19.44,3,0.00,9.33
CA-2012-155635,2012-05-09,2012,5,Max Engle,South,Office Supplies,Binders,48.81,3,0.00,23.92
CA-2012-129217,2012-05-10,2012,5,Dennis Pardue,Central,Office Supplies,Appliances,70.97,5,0.80,-191.62
CA-2012-129217,2012-05-10,2012,5,Dennis Pardue,Central,Office Supplies,Art,36.78,2,0.20,3.68
CA-2012-144043,2012-05-10,2012,5,Alan Barnes,West,Technology,Accessories,46.69,4,0.20,-2.92
CA-2012-135727,2012-05-11,2012,5,Paul Stevenson,West,Furniture,Chairs,191.97,7,0.20,16.80
CA-2012-130876,2012-05-12,2012,5,Annie Zypern,East,Office Supplies,Storage,36.63,3,0.00,9.89
CA-2012-131856,2012-05-12,2012,5,James Galang,Central,Furniture,Furnishings,21.97,4,0.60,-15.93
CA-2012-131856,2012-05-12,2012,5,James Galang,Central,Technology,Phones,619.15,6,0.20,69.65
CA-2012-131856,2012-05-12,2012,5,James Galang,Central,Office Supplies,Paper,127.90,7,0.20,41.57
CA-2012-159380,2012-05-12,2012,5,Cindy Stewart,West,Office Supplies,Paper,12.84,3,0.00,5.78
CA-2012-159380,2012-05-12,2012,5,Cindy Stewart,West,Office Supplies,Paper,25.68,6,0.00,11.56
CA-2012-162607,2012-05-12,2012,5,Rose O'Brian,West,Office Supplies,Binders,14.59,3,0.20,4.92
US-2012-122910,2012-05-12,2012,5,Larry Tron,West,Technology,Phones,201.58,2,0.20,20.16
CA-2012-145835,2012-05-13,2012,5,Ben Ferrer,Central,Technology,Phones,222.38,2,0.20,16.68
CA-2012-145835,2012-05-13,2012,5,Ben Ferrer,Central,Office Supplies,Fasteners,16.00,4,0.20,5.60
CA-2012-100146,2012-05-14,2012,5,Claudia Bergmann,West,Furniture,Bookcases,509.96,5,0.15,42.00
CA-2012-100146,2012-05-14,2012,5,Claudia Bergmann,West,Furniture,Furnishings,122.91,3,0.00,34.41
CA-2012-100146,2012-05-14,2012,5,Claudia Bergmann,West,Furniture,Chairs,97.57,2,0.20,-6.10
CA-2012-100146,2012-05-14,2012,5,Claudia Bergmann,West,Furniture,Chairs,722.35,3,0.20,81.26
CA-2012-119291,2012-05-14,2012,5,Jesus Ocampo,East,Office Supplies,Art,198.27,8,0.20,17.35
CA-2012-119291,2012-05-14,2012,5,Jesus Ocampo,East,Office Supplies,Labels,47.36,4,0.20,17.76
CA-2012-119291,2012-05-14,2012,5,Jesus Ocampo,East,Office Supplies,Envelopes,200.98,7,0.20,62.81
CA-2012-119291,2012-05-14,2012,5,Jesus Ocampo,East,Office Supplies,Labels,97.70,4,0.20,31.75
CA-2012-119291,2012-05-14,2012,5,Jesus Ocampo,East,Office Supplies,Art,2.70,1,0.20,0.81
CA-2012-119291,2012-05-14,2012,5,Jesus Ocampo,East,Office Supplies,Binders,18.59,2,0.70,-13.63
CA-2012-119291,2012-05-14,2012,5,Jesus Ocampo,East,Office Supplies,Binders,4.90,3,0.70,-3.43
CA-2012-165162,2012-05-14,2012,5,Hunter Glantz,West,Office Supplies,Storage,1117.92,4,0.00,55.90
CA-2012-138492,2012-05-15,2012,5,Fred Chung,East,Office Supplies,Storage,51.97,2,0.20,-10.39
CA-2012-166604,2012-05-15,2012,5,Anna Häberlin,South,Office Supplies,Envelopes,17.94,3,0.00,8.79
CA-2012-100769,2012-05-16,2012,5,Tracy Hopkins,South,Technology,Accessories,255.97,4,0.20,32.00
CA-2012-100251,2012-05-17,2012,5,Dianna Vittorini,East,Office Supplies,Labels,31.50,10,0.00,15.12
CA-2012-100251,2012-05-17,2012,5,Dianna Vittorini,East,Office Supplies,Supplies,55.60,4,0.00,16.12
US-2012-117184,2012-05-17,2012,5,Odella Nelson,Central,Office Supplies,Binders,33.28,5,0.80,-49.92
US-2012-117184,2012-05-17,2012,5,Odella Nelson,Central,Office Supplies,Paper,14.09,3,0.20,4.93
CA-2012-165554,2012-05-18,2012,5,Anthony Jacobs,West,Office Supplies,Paper,10.86,2,0.00,5.32
CA-2012-153535,2012-05-20,2012,5,Sheri Gordon,South,Furniture,Furnishings,163.14,4,0.20,20.39
CA-2012-153535,2012-05-20,2012,5,Sheri Gordon,South,Office Supplies,Binders,6.41,4,0.70,-4.91
CA-2012-102806,2012-05-21,2012,5,Henry Goldwyn,East,Office Supplies,Binders,24.59,2,0.70,-18.03
CA-2012-169278,2012-05-21,2012,5,Michelle Ellison,West,Office Supplies,Binders,26.98,4,0.20,8.77
US-2012-168914,2012-05-21,2012,5,Joel Eaton,Central,Office Supplies,Appliances,20.77,8,0.80,-52.96
CA-2012-149846,2012-05-22,2012,5,Sarah Brown,West,Office Supplies,Labels,8.26,2,0.00,3.80
CA-2012-149846,2012-05-22,2012,5,Sarah Brown,West,Technology,Machines,2973.32,7,0.20,334.50
CA-2012-149846,2012-05-22,2012,5,Sarah Brown,West,Office Supplies,Storage,104.79,7,0.00,29.34
CA-2012-149846,2012-05-22,2012,5,Sarah Brown,West,Technology,Phones,775.73,6,0.20,58.18
CA-2012-119102,2012-05-23,2012,5,Kristen Hastings,East,Office Supplies,Storage,51.45,3,0.00,13.89
CA-2012-136805,2012-05-23,2012,5,Nathan Mautz,Central,Office Supplies,Appliances,850.50,5,0.10,245.70
CA-2012-136805,2012-05-23,2012,5,Nathan Mautz,Central,Furniture,Furnishings,75.33,9,0.00,19.59
CA-2012-154921,2012-05-23,2012,5,Erin Ashbrook,South,Office Supplies,Envelopes,186.69,3,0.00,87.74
US-2012-110569,2012-05-23,2012,5,Emily Burns,West,Office Supplies,Binders,19.19,7,0.70,-12.80
US-2012-110569,2012-05-23,2012,5,Emily Burns,West,Office Supplies,Appliances,121.79,4,0.20,13.70
US-2012-165512,2012-05-24,2012,5,Vivek Sundaresam,Central,Furniture,Chairs,602.65,7,0.30,-163.58
US-2012-165512,2012-05-24,2012,5,Vivek Sundaresam,Central,Office Supplies,Binders,7.66,6,0.80,-13.02
CA-2012-109708,2012-05-25,2012,5,Craig Yedwab,South,Technology,Phones,467.04,4,0.20,58.38
CA-2012-132941,2012-05-25,2012,5,Muhammed MacIntyre,Central,Office Supplies,Supplies,22.37,2,0.20,1.68
CA-2012-132941,2012-05-25,2012,5,Muhammed MacIntyre,Central,Office Supplies,Paper,32.37,7,0.20,11.73
CA-2012-132941,2012-05-25,2012,5,Muhammed MacIntyre,Central,Technology,Accessories,207.98,2,0.20,36.40
CA-2012-138898,2012-05-25,2012,5,Justin Hirsh,West,Office Supplies,Appliances,845.73,13,0.20,84.57
CA-2012-141768,2012-05-25,2012,5,Nora Pelletier,West,Furniture,Furnishings,14.73,3,0.00,4.86
US-2012-152128,2012-05-25,2012,5,Nathan Mautz,Central,Office Supplies,Art,21.24,3,0.00,8.07
US-2012-152128,2012-05-25,2012,5,Nathan Mautz,Central,Office Supplies,Binders,127.96,2,0.00,60.14
CA-2012-143147,2012-05-26,2012,5,Pamela Stobb,Central,Furniture,Chairs,105.69,1,0.30,-28.69
CA-2012-143147,2012-05-26,2012,5,Pamela Stobb,Central,Technology,Machines,399.54,2,0.40,-79.91
CA-2012-143147,2012-05-26,2012,5,Pamela Stobb,Central,Furniture,Chairs,104.93,5,0.30,-4.50
CA-2012-148964,2012-05-26,2012,5,Ruben Dartt,West,Furniture,Furnishings,20.24,1,0.00,7.89
US-2012-113327,2012-05-26,2012,5,Ben Ferrer,South,Office Supplies,Paper,18.27,1,0.20,5.94
US-2012-113327,2012-05-26,2012,5,Ben Ferrer,South,Office Supplies,Paper,153.73,4,0.20,53.80
US-2012-113327,2012-05-26,2012,5,Ben Ferrer,South,Office Supplies,Envelopes,12.22,2,0.20,4.43
US-2012-113327,2012-05-26,2012,5,Ben Ferrer,South,Technology,Accessories,167.94,7,0.20,50.38
CA-2012-118948,2012-05-28,2012,5,Neil Knudson,West,Office Supplies,Art,6.63,3,0.00,1.79
CA-2012-131758,2012-05-28,2012,5,Karl Braun,East,Office Supplies,Art,47.82,3,0.00,14.35
CA-2012-131758,2012-05-28,2012,5,Karl Braun,East,Office Supplies,Labels,13.05,5,0.00,6.00
CA-2012-135020,2012-05-28,2012,5,Maxwell Schwartz,East,Technology,Phones,45.99,1,0.00,13.34
CA-2012-135020,2012-05-28,2012,5,Maxwell Schwartz,East,Office Supplies,Storage,535.41,3,0.00,160.62
CA-2012-135020,2012-05-28,2012,5,Maxwell Schwartz,East,Office Supplies,Binders,6.10,2,0.20,2.06
CA-2012-135020,2012-05-28,2012,5,Maxwell Schwartz,East,Office Supplies,Paper,45.36,7,0.00,21.77
CA-2012-149601,2012-05-28,2012,5,Trudy Brown,East,Office Supplies,Storage,16.24,1,0.00,2.44
CA-2012-149601,2012-05-28,2012,5,Trudy Brown,East,Office Supplies,Storage,77.55,5,0.00,21.71
CA-2012-104297,2012-05-29,2012,5,Chad Cunningham,East,Office Supplies,Paper,85.06,3,0.20,28.71
CA-2012-111339,2012-05-29,2012,5,Victoria Pisteka,East,Furniture,Furnishings,41.57,4,0.20,-4.16
CA-2012-111339,2012-05-29,2012,5,Victoria Pisteka,East,Furniture,Chairs,317.06,3,0.30,-86.06
CA-2012-111339,2012-05-29,2012,5,Victoria Pisteka,East,Office Supplies,Fasteners,8.04,5,0.20,2.91
CA-2012-120880,2012-05-29,2012,5,John Lucas,West,Office Supplies,Paper,32.40,5,0.00,15.55
CA-2012-120880,2012-05-29,2012,5,John Lucas,West,Office Supplies,Storage,540.57,3,0.00,140.55
CA-2012-120880,2012-05-29,2012,5,John Lucas,West,Office Supplies,Binders,167.76,5,0.20,62.91
CA-2012-168277,2012-05-29,2012,5,Karl Braun,Central,Office Supplies,Labels,12.39,3,0.00,5.70
CA-2012-103177,2012-05-30,2012,5,Edward Nazzal,East,Technology,Phones,239.97,3,0.00,2.40
CA-2012-103177,2012-05-30,2012,5,Edward Nazzal,East,Office Supplies,Appliances,160.32,2,0.00,44.89
CA-2012-103177,2012-05-30,2012,5,Edward Nazzal,East,Technology,Phones,128.85,3,0.00,3.87
CA-2012-163923,2012-05-30,2012,5,Brendan Dodson,South,Technology,Accessories,151.96,4,0.00,36.47
CA-2012-100818,2012-05-31,2012,5,Janet Molinari,Central,Office Supplies,Labels,5.90,2,0.20,1.99
CA-2012-100818,2012-05-31,2012,5,Janet Molinari,Central,Office Supplies,Paper,173.49,7,0.20,54.22
CA-2012-100818,2012-05-31,2012,5,Janet Molinari,Central,Furniture,Furnishings,51.56,2,0.60,-61.87
CA-2012-100818,2012-05-31,2012,5,Janet Molinari,Central,Office Supplies,Binders,3.56,3,0.80,-6.24
CA-2012-120677,2012-05-31,2012,5,Bill Donatelli,Central,Furniture,Chairs,2567.84,8,0.00,770.35
CA-2012-124919,2012-05-31,2012,5,Stephanie Phelps,West,Office Supplies,Paper,58.38,7,0.00,26.27
CA-2012-124919,2012-05-31,2012,5,Stephanie Phelps,West,Office Supplies,Paper,105.52,4,0.00,48.54
CA-2012-124919,2012-05-31,2012,5,Stephanie Phelps,West,Office Supplies,Storage,80.88,6,0.00,21.03
CA-2012-133627,2012-05-31,2012,5,Sample Company A,East,Furniture,Furnishings,22.20,6,0.00,9.10
CA-2012-136224,2012-05-31,2012,5,Muhammed Lee,South,Office Supplies,Art,10.27,3,0.20,1.16
CA-2012-147788,2012-05-31,2012,5,Tamara Manning,West,Furniture,Bookcases,1406.86,7,0.00,140.69
CA-2012-147788,2012-05-31,2012,5,Tamara Manning,West,Office Supplies,Labels,15.75,5,0.00,7.56
CA-2012-147788,2012-05-31,2012,5,Tamara Manning,West,Office Supplies,Storage,323.10,2,0.00,61.39
CA-2012-149748,2012-05-31,2012,5,Elizabeth Moffitt,East,Office Supplies,Paper,274.80,5,0.00,134.65
CA-2012-149748,2012-05-31,2012,5,Elizabeth Moffitt,East,Office Supplies,Storage,62.18,1,0.00,16.79
CA-2012-149748,2012-05-31,2012,5,Elizabeth Moffitt,East,Furniture,Furnishings,8.28,2,0.00,2.98
CA-2012-156153,2012-05-31,2012,5,Carl Weiss,East,Office Supplies,Fasteners,7.56,6,0.00,0.30
CA-2012-161242,2012-06-01,2012,6,Catherine Glotzbach,West,Office Supplies,Paper,11.76,2,0.00,5.76
US-2012-132836,2012-06-01,2012,6,Ashley Jarboe,Central,Technology,Phones,299.98,2,0.00,83.99
US-2012-132836,2012-06-01,2012,6,Ashley Jarboe,Central,Office Supplies,Binders,403.68,6,0.00,181.66
US-2012-132836,2012-06-01,2012,6,Ashley Jarboe,Central,Technology,Phones,41.90,2,0.00,11.73
US-2012-132836,2012-06-01,2012,6,Ashley Jarboe,Central,Office Supplies,Labels,28.91,7,0.00,13.30
US-2012-163685,2012-06-01,2012,6,Katrina Edelman,Central,Office Supplies,Binders,5.73,8,0.80,-9.16
US-2012-163685,2012-06-01,2012,6,Katrina Edelman,Central,Office Supplies,Paper,42.24,10,0.20,13.20
CA-2012-158491,2012-06-04,2012,6,Becky Pak,West,Technology,Accessories,119.98,2,0.00,35.99
CA-2012-158491,2012-06-04,2012,6,Becky Pak,West,Technology,Accessories,989.97,3,0.00,395.99
CA-2012-164833,2012-06-04,2012,6,Lauren Leatherbury,West,Office Supplies,Labels,7.38,2,0.00,3.47
CA-2012-164833,2012-06-04,2012,6,Lauren Leatherbury,West,Office Supplies,Art,9.26,2,0.00,3.06
US-2012-142020,2012-06-04,2012,6,Tracy Collins,East,Office Supplies,Paper,30.44,4,0.00,14.31
US-2012-142020,2012-06-04,2012,6,Tracy Collins,East,Furniture,Furnishings,35.28,3,0.00,12.00
CA-2012-115168,2012-06-05,2012,6,Brenda Bowman,Central,Office Supplies,Paper,10.56,2,0.00,4.75
CA-2012-166947,2012-06-05,2012,6,Edward Becker,East,Furniture,Chairs,1522.64,9,0.10,169.18
CA-2012-142041,2012-06-07,2012,6,Eleni McCrary,West,Office Supplies,Binders,7.52,5,0.20,2.63
CA-2012-157343,2012-06-07,2012,6,Harold Dahlen,East,Office Supplies,Binders,18.31,4,0.70,-12.21
CA-2012-157343,2012-06-07,2012,6,Harold Dahlen,East,Office Supplies,Paper,25.92,5,0.20,9.07
CA-2012-157343,2012-06-07,2012,6,Harold Dahlen,East,Office Supplies,Art,8.02,3,0.20,1.00
CA-2012-162201,2012-06-08,2012,6,Andrew Gjertsen,South,Office Supplies,Paper,173.49,7,0.20,54.22
CA-2012-162201,2012-06-08,2012,6,Andrew Gjertsen,South,Office Supplies,Storage,516.96,4,0.20,-6.46
CA-2012-162201,2012-06-08,2012,6,Andrew Gjertsen,South,Furniture,Furnishings,173.21,7,0.20,45.47
CA-2012-162201,2012-06-08,2012,6,Andrew Gjertsen,South,Office Supplies,Art,4.45,2,0.20,0.33
CA-2012-162201,2012-06-08,2012,6,Andrew Gjertsen,South,Office Supplies,Labels,9.00,3,0.20,3.15
CA-2012-162201,2012-06-08,2012,6,Andrew Gjertsen,South,Office Supplies,Paper,42.24,10,0.20,13.20
CA-2012-162201,2012-06-08,2012,6,Andrew Gjertsen,South,Office Supplies,Binders,18.26,2,0.70,-13.39
CA-2012-164007,2012-06-08,2012,6,Maureen Gnade,Central,Technology,Accessories,2.38,3,0.20,0.74
CA-2012-164007,2012-06-08,2012,6,Maureen Gnade,Central,Office Supplies,Appliances,143.13,2,0.80,-393.60
CA-2012-101868,2012-06-09,2012,6,Max Jones,South,Office Supplies,Binders,64.20,5,0.70,-42.80
CA-2012-101868,2012-06-09,2012,6,Max Jones,South,Office Supplies,Binders,38.52,3,0.70,-26.96
CA-2012-101868,2012-06-09,2012,6,Max Jones,South,Technology,Accessories,72.60,5,0.20,-8.17
CA-2012-110947,2012-06-09,2012,6,Anthony Garverick,South,Office Supplies,Binders,113.10,3,0.00,56.55
CA-2012-141012,2012-06-09,2012,6,Trudy Glocke,West,Furniture,Furnishings,355.36,4,0.00,92.39
CA-2012-141012,2012-06-09,2012,6,Trudy Glocke,West,Technology,Phones,140.38,3,0.20,8.77
CA-2012-144190,2012-06-09,2012,6,Nathan Cano,Central,Office Supplies,Paper,12.96,2,0.00,6.22
CA-2012-121720,2012-06-11,2012,6,Jim Epp,South,Furniture,Chairs,1123.92,5,0.20,-182.64
CA-2012-121720,2012-06-11,2012,6,Jim Epp,South,Technology,Phones,249.58,2,0.20,31.20
CA-2012-121720,2012-06-11,2012,6,Jim Epp,South,Furniture,Furnishings,48.67,3,0.20,7.30
CA-2012-121720,2012-06-11,2012,6,Jim Epp,South,Office Supplies,Art,60.77,2,0.20,7.60
CA-2012-121720,2012-06-11,2012,6,Jim Epp,South,Office Supplies,Binders,78.60,5,0.70,-62.88
CA-2012-121720,2012-06-11,2012,6,Jim Epp,South,Office Supplies,Binders,3.77,2,0.70,-3.14
CA-2012-121720,2012-06-11,2012,6,Jim Epp,South,Office Supplies,Storage,1036.62,2,0.20,51.83
CA-2012-121720,2012-06-11,2012,6,Jim Epp,South,Office Supplies,Storage,563.81,4,0.20,21.14
US-2012-123960,2012-06-11,2012,6,Brian Dahlen,South,Technology,Accessories,53.70,6,0.00,10.20
US-2012-123960,2012-06-11,2012,6,Brian Dahlen,South,Office Supplies,Binders,36.26,7,0.00,16.68
US-2012-123960,2012-06-11,2012,6,Brian Dahlen,South,Office Supplies,Art,56.30,2,0.00,15.76
US-2012-123960,2012-06-11,2012,6,Brian Dahlen,South,Office Supplies,Paper,32.40,5,0.00,15.55
US-2012-123960,2012-06-11,2012,6,Brian Dahlen,South,Furniture,Furnishings,29.16,2,0.00,10.79
CA-2012-104115,2012-06-12,2012,6,Jonathan Howell,South,Technology,Phones,55.98,2,0.20,4.20
CA-2012-131779,2012-06-12,2012,6,Laurel Elliston,East,Office Supplies,Storage,29.90,5,0.00,5.08
CA-2012-136105,2012-06-12,2012,6,Sam Zeldin,Central,Office Supplies,Storage,24.56,2,0.00,6.88
CA-2012-139850,2012-06-12,2012,6,Giulietta Baptist,East,Office Supplies,Paper,20.74,4,0.20,7.26
CA-2012-139850,2012-06-12,2012,6,Giulietta Baptist,East,Furniture,Furnishings,43.30,2,0.20,4.33
CA-2012-104059,2012-06-13,2012,6,Frank Carlisle,East,Office Supplies,Art,3.42,1,0.20,0.30
CA-2012-104941,2012-06-13,2012,6,Dave Hallsten,South,Office Supplies,Art,24.78,6,0.00,6.94
CA-2012-104941,2012-06-13,2012,6,Dave Hallsten,South,Office Supplies,Binders,19.14,3,0.00,8.80
CA-2012-104941,2012-06-13,2012,6,Dave Hallsten,South,Technology,Copiers,899.97,3,0.00,314.99
CA-2012-104941,2012-06-13,2012,6,Dave Hallsten,South,Office Supplies,Paper,32.40,5,0.00,15.55
CA-2012-127418,2012-06-13,2012,6,Jennifer Jackson,West,Office Supplies,Binders,36.62,3,0.20,13.73
CA-2012-137281,2012-06-13,2012,6,Barbara Fisher,South,Office Supplies,Paper,6.48,1,0.00,3.11
CA-2012-155054,2012-06-13,2012,6,Penelope Sewall,East,Office Supplies,Binders,8.26,2,0.00,3.88
CA-2012-155054,2012-06-13,2012,6,Penelope Sewall,East,Office Supplies,Binders,29.84,2,0.00,13.43
CA-2012-155054,2012-06-13,2012,6,Penelope Sewall,East,Technology,Accessories,67.98,2,0.00,14.96
CA-2012-120439,2012-06-14,2012,6,Alan Dominguez,East,Furniture,Furnishings,51.07,6,0.20,5.11
CA-2012-129896,2012-06-15,2012,6,Peter Fuller,West,Office Supplies,Paper,9.57,2,0.20,2.99
CA-2012-129896,2012-06-15,2012,6,Peter Fuller,West,Office Supplies,Storage,82.37,2,0.20,-19.56
CA-2012-129896,2012-06-15,2012,6,Peter Fuller,West,Furniture,Furnishings,364.70,6,0.20,-36.47
CA-2012-129896,2012-06-15,2012,6,Peter Fuller,West,Furniture,Furnishings,40.26,4,0.20,11.07
CA-2012-164567,2012-06-15,2012,6,Grace Kelly,West,Technology,Phones,225.58,3,0.20,22.56
US-2012-106495,2012-06-15,2012,6,Amy Cox,South,Technology,Accessories,11.67,1,0.20,-0.73
CA-2012-118955,2012-06-16,2012,6,Lycoris Saunders,Central,Office Supplies,Envelopes,28.75,3,0.20,9.34
CA-2012-118955,2012-06-16,2012,6,Lycoris Saunders,Central,Office Supplies,Paper,27.22,3,0.20,9.87
CA-2012-118955,2012-06-16,2012,6,Lycoris Saunders,Central,Furniture,Chairs,197.37,2,0.30,-25.38
CA-2012-167269,2012-06-16,2012,6,Philip Brown,East,Office Supplies,Envelopes,6.21,2,0.20,2.17
US-2012-163825,2012-06-16,2012,6,Lena Creighton,East,Office Supplies,Binders,3050.38,3,0.20,1143.89
US-2012-163825,2012-06-16,2012,6,Lena Creighton,East,Technology,Phones,133.98,2,0.00,33.50
CA-2012-122287,2012-06-18,2012,6,Skye Norling,West,Office Supplies,Paper,11.95,3,0.20,4.33
CA-2012-122287,2012-06-18,2012,6,Skye Norling,West,Office Supplies,Binders,4.54,7,0.70,-3.33
CA-2012-122287,2012-06-18,2012,6,Skye Norling,West,Office Supplies,Binders,9.16,2,0.70,-6.10
CA-2012-122287,2012-06-18,2012,6,Skye Norling,West,Furniture,Furnishings,75.36,5,0.20,20.72
CA-2012-133242,2012-06-18,2012,6,Keith Herrera,South,Furniture,Furnishings,60.84,3,0.00,19.47
CA-2012-133242,2012-06-18,2012,6,Keith Herrera,South,Office Supplies,Storage,450.04,2,0.00,58.51
CA-2012-133242,2012-06-18,2012,6,Keith Herrera,South,Office Supplies,Binders,34.60,2,0.00,16.61
CA-2012-133242,2012-06-18,2012,6,Keith Herrera,South,Technology,Phones,467.97,3,0.00,140.39
CA-2012-133242,2012-06-18,2012,6,Keith Herrera,South,Office Supplies,Binders,33.02,2,0.00,15.85
CA-2012-147011,2012-06-18,2012,6,Harold Ryan,South,Office Supplies,Art,13.63,4,0.20,3.58
CA-2012-154200,2012-06-18,2012,6,Bruce Geld,West,Office Supplies,Art,51.98,2,0.00,15.07
CA-2012-156734,2012-06-18,2012,6,Benjamin Venier,South,Office Supplies,Binders,6.13,3,0.70,-4.49
CA-2012-156734,2012-06-18,2012,6,Benjamin Venier,South,Furniture,Chairs,643.14,4,0.20,56.27
CA-2012-156734,2012-06-18,2012,6,Benjamin Venier,South,Office Supplies,Paper,20.74,4,0.20,7.26
CA-2012-111864,2012-06-19,2012,6,Paul Prost,East,Office Supplies,Labels,5.90,2,0.20,1.99
CA-2012-121965,2012-06-19,2012,6,Logan Haushalter,West,Furniture,Furnishings,12.56,2,0.00,4.02
CA-2012-121965,2012-06-19,2012,6,Logan Haushalter,West,Office Supplies,Paper,6.48,1,0.00,3.11
CA-2012-121965,2012-06-19,2012,6,Logan Haushalter,West,Office Supplies,Envelopes,186.69,3,0.00,87.74
CA-2012-144302,2012-06-19,2012,6,Maria Etezadi,Central,Office Supplies,Binders,5.79,2,0.80,-9.56
CA-2012-163734,2012-06-19,2012,6,Katherine Murray,Central,Office Supplies,Storage,228.92,5,0.20,14.31
CA-2012-140144,2012-06-20,2012,6,Stewart Carmichael,West,Furniture,Furnishings,257.64,6,0.00,100.48
CA-2012-140144,2012-06-20,2012,6,Stewart Carmichael,West,Technology,Phones,125.98,3,0.20,47.24
CA-2012-158351,2012-06-20,2012,6,Becky Castell,East,Technology,Accessories,319.98,2,0.20,92.00
US-2012-136427,2012-06-20,2012,6,Justin MacKendrick,West,Technology,Phones,125.94,7,0.20,15.74
CA-2012-123330,2012-06-21,2012,6,Emily Phan,South,Technology,Phones,107.98,3,0.20,37.79
CA-2012-124975,2012-06-22,2012,6,Michael Grace,Central,Furniture,Tables,796.43,7,0.50,-525.64
CA-2012-128167,2012-06-22,2012,6,Ken Lonsdale,West,Office Supplies,Fasteners,4.96,4,0.00,2.33
CA-2012-153423,2012-06-22,2012,6,Shaun Weien,East,Office Supplies,Binders,1217.57,2,0.20,456.59
CA-2012-106187,2012-06-23,2012,6,Randy Ferguson,South,Furniture,Furnishings,27.42,3,0.00,9.32
CA-2012-106187,2012-06-23,2012,6,Randy Ferguson,South,Office Supplies,Binders,165.98,1,0.00,74.69
CA-2012-106187,2012-06-23,2012,6,Randy Ferguson,South,Technology,Accessories,75.00,3,0.00,18.00
CA-2012-122826,2012-06-23,2012,6,Rick Duston,West,Technology,Phones,201.57,4,0.20,22.68
CA-2012-139164,2012-06-23,2012,6,Christine Sundaresam,West,Technology,Phones,217.58,2,0.20,19.04
CA-2012-139164,2012-06-23,2012,6,Christine Sundaresam,West,Office Supplies,Fasteners,5.43,3,0.00,1.79
CA-2012-139164,2012-06-23,2012,6,Christine Sundaresam,West,Technology,Phones,143.98,3,0.20,9.00
CA-2012-115945,2012-06-25,2012,6,Alan Barnes,West,Office Supplies,Art,20.96,2,0.00,5.24
CA-2012-115945,2012-06-25,2012,6,Alan Barnes,West,Office Supplies,Binders,88.75,3,0.20,27.74
CA-2012-115945,2012-06-25,2012,6,Alan Barnes,West,Office Supplies,Storage,304.23,3,0.00,9.13
CA-2012-119690,2012-06-25,2012,6,Mark Van Huff,Central,Office Supplies,Paper,47.95,3,0.20,16.18
CA-2012-119690,2012-06-25,2012,6,Mark Van Huff,Central,Office Supplies,Binders,0.98,2,0.80,-1.48
CA-2012-119690,2012-06-25,2012,6,Mark Van Huff,Central,Furniture,Furnishings,75.38,9,0.60,-20.73
CA-2012-119690,2012-06-25,2012,6,Mark Van Huff,Central,Office Supplies,Labels,4.61,2,0.20,1.67
CA-2012-127110,2012-06-25,2012,6,Cathy Hwang,East,Office Supplies,Paper,31.10,6,0.20,10.89
CA-2012-127110,2012-06-25,2012,6,Cathy Hwang,East,Office Supplies,Storage,78.26,2,0.20,-17.61
CA-2012-137750,2012-06-25,2012,6,Jill Fjeld,West,Furniture,Furnishings,204.85,5,0.00,57.36
CA-2012-115938,2012-06-26,2012,6,Sue Ann Reed,South,Office Supplies,Binders,143.96,4,0.00,69.10
CA-2012-115938,2012-06-26,2012,6,Sue Ann Reed,South,Office Supplies,Storage,15.42,1,0.00,4.16
CA-2012-115938,2012-06-26,2012,6,Sue Ann Reed,South,Office Supplies,Binders,43.04,8,0.00,21.09
CA-2012-115938,2012-06-26,2012,6,Sue Ann Reed,South,Furniture,Chairs,332.94,3,0.00,79.91
CA-2012-125395,2012-06-26,2012,6,Laura Armstrong,Central,Technology,Accessories,41.90,2,0.00,8.80
CA-2012-143882,2012-06-26,2012,6,Dennis Bolton,East,Office Supplies,Paper,43.06,9,0.20,15.61
CA-2012-166583,2012-06-26,2012,6,Valerie Dominguez,Central,Technology,Phones,971.88,3,0.20,109.34
CA-2012-103772,2012-06-28,2012,6,Mark Packer,South,Office Supplies,Binders,119.56,2,0.00,55.00
CA-2012-103772,2012-06-28,2012,6,Mark Packer,South,Office Supplies,Art,140.75,5,0.00,42.23
CA-2012-112144,2012-06-28,2012,6,Craig Yedwab,West,Office Supplies,Labels,5.90,2,0.20,1.99
CA-2012-112144,2012-06-28,2012,6,Craig Yedwab,West,Furniture,Furnishings,621.76,4,0.20,46.63
CA-2012-162950,2012-06-28,2012,6,Dorothy Wardle,East,Office Supplies,Paper,15.55,3,0.20,5.44
CA-2012-162950,2012-06-28,2012,6,Dorothy Wardle,East,Furniture,Bookcases,482.94,6,0.50,-376.69
CA-2012-128860,2012-06-29,2012,6,Steven Cartwright,East,Furniture,Furnishings,20.10,1,0.20,1.76
CA-2012-165799,2012-06-29,2012,6,Sheri Gordon,East,Furniture,Chairs,117.88,1,0.10,1.31
US-2012-100069,2012-06-29,2012,6,Neil Französisch,Central,Technology,Phones,269.98,2,0.00,72.89
US-2012-141684,2012-06-29,2012,6,Michelle Moray,East,Office Supplies,Paper,24.96,4,0.00,11.23
CA-2012-111703,2012-07-02,2012,7,Karl Braun,South,Office Supplies,Paper,11.95,3,0.20,4.03
CA-2012-111703,2012-07-02,2012,7,Karl Braun,South,Office Supplies,Paper,15.55,3,0.20,5.64
CA-2012-120397,2012-07-02,2012,7,Richard Bierner,Central,Office Supplies,Appliances,32.78,4,0.80,-85.24
CA-2012-140718,2012-07-02,2012,7,Frank Atkinson,South,Technology,Phones,74.24,1,0.20,8.35
CA-2012-140718,2012-07-02,2012,7,Frank Atkinson,South,Furniture,Furnishings,159.84,10,0.20,45.95
CA-2012-140718,2012-07-02,2012,7,Frank Atkinson,South,Office Supplies,Binders,2.89,2,0.70,-2.31
CA-2012-140718,2012-07-02,2012,7,Frank Atkinson,South,Office Supplies,Paper,9.39,2,0.20,3.29
CA-2012-150196,2012-07-02,2012,7,Steven Roelle,East,Office Supplies,Paper,19.44,3,0.00,9.33
CA-2012-157322,2012-07-02,2012,7,Rob Haberlin,Central,Furniture,Chairs,408.42,2,0.30,-5.83
CA-2012-157322,2012-07-02,2012,7,Rob Haberlin,Central,Furniture,Chairs,382.12,6,0.30,-92.80
CA-2012-157322,2012-07-02,2012,7,Rob Haberlin,Central,Office Supplies,Storage,68.60,5,0.20,6.00
CA-2012-157322,2012-07-02,2012,7,Rob Haberlin,Central,Office Supplies,Storage,435.50,3,0.20,48.99
CA-2012-157322,2012-07-02,2012,7,Rob Haberlin,Central,Office Supplies,Paper,11.17,2,0.20,3.77
CA-2012-128139,2012-07-03,2012,7,Bruce Degenhardt,South,Furniture,Chairs,70.98,1,0.00,4.97
CA-2012-128139,2012-07-03,2012,7,Bruce Degenhardt,South,Office Supplies,Labels,294.93,3,0.00,144.52
US-2012-153500,2012-07-03,2012,7,Deirdre Greer,East,Furniture,Furnishings,168.46,2,0.20,-29.48
US-2012-153500,2012-07-03,2012,7,Deirdre Greer,East,Office Supplies,Paper,6.72,2,0.20,2.44
US-2012-153500,2012-07-03,2012,7,Deirdre Greer,East,Furniture,Furnishings,282.89,9,0.20,56.58
CA-2012-124268,2012-07-04,2012,7,Alan Dominguez,East,Office Supplies,Art,15.48,3,0.00,4.49
CA-2012-152513,2012-07-04,2012,7,Julie Prescott,West,Office Supplies,Binders,22.85,2,0.20,7.43
CA-2012-154956,2012-07-04,2012,7,Irene Maddox,Central,Technology,Phones,1099.96,4,0.00,285.99
CA-2012-116750,2012-07-05,2012,7,Barbara Fisher,South,Furniture,Furnishings,4.93,2,0.20,0.74
CA-2012-116750,2012-07-05,2012,7,Barbara Fisher,South,Office Supplies,Binders,7.23,5,0.70,-5.78
CA-2012-130610,2012-07-05,2012,7,Victor Preis,Central,Office Supplies,Binders,19.00,5,0.00,8.93
CA-2012-164336,2012-07-05,2012,7,Mitch Webber,East,Technology,Accessories,34.80,3,0.20,2.18
CA-2012-164336,2012-07-05,2012,7,Mitch Webber,East,Office Supplies,Storage,38.98,3,0.20,-2.44
US-2012-158911,2012-07-05,2012,7,Roland Schwarz,South,Furniture,Furnishings,4.93,2,0.20,0.74
US-2012-158911,2012-07-05,2012,7,Roland Schwarz,South,Office Supplies,Labels,11.78,3,0.20,4.27
CA-2012-108665,2012-07-06,2012,7,Kalyca Meade,East,Furniture,Furnishings,13.96,2,0.00,6.70
CA-2012-108665,2012-07-06,2012,7,Kalyca Meade,East,Furniture,Furnishings,155.82,3,0.00,63.89
CA-2012-108665,2012-07-06,2012,7,Kalyca Meade,East,Technology,Phones,124.95,5,0.00,2.50
CA-2012-108665,2012-07-06,2012,7,Kalyca Meade,East,Office Supplies,Storage,601.65,5,0.00,156.43
CA-2012-116260,2012-07-06,2012,7,Barbara Fisher,East,Office Supplies,Art,11.12,4,0.00,2.89
CA-2012-146087,2012-07-06,2012,7,Paul Prost,East,Furniture,Bookcases,301.96,2,0.00,60.39
CA-2012-161627,2012-07-06,2012,7,Sarah Jordon,West,Furniture,Chairs,170.35,3,0.20,-17.04
CA-2012-129392,2012-07-08,2012,7,Darrin Martin,Central,Office Supplies,Paper,21.12,5,0.20,6.60
CA-2012-111094,2012-07-09,2012,7,Claudia Bergmann,East,Office Supplies,Paper,6.58,2,0.00,3.03
CA-2012-111094,2012-07-09,2012,7,Claudia Bergmann,East,Office Supplies,Binders,122.94,3,0.00,59.01
CA-2012-123456,2012-07-09,2012,7,Kean Nguyen,Central,Office Supplies,Appliances,48.63,2,0.80,-121.58
CA-2012-132626,2012-07-09,2012,7,Brian Thompson,East,Office Supplies,Fasteners,15.80,4,0.00,5.06
CA-2012-132626,2012-07-09,2012,7,Brian Thompson,East,Technology,Machines,464.97,3,0.00,209.24
CA-2012-132626,2012-07-09,2012,7,Brian Thompson,East,Furniture,Furnishings,181.96,2,0.00,20.02
CA-2012-132626,2012-07-09,2012,7,Brian Thompson,East,Office Supplies,Labels,12.39,3,0.00,5.70
CA-2012-132626,2012-07-09,2012,7,Brian Thompson,East,Office Supplies,Binders,84.09,3,0.00,42.05
CA-2012-132626,2012-07-09,2012,7,Brian Thompson,East,Office Supplies,Art,79.36,4,0.00,32.54
CA-2012-132626,2012-07-09,2012,7,Brian Thompson,East,Office Supplies,Binders,153.36,9,0.00,70.55
CA-2012-132626,2012-07-09,2012,7,Brian Thompson,East,Office Supplies,Binders,43.68,6,0.00,21.40
CA-2012-132626,2012-07-09,2012,7,Brian Thompson,East,Office Supplies,Storage,98.21,7,0.00,28.48
CA-2012-135314,2012-07-09,2012,7,Matt Collins,East,Technology,Phones,269.98,3,0.40,40.50
CA-2012-153626,2012-07-09,2012,7,Emily Burns,South,Office Supplies,Art,5.16,3,0.20,0.84
CA-2012-107020,2012-07-10,2012,7,Mike Vittorini,West,Office Supplies,Binders,39.92,2,0.20,12.97
CA-2012-149384,2012-07-10,2012,7,Eric Hoffmann,West,Office Supplies,Binders,3.37,3,0.70,-2.24
CA-2012-136469,2012-07-11,2012,7,Todd Sumrall,East,Furniture,Tables,199.84,4,0.30,-37.11
CA-2012-136469,2012-07-11,2012,7,Todd Sumrall,East,Technology,Phones,716.00,2,0.00,193.32
CA-2012-136469,2012-07-11,2012,7,Todd Sumrall,East,Office Supplies,Binders,221.06,7,0.00,103.90
CA-2012-142237,2012-07-11,2012,7,Clytie Kelty,East,Furniture,Furnishings,289.80,7,0.20,36.23
CA-2012-142237,2012-07-11,2012,7,Clytie Kelty,East,Office Supplies,Binders,2.50,3,0.70,-2.00
CA-2012-142237,2012-07-11,2012,7,Clytie Kelty,East,Office Supplies,Binders,6.48,4,0.70,-4.75
CA-2012-142237,2012-07-11,2012,7,Clytie Kelty,East,Furniture,Chairs,341.49,8,0.30,-73.18
CA-2012-142237,2012-07-11,2012,7,Clytie Kelty,East,Office Supplies,Art,11.12,5,0.20,0.83
CA-2012-142237,2012-07-11,2012,7,Clytie Kelty,East,Furniture,Furnishings,25.34,6,0.20,3.48
CA-2012-142419,2012-07-11,2012,7,Shahid Collister,West,Office Supplies,Paper,29.97,3,0.00,13.49
CA-2012-142419,2012-07-11,2012,7,Shahid Collister,West,Office Supplies,Binders,98.35,3,0.20,34.42
CA-2012-112711,2012-07-12,2012,7,Fred McMath,Central,Technology,Phones,307.17,4,0.20,30.72
CA-2012-126557,2012-07-12,2012,7,Rob Lucas,Central,Furniture,Chairs,383.61,9,0.30,-5.48
CA-2012-126557,2012-07-12,2012,7,Rob Lucas,Central,Technology,Phones,148.48,2,0.20,16.70
CA-2012-126557,2012-07-12,2012,7,Rob Lucas,Central,Technology,Phones,537.54,7,0.20,53.75
CA-2012-126557,2012-07-12,2012,7,Rob Lucas,Central,Office Supplies,Binders,1.93,2,0.80,-2.99
CA-2012-126557,2012-07-12,2012,7,Rob Lucas,Central,Office Supplies,Art,6.91,3,0.20,0.69
CA-2012-126557,2012-07-12,2012,7,Rob Lucas,Central,Furniture,Furnishings,7.76,1,0.60,-2.13
CA-2012-126557,2012-07-12,2012,7,Rob Lucas,Central,Technology,Phones,659.17,4,0.20,49.44
CA-2012-114069,2012-07-13,2012,7,Natalie DeCherney,East,Office Supplies,Binders,11.81,2,0.20,4.28
CA-2012-114069,2012-07-13,2012,7,Natalie DeCherney,East,Furniture,Chairs,1931.04,9,0.10,321.84
CA-2012-114069,2012-07-13,2012,7,Natalie DeCherney,East,Office Supplies,Paper,9.96,2,0.00,4.68
US-2012-107349,2012-07-13,2012,7,Sara Luxemburg,Central,Office Supplies,Binders,41.57,6,0.80,-66.51
US-2012-140851,2012-07-13,2012,7,Neil Ducich,South,Office Supplies,Paper,38.88,6,0.00,18.66
CA-2012-143364,2012-07-14,2012,7,Toby Gnade,West,Office Supplies,Storage,272.74,3,0.20,-64.77
CA-2012-143364,2012-07-14,2012,7,Toby Gnade,West,Office Supplies,Paper,18.50,4,0.20,6.70
CA-2012-143364,2012-07-14,2012,7,Toby Gnade,West,Furniture,Chairs,441.92,2,0.20,49.72
CA-2012-143364,2012-07-14,2012,7,Toby Gnade,West,Furniture,Bookcases,127.76,6,0.70,-191.65
CA-2012-113404,2012-07-16,2012,7,Eleni McCrary,West,Furniture,Chairs,1348.70,6,0.20,-219.16
CA-2012-113404,2012-07-16,2012,7,Eleni McCrary,West,Furniture,Chairs,700.15,3,0.20,78.77
CA-2012-146948,2012-07-16,2012,7,Michael Granlund,East,Furniture,Chairs,150.98,1,0.00,43.78
CA-2012-146948,2012-07-16,2012,7,Michael Granlund,East,Office Supplies,Envelopes,137.25,9,0.00,63.14
CA-2012-146948,2012-07-16,2012,7,Michael Granlund,East,Office Supplies,Fasteners,11.52,4,0.00,5.41
US-2012-166520,2012-07-16,2012,7,Katrina Edelman,East,Office Supplies,Paper,80.88,3,0.00,39.63
US-2012-166520,2012-07-16,2012,7,Katrina Edelman,East,Technology,Accessories,599.90,10,0.00,191.97
CA-2012-121132,2012-07-17,2012,7,Victoria Brennan,Central,Office Supplies,Labels,6.26,3,0.20,2.04
CA-2012-121132,2012-07-17,2012,7,Victoria Brennan,Central,Office Supplies,Fasteners,14.43,4,0.20,3.43
CA-2012-138534,2012-07-17,2012,7,Jessica Myrick,West,Furniture,Bookcases,195.47,2,0.15,-13.80
US-2012-149629,2012-07-17,2012,7,Michael Paige,South,Furniture,Bookcases,231.92,5,0.20,5.80
CA-2012-111206,2012-07-18,2012,7,Roland Fjeld,West,Technology,Accessories,519.96,4,0.00,176.79
CA-2012-122973,2012-07-18,2012,7,Pauline Johnson,East,Office Supplies,Binders,3.33,2,0.20,1.21
CA-2012-122973,2012-07-18,2012,7,Pauline Johnson,East,Technology,Phones,135.99,1,0.00,36.72
CA-2012-122973,2012-07-18,2012,7,Pauline Johnson,East,Furniture,Furnishings,7.38,1,0.00,2.14
CA-2012-159590,2012-07-18,2012,7,Karen Carlisle,East,Office Supplies,Art,5.76,2,0.00,1.61
US-2012-160150,2012-07-19,2012,7,Thais Sissman,West,Office Supplies,Binders,2.03,1,0.70,-1.35
CA-2012-160472,2012-07-20,2012,7,Ralph Kennedy,Central,Office Supplies,Storage,34.76,1,0.00,9.73
CA-2012-160472,2012-07-20,2012,7,Ralph Kennedy,Central,Technology,Accessories,831.20,5,0.00,124.68
CA-2012-160472,2012-07-20,2012,7,Ralph Kennedy,Central,Office Supplies,Paper,26.40,5,0.00,11.88
CA-2012-160472,2012-07-20,2012,7,Ralph Kennedy,Central,Office Supplies,Envelopes,106.75,7,0.00,49.11
CA-2012-160472,2012-07-20,2012,7,Ralph Kennedy,Central,Office Supplies,Paper,97.82,2,0.00,45.98
CA-2012-160472,2012-07-20,2012,7,Ralph Kennedy,Central,Office Supplies,Storage,141.40,5,0.00,38.18
US-2012-122784,2012-07-20,2012,7,Russell Applegate,Central,Office Supplies,Binders,2.88,5,0.80,-4.46
US-2012-122784,2012-07-20,2012,7,Russell Applegate,Central,Furniture,Bookcases,384.94,4,0.30,-126.48
US-2012-122784,2012-07-20,2012,7,Russell Applegate,Central,Technology,Phones,153.58,2,0.20,13.44
US-2012-122784,2012-07-20,2012,7,Russell Applegate,Central,Furniture,Bookcases,913.43,5,0.30,-52.20
CA-2012-120810,2012-07-23,2012,7,Tracy Hopkins,East,Office Supplies,Appliances,68.94,3,0.00,20.68
CA-2012-120810,2012-07-23,2012,7,Tracy Hopkins,East,Furniture,Furnishings,128.82,3,0.00,50.24
CA-2012-124044,2012-07-23,2012,7,Melanie Seite,East,Office Supplies,Binders,10.51,3,0.20,3.68
CA-2012-103135,2012-07-24,2012,7,Shirley Schmidt,South,Furniture,Furnishings,20.94,3,0.00,6.07
CA-2012-103135,2012-07-24,2012,7,Shirley Schmidt,South,Office Supplies,Binders,135.09,9,0.00,62.14
CA-2012-103135,2012-07-24,2012,7,Shirley Schmidt,South,Technology,Accessories,279.86,14,0.00,64.37
CA-2012-103135,2012-07-24,2012,7,Shirley Schmidt,South,Office Supplies,Binders,90.06,6,0.00,41.43
CA-2012-139248,2012-07-25,2012,7,Russell D'Ascenzo,West,Technology,Phones,623.96,5,0.20,39.00
CA-2012-148635,2012-07-25,2012,7,Michelle Huthwaite,West,Office Supplies,Fasteners,9.42,2,0.00,0.47
CA-2012-148635,2012-07-25,2012,7,Michelle Huthwaite,West,Office Supplies,Paper,12.96,2,0.00,6.22
CA-2012-148635,2012-07-25,2012,7,Michelle Huthwaite,West,Furniture,Bookcases,704.90,5,0.00,56.39
CA-2012-148635,2012-07-25,2012,7,Michelle Huthwaite,West,Furniture,Chairs,561.57,2,0.20,28.08
CA-2012-154291,2012-07-25,2012,7,Yana Sorensen,South,Office Supplies,Envelopes,98.46,9,0.00,49.23
CA-2012-154291,2012-07-25,2012,7,Yana Sorensen,South,Furniture,Tables,358.58,2,0.00,39.44
US-2012-150161,2012-07-25,2012,7,Ross Baird,East,Office Supplies,Binders,25.18,4,0.70,-18.46
CA-2012-127754,2012-07-26,2012,7,Cyma Kinney,West,Furniture,Chairs,266.35,3,0.20,13.32
CA-2012-136735,2012-07-26,2012,7,Helen Andreada,West,Office Supplies,Envelopes,167.86,2,0.00,78.89
CA-2012-143700,2012-07-26,2012,7,Alan Shonely,East,Office Supplies,Paper,10.37,2,0.20,3.63
CA-2012-148180,2012-07-26,2012,7,Bart Pistole,West,Office Supplies,Binders,9.14,3,0.20,3.09
CA-2012-148180,2012-07-26,2012,7,Bart Pistole,West,Office Supplies,Binders,23.14,6,0.20,8.39
CA-2012-148180,2012-07-26,2012,7,Bart Pistole,West,Office Supplies,Art,99.20,5,0.00,25.79
US-2012-140200,2012-07-26,2012,7,Cynthia Arntzen,West,Furniture,Tables,393.17,3,0.50,-204.45
US-2012-129553,2012-07-27,2012,7,Patrick Gardner,South,Technology,Phones,29.97,3,0.00,0.30
CA-2012-132507,2012-07-30,2012,7,Corey Catlett,Central,Office Supplies,Storage,61.79,4,0.20,6.18
CA-2012-155334,2012-07-30,2012,7,Helen Andreada,West,Technology,Accessories,209.93,7,0.00,92.37
CA-2012-155334,2012-07-30,2012,7,Helen Andreada,West,Furniture,Furnishings,5.28,3,0.00,2.32
CA-2012-155334,2012-07-30,2012,7,Helen Andreada,West,Office Supplies,Binders,10.92,3,0.20,4.10
US-2012-164966,2012-07-30,2012,7,Gary Hansen,Central,Furniture,Chairs,155.88,6,0.00,38.97
CA-2012-111017,2012-07-31,2012,7,Steve Chapman,Central,Office Supplies,Supplies,52.59,3,0.00,15.78
CA-2012-124891,2012-07-31,2012,7,Rick Hansen,East,Technology,Accessories,2309.65,7,0.00,762.18
CA-2012-124891,2012-07-31,2012,7,Rick Hansen,East,Furniture,Tables,1090.78,7,0.40,-290.88
CA-2012-124891,2012-07-31,2012,7,Rick Hansen,East,Office Supplies,Paper,19.44,3,0.00,9.33
CA-2012-164427,2012-07-31,2012,7,Allen Rosenblatt,South,Technology,Accessories,239.70,6,0.00,105.47
CA-2012-153388,2012-08-01,2012,8,Pauline Chand,West,Office Supplies,Art,6.72,4,0.00,3.36
CA-2012-153388,2012-08-01,2012,8,Pauline Chand,West,Furniture,Tables,1004.98,6,0.20,-175.87
CA-2012-112767,2012-08-02,2012,8,Darren Koutras,West,Furniture,Tables,277.50,4,0.50,-188.70
CA-2012-122406,2012-08-02,2012,8,Brad Eason,East,Technology,Phones,128.85,3,0.00,3.87
CA-2012-122406,2012-08-02,2012,8,Brad Eason,East,Office Supplies,Paper,8.40,2,0.00,4.12
CA-2012-122406,2012-08-02,2012,8,Brad Eason,East,Technology,Accessories,199.98,2,0.00,83.99
CA-2012-122406,2012-08-02,2012,8,Brad Eason,East,Furniture,Chairs,110.98,1,0.00,15.54
CA-2012-147501,2012-08-02,2012,8,Corey-Lock,West,Office Supplies,Binders,6.37,2,0.20,2.15
CA-2012-147501,2012-08-02,2012,8,Corey-Lock,West,Technology,Machines,558.40,2,0.20,41.88
CA-2012-112214,2012-08-05,2012,8,Anna Häberlin,Central,Office Supplies,Storage,33.49,7,0.20,-1.26
CA-2012-112214,2012-08-05,2012,8,Anna Häberlin,Central,Office Supplies,Supplies,23.04,3,0.20,-4.90
CA-2012-112214,2012-08-05,2012,8,Anna Häberlin,Central,Office Supplies,Binders,1.36,1,0.80,-2.18
CA-2012-112214,2012-08-05,2012,8,Anna Häberlin,Central,Furniture,Furnishings,14.76,5,0.60,-11.44
CA-2012-135251,2012-08-06,2012,8,Rachel Payne,Central,Office Supplies,Labels,35.52,3,0.20,13.32
CA-2012-135251,2012-08-06,2012,8,Rachel Payne,Central,Office Supplies,Binders,6.23,5,0.80,-9.66
CA-2012-135251,2012-08-06,2012,8,Rachel Payne,Central,Office Supplies,Paper,56.70,2,0.20,19.14
CA-2012-135251,2012-08-06,2012,8,Rachel Payne,Central,Furniture,Bookcases,369.20,3,0.32,-114.02
CA-2012-160794,2012-08-06,2012,8,Michael Stewart,Central,Office Supplies,Paper,27.22,3,0.20,9.87
CA-2012-138331,2012-08-07,2012,8,Jim Karlsson,East,Office Supplies,Art,106.80,10,0.20,10.68
CA-2012-141936,2012-08-07,2012,8,Parhena Norris,West,Office Supplies,Binders,19.15,3,0.20,6.46
CA-2012-163237,2012-08-07,2012,8,Eudokia Martin,South,Technology,Phones,494.97,3,0.00,148.49
CA-2012-163237,2012-08-07,2012,8,Eudokia Martin,South,Office Supplies,Labels,25.06,2,0.00,11.78
CA-2012-163895,2012-08-07,2012,8,Noel Staavos,West,Office Supplies,Binders,3.30,1,0.20,1.12
US-2012-117492,2012-08-07,2012,8,Noel Staavos,East,Office Supplies,Appliances,77.58,9,0.00,20.17
US-2012-124219,2012-08-07,2012,8,Kelly Williams,Central,Office Supplies,Binders,28.40,4,0.00,13.06
US-2012-124219,2012-08-07,2012,8,Kelly Williams,Central,Furniture,Furnishings,212.94,3,0.00,34.07
CA-2012-127544,2012-08-08,2012,8,Rob Dowd,East,Technology,Accessories,79.99,1,0.00,28.80
CA-2012-129322,2012-08-08,2012,8,Denny Blanton,East,Office Supplies,Art,39.66,2,0.00,11.90
CA-2012-129322,2012-08-08,2012,8,Denny Blanton,East,Office Supplies,Appliances,113.92,2,0.00,33.04
CA-2012-129322,2012-08-08,2012,8,Denny Blanton,East,Office Supplies,Binders,447.86,7,0.00,210.49
CA-2012-168564,2012-08-08,2012,8,Thomas Thornton,West,Office Supplies,Binders,6.61,2,0.20,2.23
CA-2012-168564,2012-08-08,2012,8,Thomas Thornton,West,Office Supplies,Binders,7.28,2,0.20,2.73
CA-2012-168564,2012-08-08,2012,8,Thomas Thornton,West,Furniture,Chairs,144.78,1,0.20,10.86
CA-2012-103954,2012-08-09,2012,8,Hallie Redmond,Central,Furniture,Bookcases,687.40,5,0.00,48.12
CA-2012-128013,2012-08-09,2012,8,Monica Federle,East,Furniture,Furnishings,10.02,3,0.00,4.41
CA-2012-128013,2012-08-09,2012,8,Monica Federle,East,Office Supplies,Paper,144.12,3,0.00,69.18
CA-2012-131338,2012-08-09,2012,8,Naresj Patel,East,Technology,Phones,307.98,2,0.00,89.31
CA-2012-131338,2012-08-09,2012,8,Naresj Patel,East,Furniture,Tables,382.81,9,0.40,-153.12
CA-2012-131338,2012-08-09,2012,8,Naresj Patel,East,Office Supplies,Storage,41.96,2,0.00,2.94
CA-2012-131338,2012-08-09,2012,8,Naresj Patel,East,Office Supplies,Binders,1217.57,2,0.20,456.59
CA-2012-131338,2012-08-09,2012,8,Naresj Patel,East,Furniture,Furnishings,47.04,3,0.00,18.35
CA-2012-131338,2012-08-09,2012,8,Naresj Patel,East,Furniture,Furnishings,6.16,2,0.00,2.96
CA-2012-131338,2012-08-09,2012,8,Naresj Patel,East,Technology,Phones,979.95,5,0.00,274.39
CA-2012-131338,2012-08-09,2012,8,Naresj Patel,East,Office Supplies,Paper,143.70,3,0.00,68.98
CA-2012-131338,2012-08-09,2012,8,Naresj Patel,East,Office Supplies,Fasteners,10.65,3,0.00,5.01
CA-2012-131338,2012-08-09,2012,8,Naresj Patel,East,Technology,Accessories,247.80,4,0.00,34.69
CA-2012-155453,2012-08-09,2012,8,Ruben Ausman,South,Office Supplies,Labels,4.61,2,0.20,1.67
CA-2012-163055,2012-08-09,2012,8,David Smith,Central,Office Supplies,Art,2.20,1,0.00,0.97
CA-2012-163055,2012-08-09,2012,8,David Smith,Central,Furniture,Tables,622.45,5,0.00,136.94
CA-2012-163055,2012-08-09,2012,8,David Smith,Central,Office Supplies,Storage,21.98,1,0.00,0.22
CA-2012-121699,2012-08-10,2012,8,Bill Donatelli,Central,Office Supplies,Binders,64.75,5,0.00,29.14
CA-2012-130022,2012-08-10,2012,8,Julie Kriz,Central,Office Supplies,Labels,3.75,1,0.00,1.80
CA-2012-130022,2012-08-10,2012,8,Julie Kriz,Central,Office Supplies,Labels,41.40,4,0.00,19.87
CA-2012-130022,2012-08-10,2012,8,Julie Kriz,Central,Office Supplies,Art,29.79,3,0.00,12.51
US-2012-156496,2012-08-10,2012,8,William Brown,West,Technology,Phones,438.37,4,0.20,38.36
US-2012-156496,2012-08-10,2012,8,William Brown,West,Technology,Phones,139.94,7,0.20,-31.49
US-2012-156496,2012-08-10,2012,8,William Brown,West,Office Supplies,Appliances,133.47,4,0.20,15.02
CA-2012-119634,2012-08-11,2012,8,Barry Weirich,South,Furniture,Furnishings,46.15,3,0.20,12.11
US-2012-156797,2012-08-11,2012,8,Philisse Overcash,East,Office Supplies,Art,11.96,2,0.00,3.11
US-2012-156797,2012-08-11,2012,8,Philisse Overcash,East,Technology,Phones,138.00,2,0.00,34.50
CA-2012-112011,2012-08-13,2012,8,Odella Nelson,West,Office Supplies,Art,50.80,5,0.00,13.21
CA-2012-120516,2012-08-13,2012,8,Clytie Kelty,South,Office Supplies,Binders,5.64,3,0.00,2.71
CA-2012-133396,2012-08-13,2012,8,Grace Kelly,South,Office Supplies,Art,64.68,7,0.20,8.09
CA-2012-148495,2012-08-13,2012,8,Sandra Flanagan,West,Furniture,Furnishings,31.56,3,0.00,10.41
CA-2012-150441,2012-08-13,2012,8,Ralph Arnett,Central,Office Supplies,Binders,11.36,4,0.00,5.57
CA-2012-169656,2012-08-13,2012,8,Ed Jacobs,East,Office Supplies,Storage,422.86,3,0.20,15.86
CA-2012-142454,2012-08-15,2012,8,Richard Eichhorn,West,Furniture,Furnishings,104.23,7,0.00,28.14
CA-2012-142454,2012-08-15,2012,8,Richard Eichhorn,West,Office Supplies,Storage,70.26,3,0.00,18.97
CA-2012-162369,2012-08-15,2012,8,Tim Taslimi,West,Office Supplies,Storage,323.10,2,0.00,61.39
US-2012-126753,2012-08-16,2012,8,Sung Pak,East,Technology,Phones,519.79,4,0.40,-112.62
US-2012-126753,2012-08-16,2012,8,Sung Pak,East,Technology,Accessories,31.18,3,0.20,-5.46
US-2012-126753,2012-08-16,2012,8,Sung Pak,East,Office Supplies,Paper,10.37,2,0.20,3.63
US-2012-126753,2012-08-16,2012,8,Sung Pak,East,Office Supplies,Binders,2.72,2,0.70,-1.91
US-2012-126753,2012-08-16,2012,8,Sung Pak,East,Furniture,Furnishings,254.35,3,0.20,0.00
US-2012-126753,2012-08-16,2012,8,Sung Pak,East,Office Supplies,Binders,3.76,3,0.70,-2.76
US-2012-126753,2012-08-16,2012,8,Sung Pak,East,Office Supplies,Paper,10.27,3,0.20,3.21
US-2012-128090,2012-08-16,2012,8,John Murray,West,Office Supplies,Art,2.30,1,0.20,0.26
US-2012-128090,2012-08-16,2012,8,John Murray,West,Technology,Phones,1879.96,5,0.20,211.50
US-2012-128090,2012-08-16,2012,8,John Murray,West,Office Supplies,Paper,313.02,8,0.20,105.65
US-2012-128090,2012-08-16,2012,8,John Murray,West,Office Supplies,Labels,5.04,2,0.20,1.76
US-2012-164238,2012-08-16,2012,8,Joni Wasserman,East,Office Supplies,Storage,44.69,7,0.20,3.35
US-2012-164238,2012-08-16,2012,8,Joni Wasserman,East,Furniture,Bookcases,301.47,3,0.50,-205.00
CA-2012-111297,2012-08-17,2012,8,Shaun Chance,East,Office Supplies,Binders,52.20,9,0.00,23.49
CA-2012-119627,2012-08-17,2012,8,Steven Cartwright,West,Technology,Accessories,30.08,2,0.20,-5.26
CA-2012-119627,2012-08-17,2012,8,Steven Cartwright,West,Office Supplies,Paper,36.29,7,0.20,12.70
CA-2012-119627,2012-08-17,2012,8,Steven Cartwright,West,Office Supplies,Art,10.27,3,0.20,1.16
CA-2012-119627,2012-08-17,2012,8,Steven Cartwright,West,Technology,Accessories,252.80,4,0.20,-31.60
CA-2012-122168,2012-08-21,2012,8,Henry Goldwyn,South,Office Supplies,Art,17.52,3,0.00,8.23
CA-2012-122168,2012-08-21,2012,8,Henry Goldwyn,South,Office Supplies,Art,35.76,12,0.00,10.01
CA-2012-130456,2012-08-21,2012,8,David Smith,West,Furniture,Bookcases,586.40,6,0.15,34.49
CA-2012-130456,2012-08-21,2012,8,David Smith,West,Office Supplies,Storage,80.98,1,0.00,3.24
CA-2012-144267,2012-08-21,2012,8,Nick Zandusky,West,Furniture,Chairs,544.01,3,0.20,40.80
CA-2012-144267,2012-08-21,2012,8,Nick Zandusky,West,Office Supplies,Paper,59.94,3,0.00,28.17
CA-2012-144267,2012-08-21,2012,8,Nick Zandusky,West,Office Supplies,Paper,23.92,4,0.00,11.72
CA-2012-144267,2012-08-21,2012,8,Nick Zandusky,West,Office Supplies,Paper,4.28,1,0.00,1.93
CA-2012-154823,2012-08-21,2012,8,Katherine Nockton,East,Office Supplies,Binders,12.83,2,0.70,-8.98
CA-2012-154823,2012-08-21,2012,8,Katherine Nockton,East,Furniture,Chairs,598.46,3,0.30,-42.75
CA-2012-154823,2012-08-21,2012,8,Katherine Nockton,East,Furniture,Furnishings,25.98,1,0.20,-3.90
US-2012-130512,2012-08-21,2012,8,Sean Miller,East,Office Supplies,Supplies,3.49,2,0.20,-0.70
US-2012-130512,2012-08-21,2012,8,Sean Miller,East,Technology,Accessories,21.73,4,0.20,3.80
US-2012-130512,2012-08-21,2012,8,Sean Miller,East,Office Supplies,Storage,663.07,6,0.20,-165.77
US-2012-130512,2012-08-21,2012,8,Sean Miller,East,Office Supplies,Binders,99.59,2,0.70,-82.99
US-2012-130512,2012-08-21,2012,8,Sean Miller,East,Office Supplies,Paper,49.57,2,0.20,15.49
CA-2012-129854,2012-08-22,2012,8,Roger Barcio,East,Office Supplies,Art,16.52,4,0.00,7.60
CA-2012-132080,2012-08-22,2012,8,Dave Poirier,East,Office Supplies,Binders,50.11,6,0.20,16.29
CA-2012-114468,2012-08-23,2012,8,Tamara Dahlen,Central,Office Supplies,Supplies,31.68,4,0.20,2.77
CA-2012-114468,2012-08-23,2012,8,Tamara Dahlen,Central,Office Supplies,Paper,10.37,2,0.20,3.63
CA-2012-114468,2012-08-23,2012,8,Tamara Dahlen,Central,Office Supplies,Fasteners,12.03,8,0.20,2.26
CA-2012-114468,2012-08-23,2012,8,Tamara Dahlen,Central,Office Supplies,Appliances,5.77,2,0.80,-13.55
CA-2012-165624,2012-08-23,2012,8,Fred Harton,South,Office Supplies,Appliances,542.94,3,0.00,152.02
CA-2012-165624,2012-08-23,2012,8,Fred Harton,South,Office Supplies,Labels,8.64,3,0.00,4.23
CA-2012-165624,2012-08-23,2012,8,Fred Harton,South,Office Supplies,Paper,193.80,5,0.00,94.96
CA-2012-165624,2012-08-23,2012,8,Fred Harton,South,Office Supplies,Paper,21.40,5,0.00,9.63
CA-2012-165624,2012-08-23,2012,8,Fred Harton,South,Office Supplies,Paper,97.88,2,0.00,48.94
CA-2012-165624,2012-08-23,2012,8,Fred Harton,South,Technology,Accessories,251.91,9,0.00,47.86
CA-2012-165624,2012-08-23,2012,8,Fred Harton,South,Office Supplies,Appliances,25.86,3,0.00,6.72
CA-2012-102491,2012-08-24,2012,8,Katrina Willman,South,Technology,Machines,3080.00,7,0.00,1416.80
CA-2012-102491,2012-08-24,2012,8,Katrina Willman,South,Technology,Accessories,79.96,4,0.00,18.39
CA-2012-102491,2012-08-24,2012,8,Katrina Willman,South,Technology,Phones,587.97,3,0.00,170.51
CA-2012-113740,2012-08-24,2012,8,Shahid Collister,East,Furniture,Furnishings,14.91,3,0.00,4.62
CA-2012-123939,2012-08-24,2012,8,Maurice Satty,East,Technology,Phones,26.98,3,0.40,4.05
CA-2012-123939,2012-08-24,2012,8,Maurice Satty,East,Office Supplies,Labels,6.91,3,0.20,2.51
CA-2012-123939,2012-08-24,2012,8,Maurice Satty,East,Office Supplies,Storage,435.50,3,0.20,48.99
CA-2012-139584,2012-08-24,2012,8,Eleni McCrary,East,Furniture,Tables,284.36,2,0.40,-75.83
CA-2012-139584,2012-08-24,2012,8,Eleni McCrary,East,Technology,Accessories,26.00,2,0.00,11.70
CA-2012-146563,2012-08-24,2012,8,Cassandra Brandow,Central,Office Supplies,Storage,999.43,7,0.20,124.93
CA-2012-146563,2012-08-24,2012,8,Cassandra Brandow,Central,Office Supplies,Storage,724.08,14,0.20,-135.77
CA-2012-146563,2012-08-24,2012,8,Cassandra Brandow,Central,Furniture,Tables,918.79,5,0.30,-118.13
CA-2012-146563,2012-08-24,2012,8,Cassandra Brandow,Central,Office Supplies,Binders,2.72,3,0.80,-4.22
CA-2012-169299,2012-08-24,2012,8,Denny Ordway,West,Office Supplies,Art,7.15,3,0.20,0.72
CA-2012-168809,2012-08-25,2012,8,Mick Crebagga,Central,Furniture,Furnishings,20.10,2,0.60,-16.59
CA-2012-168809,2012-08-25,2012,8,Mick Crebagga,Central,Office Supplies,Binders,3.80,1,0.80,-6.08
CA-2012-168809,2012-08-25,2012,8,Mick Crebagga,Central,Furniture,Furnishings,7.88,5,0.60,-3.94
US-2012-139759,2012-08-25,2012,8,Nancy Lomonaco,West,Furniture,Chairs,40.78,1,0.20,4.59
US-2012-139759,2012-08-25,2012,8,Nancy Lomonaco,West,Office Supplies,Appliances,105.96,4,0.00,29.67
CA-2012-101707,2012-08-27,2012,8,Philip Fox,West,Office Supplies,Supplies,32.94,3,0.00,9.22
CA-2012-101707,2012-08-27,2012,8,Philip Fox,West,Office Supplies,Paper,114.20,5,0.00,52.53
CA-2012-101707,2012-08-27,2012,8,Philip Fox,West,Office Supplies,Labels,3.08,1,0.00,1.48
CA-2012-113040,2012-08-27,2012,8,Chad Cunningham,West,Office Supplies,Binders,5.10,1,0.20,1.66
CA-2012-126445,2012-08-27,2012,8,Ryan Akin,West,Office Supplies,Storage,484.65,3,0.00,92.08
CA-2012-107902,2012-08-28,2012,8,Suzanne McNair,East,Office Supplies,Storage,470.36,11,0.00,122.29
CA-2012-121188,2012-08-28,2012,8,Cassandra Brandow,West,Office Supplies,Storage,892.35,5,0.00,267.71
CA-2012-121188,2012-08-28,2012,8,Cassandra Brandow,West,Furniture,Bookcases,307.67,2,0.15,28.96
CA-2012-121188,2012-08-28,2012,8,Cassandra Brandow,West,Office Supplies,Storage,728.82,9,0.00,29.15
CA-2012-121188,2012-08-28,2012,8,Cassandra Brandow,West,Office Supplies,Binders,41.36,5,0.20,13.96
CA-2012-121188,2012-08-28,2012,8,Cassandra Brandow,West,Technology,Phones,43.18,3,0.20,15.11
CA-2012-121188,2012-08-28,2012,8,Cassandra Brandow,West,Furniture,Furnishings,4.16,2,0.00,1.75
CA-2012-166219,2012-08-28,2012,8,Ben Peterman,Central,Technology,Phones,1099.96,5,0.20,82.50
CA-2012-166219,2012-08-28,2012,8,Ben Peterman,Central,Furniture,Tables,103.48,1,0.30,-16.26
US-2012-100377,2012-08-28,2012,8,Todd Sumrall,Central,Technology,Copiers,2799.96,5,0.20,874.99
CA-2012-108532,2012-08-29,2012,8,Chad Cunningham,Central,Technology,Phones,131.98,2,0.00,35.63
CA-2012-108532,2012-08-29,2012,8,Chad Cunningham,Central,Technology,Accessories,114.52,7,0.00,11.45
CA-2012-111514,2012-08-31,2012,8,Scott Cohen,West,Furniture,Bookcases,1552.83,7,0.15,200.95
CA-2012-111514,2012-08-31,2012,8,Scott Cohen,West,Office Supplies,Binders,137.24,5,0.20,46.32
CA-2012-111514,2012-08-31,2012,8,Scott Cohen,West,Technology,Accessories,36.51,1,0.00,15.70
CA-2012-111514,2012-08-31,2012,8,Scott Cohen,West,Technology,Machines,239.98,3,0.20,80.99
CA-2012-112319,2012-08-31,2012,8,Andrew Roberts,West,Office Supplies,Paper,58.32,9,0.00,27.99
CA-2012-142139,2012-08-31,2012,8,Shirley Daniels,Central,Office Supplies,Paper,20.96,4,0.20,6.81
CA-2012-157805,2012-08-31,2012,8,Rick Huthwaite,West,Technology,Phones,555.96,5,0.20,41.70
CA-2012-104626,2012-09-01,2012,9,Daniel Raglin,East,Office Supplies,Binders,114.60,5,0.00,51.57
CA-2012-104626,2012-09-01,2012,9,Daniel Raglin,East,Furniture,Chairs,60.74,1,0.00,15.19
CA-2012-104626,2012-09-01,2012,9,Daniel Raglin,East,Furniture,Furnishings,124.36,2,0.00,27.36
CA-2012-104626,2012-09-01,2012,9,Daniel Raglin,East,Office Supplies,Storage,1088.76,6,0.00,315.74
CA-2012-137946,2012-09-01,2012,9,Doug Bickford,West,Office Supplies,Binders,4.75,1,0.20,1.60
CA-2012-137946,2012-09-01,2012,9,Doug Bickford,West,Technology,Copiers,959.98,2,0.20,335.99
CA-2012-137946,2012-09-01,2012,9,Doug Bickford,West,Office Supplies,Binders,14.37,4,0.20,4.49
CA-2012-113215,2012-09-03,2012,9,Cathy Prescott,West,Furniture,Furnishings,238.15,3,0.20,89.31
CA-2012-121608,2012-09-03,2012,9,Jennifer Braxton,East,Office Supplies,Appliances,137.62,2,0.00,60.55
CA-2012-121608,2012-09-03,2012,9,Jennifer Braxton,East,Technology,Phones,100.49,1,0.00,25.12
CA-2012-130204,2012-09-03,2012,9,David Bremer,West,Office Supplies,Storage,31.44,3,0.00,8.49
CA-2012-130204,2012-09-03,2012,9,David Bremer,West,Technology,Accessories,17.90,2,0.00,3.40
CA-2012-130204,2012-09-03,2012,9,David Bremer,West,Technology,Accessories,129.45,5,0.00,46.60
CA-2012-149734,2012-09-03,2012,9,Julie Creighton,South,Office Supplies,Envelopes,200.98,7,0.20,62.81
CA-2012-169537,2012-09-03,2012,9,John Huston,Central,Office Supplies,Labels,7.50,2,0.00,3.60
US-2012-104185,2012-09-03,2012,9,Jennifer Braxton,East,Office Supplies,Storage,120.33,1,0.00,31.29
US-2012-138303,2012-09-03,2012,9,Mike Gockenbach,East,Office Supplies,Storage,36.34,3,0.20,-7.27
US-2012-138303,2012-09-03,2012,9,Mike Gockenbach,East,Office Supplies,Supplies,666.25,1,0.20,-149.91
US-2012-138303,2012-09-03,2012,9,Mike Gockenbach,East,Office Supplies,Envelopes,52.51,6,0.20,19.69
US-2012-146745,2012-09-03,2012,9,Ann Steele,West,Furniture,Chairs,129.57,2,0.20,-12.96
US-2012-146745,2012-09-03,2012,9,Ann Steele,West,Office Supplies,Binders,6.37,2,0.20,2.15
CA-2012-101924,2012-09-04,2012,9,Ken Black,West,Office Supplies,Binders,9.76,2,0.70,-6.83
CA-2012-113523,2012-09-04,2012,9,Shaun Chance,East,Office Supplies,Binders,7.66,4,0.70,-6.12
CA-2012-142755,2012-09-04,2012,9,Christine Sundaresam,South,Office Supplies,Paper,279.90,5,0.00,137.15
CA-2012-142755,2012-09-04,2012,9,Christine Sundaresam,South,Technology,Accessories,619.95,5,0.00,111.59
CA-2012-142755,2012-09-04,2012,9,Christine Sundaresam,South,Office Supplies,Paper,4.36,2,0.00,2.05
CA-2012-142755,2012-09-04,2012,9,Christine Sundaresam,South,Office Supplies,Envelopes,15.28,2,0.00,7.49
CA-2012-159863,2012-09-04,2012,9,David Smith,Central,Technology,Accessories,134.38,3,0.20,6.72
CA-2012-105158,2012-09-05,2012,9,Sung Pak,Central,Furniture,Furnishings,6.16,2,0.00,2.96
CA-2012-105158,2012-09-05,2012,9,Sung Pak,Central,Office Supplies,Paper,36.84,3,0.00,17.31
CA-2012-130785,2012-09-05,2012,9,Arthur Gainer,West,Furniture,Bookcases,411.33,4,0.15,-4.84
CA-2012-130785,2012-09-05,2012,9,Arthur Gainer,West,Office Supplies,Binders,28.75,6,0.20,9.70
CA-2012-130785,2012-09-05,2012,9,Arthur Gainer,West,Furniture,Bookcases,293.20,3,0.15,-20.70
CA-2012-135510,2012-09-05,2012,9,Tamara Willingham,South,Furniture,Furnishings,67.96,4,0.00,12.23
CA-2012-162621,2012-09-05,2012,9,Cathy Armstrong,Central,Office Supplies,Binders,16.27,5,0.80,-25.22
CA-2012-162621,2012-09-05,2012,9,Cathy Armstrong,Central,Office Supplies,Supplies,69.12,9,0.20,-14.69
CA-2012-162621,2012-09-05,2012,9,Cathy Armstrong,Central,Office Supplies,Binders,4.47,3,0.80,-7.82
CA-2012-133977,2012-09-06,2012,9,Alyssa Tate,South,Office Supplies,Binders,3.44,1,0.70,-2.53
CA-2012-138002,2012-09-06,2012,9,Beth Thompson,West,Office Supplies,Binders,6.10,2,0.20,2.13
CA-2012-138002,2012-09-06,2012,9,Beth Thompson,West,Furniture,Furnishings,191.82,3,0.00,74.81
CA-2012-143238,2012-09-06,2012,9,Lori Olson,West,Technology,Accessories,46.32,4,0.00,18.06
CA-2012-150791,2012-09-06,2012,9,Chuck Clark,East,Furniture,Chairs,271.76,2,0.10,60.39
CA-2012-160696,2012-09-06,2012,9,Cyma Kinney,South,Office Supplies,Fasteners,7.24,5,0.20,1.18
CA-2012-169572,2012-09-06,2012,9,Andy Gerbode,South,Office Supplies,Binders,46.62,9,0.00,21.45
US-2012-109015,2012-09-06,2012,9,Brendan Sweed,East,Office Supplies,Appliances,8.39,1,0.00,2.10
US-2012-109015,2012-09-06,2012,9,Brendan Sweed,East,Technology,Phones,337.98,2,0.00,101.39
US-2012-151435,2012-09-06,2012,9,Shaun Weien,South,Furniture,Tables,85.98,1,0.00,22.35
CA-2012-102876,2012-09-07,2012,9,Lisa Ryan,East,Office Supplies,Binders,9.52,1,0.70,-6.98
CA-2012-102876,2012-09-07,2012,9,Lisa Ryan,East,Technology,Phones,791.96,6,0.40,-131.99
CA-2012-102876,2012-09-07,2012,9,Lisa Ryan,East,Office Supplies,Binders,4.92,3,0.70,-3.94
CA-2012-105599,2012-09-07,2012,9,Marc Crier,East,Office Supplies,Storage,13.96,2,0.00,0.28
CA-2012-105599,2012-09-07,2012,9,Marc Crier,East,Furniture,Tables,27.41,3,0.40,-14.16
CA-2012-110744,2012-09-07,2012,9,Helen Andreada,West,Office Supplies,Storage,671.93,7,0.00,20.16
CA-2012-122623,2012-09-07,2012,9,Charles Crestani,Central,Furniture,Chairs,47.52,2,0.30,-2.04
CA-2012-140557,2012-09-07,2012,9,Tanja Norvell,East,Technology,Accessories,559.93,7,0.00,167.98
CA-2012-161445,2012-09-07,2012,9,Corey Catlett,South,Office Supplies,Art,140.74,4,0.20,12.31
CA-2012-164084,2012-09-07,2012,9,Andy Gerbode,East,Office Supplies,Storage,70.26,3,0.00,18.97
CA-2012-164084,2012-09-07,2012,9,Andy Gerbode,East,Technology,Accessories,90.00,5,0.00,16.20
CA-2012-164084,2012-09-07,2012,9,Andy Gerbode,East,Office Supplies,Binders,6.10,2,0.20,2.06
CA-2012-164084,2012-09-07,2012,9,Andy Gerbode,East,Furniture,Tables,481.18,2,0.40,-120.29
CA-2012-164084,2012-09-07,2012,9,Andy Gerbode,East,Office Supplies,Fasteners,7.24,4,0.00,2.39
CA-2012-151624,2012-09-08,2012,9,Victoria Wilson,South,Furniture,Furnishings,21.36,8,0.00,8.12
CA-2012-162166,2012-09-08,2012,9,Neoma Murray,West,Office Supplies,Paper,26.40,5,0.00,11.88
CA-2012-162166,2012-09-08,2012,9,Neoma Murray,West,Office Supplies,Storage,41.88,6,0.00,0.84
CA-2012-108672,2012-09-10,2012,9,Frank Atkinson,West,Furniture,Furnishings,106.68,6,0.00,33.07
CA-2012-117772,2012-09-10,2012,9,Matt Collins,West,Office Supplies,Storage,353.88,6,0.00,17.69
CA-2012-132906,2012-09-10,2012,9,Charles Crestani,West,Office Supplies,Supplies,51.52,4,0.00,1.55
CA-2012-136658,2012-09-10,2012,9,Bobby Odegard,East,Office Supplies,Art,6.08,2,0.00,2.07
CA-2012-139374,2012-09-10,2012,9,Alex Russell,Central,Furniture,Chairs,179.89,1,0.30,-2.57
CA-2012-168186,2012-09-10,2012,9,Aimee Bixby,Central,Office Supplies,Paper,14.94,3,0.00,7.02
US-2012-147242,2012-09-10,2012,9,Edward Hooks,East,Office Supplies,Appliances,61.96,2,0.00,16.11
US-2012-147242,2012-09-10,2012,9,Edward Hooks,East,Furniture,Bookcases,361.96,2,0.00,83.25
US-2012-147242,2012-09-10,2012,9,Edward Hooks,East,Office Supplies,Paper,278.82,9,0.00,125.47
CA-2012-125934,2012-09-11,2012,9,Skye Norling,East,Office Supplies,Labels,31.05,3,0.00,14.90
CA-2012-125934,2012-09-11,2012,9,Skye Norling,East,Furniture,Furnishings,8.92,4,0.00,3.92
CA-2012-125934,2012-09-11,2012,9,Skye Norling,East,Office Supplies,Binders,209.60,4,0.00,96.42
CA-2012-125934,2012-09-11,2012,9,Skye Norling,East,Office Supplies,Appliances,111.04,4,0.00,29.98
CA-2012-125934,2012-09-11,2012,9,Skye Norling,East,Office Supplies,Paper,38.88,6,0.00,18.66
CA-2012-126186,2012-09-11,2012,9,George Bell,West,Furniture,Furnishings,24.64,4,0.20,4.00
CA-2012-132465,2012-09-11,2012,9,Don Miller,East,Furniture,Furnishings,210.68,2,0.00,50.56
CA-2012-132465,2012-09-11,2012,9,Don Miller,East,Office Supplies,Storage,78.80,1,0.00,1.58
CA-2012-132465,2012-09-11,2012,9,Don Miller,East,Technology,Accessories,19.99,1,0.00,6.80
CA-2012-132465,2012-09-11,2012,9,Don Miller,East,Office Supplies,Storage,772.68,4,0.00,108.18
CA-2012-153794,2012-09-11,2012,9,Sean Braxton,West,Office Supplies,Art,265.86,7,0.00,79.76
CA-2012-165057,2012-09-11,2012,9,Steven Cartwright,West,Office Supplies,Art,181.35,9,0.00,48.96
CA-2012-165057,2012-09-11,2012,9,Steven Cartwright,West,Office Supplies,Labels,8.64,3,0.00,4.23
CA-2012-102015,2012-09-12,2012,9,Tamara Manning,East,Office Supplies,Art,9.26,2,0.00,3.06
CA-2012-102015,2012-09-12,2012,9,Tamara Manning,East,Office Supplies,Storage,105.98,2,0.00,4.24
CA-2012-102015,2012-09-12,2012,9,Tamara Manning,East,Office Supplies,Fasteners,1.24,1,0.00,0.58
CA-2012-102015,2012-09-12,2012,9,Tamara Manning,East,Office Supplies,Labels,20.70,2,0.00,9.94
CA-2012-102015,2012-09-12,2012,9,Tamara Manning,East,Office Supplies,Paper,28.90,5,0.00,14.16
CA-2012-102015,2012-09-12,2012,9,Tamara Manning,East,Office Supplies,Envelopes,27.18,1,0.00,12.77
CA-2012-128993,2012-09-12,2012,9,Craig Carreira,West,Technology,Accessories,21.98,2,0.00,8.57
CA-2012-166464,2012-09-12,2012,9,Paul Gonzalez,East,Technology,Copiers,479.98,2,0.20,60.00
CA-2012-166464,2012-09-12,2012,9,Paul Gonzalez,East,Office Supplies,Labels,12.60,4,0.00,6.05
CA-2012-115567,2012-09-13,2012,9,Zuschuss Carroll,Central,Technology,Accessories,199.96,4,0.00,16.00
CA-2012-115567,2012-09-13,2012,9,Zuschuss Carroll,Central,Furniture,Chairs,1516.20,7,0.00,394.21
CA-2012-118843,2012-09-13,2012,9,Jonathan Howell,South,Furniture,Furnishings,129.93,3,0.00,12.99
CA-2012-118843,2012-09-13,2012,9,Jonathan Howell,South,Office Supplies,Paper,69.93,7,0.00,31.47
CA-2012-136728,2012-09-13,2012,9,Arthur Gainer,Central,Office Supplies,Envelopes,7.82,1,0.20,2.93
CA-2012-136728,2012-09-13,2012,9,Arthur Gainer,Central,Furniture,Chairs,170.07,4,0.30,-12.15
CA-2012-138457,2012-09-13,2012,9,Anne McFarland,South,Office Supplies,Binders,13.09,4,0.70,-10.04
US-2012-129007,2012-09-13,2012,9,Ken Dana,West,Furniture,Furnishings,131.88,7,0.00,55.39
US-2012-129007,2012-09-13,2012,9,Ken Dana,West,Office Supplies,Binders,25.03,3,0.20,7.82
US-2012-129007,2012-09-13,2012,9,Ken Dana,West,Furniture,Chairs,717.72,3,0.20,71.77
US-2012-129007,2012-09-13,2012,9,Ken Dana,West,Furniture,Furnishings,207.35,5,0.00,24.88
US-2012-129007,2012-09-13,2012,9,Ken Dana,West,Furniture,Furnishings,44.67,3,0.00,12.06
US-2012-129007,2012-09-13,2012,9,Ken Dana,West,Office Supplies,Paper,209.70,2,0.00,100.66
US-2012-161347,2012-09-13,2012,9,Harry Greene,East,Office Supplies,Binders,2.41,1,0.70,-2.01
CA-2012-115924,2012-09-14,2012,9,Brad Eason,Central,Office Supplies,Binders,25.90,5,0.00,12.69
CA-2012-120362,2012-09-14,2012,9,Christina Anderson,West,Furniture,Tables,912.75,5,0.00,118.66
CA-2012-128027,2012-09-14,2012,9,Christopher Martinez,South,Office Supplies,Storage,269.49,3,0.00,5.39
CA-2012-131597,2012-09-14,2012,9,Stefania Perrino,West,Furniture,Tables,170.14,3,0.20,-8.51
CA-2012-140984,2012-09-14,2012,9,Craig Carroll,East,Office Supplies,Storage,991.20,6,0.00,257.71
CA-2012-140984,2012-09-14,2012,9,Craig Carroll,East,Technology,Copiers,879.98,2,0.20,329.99
CA-2012-140984,2012-09-14,2012,9,Craig Carroll,East,Office Supplies,Binders,12.96,9,0.20,4.54
CA-2012-100734,2012-09-15,2012,9,Ann Chong,East,Office Supplies,Binders,3.58,4,0.70,-2.86
CA-2012-100734,2012-09-15,2012,9,Ann Chong,East,Office Supplies,Storage,147.18,2,0.20,-29.44
CA-2012-102582,2012-09-15,2012,9,Natalie Webber,South,Furniture,Tables,801.96,2,0.00,200.49
CA-2012-102582,2012-09-15,2012,9,Natalie Webber,South,Technology,Phones,59.97,3,0.00,0.00
CA-2012-102582,2012-09-15,2012,9,Natalie Webber,South,Furniture,Chairs,1056.86,7,0.00,306.49
CA-2012-105102,2012-09-15,2012,9,Brendan Murry,East,Office Supplies,Binders,79.87,3,0.20,29.95
CA-2012-105102,2012-09-15,2012,9,Brendan Murry,East,Furniture,Bookcases,46.38,1,0.20,1.16
CA-2012-105102,2012-09-15,2012,9,Brendan Murry,East,Office Supplies,Paper,12.96,2,0.00,6.22
CA-2012-145849,2012-09-15,2012,9,Carol Triggs,Central,Office Supplies,Storage,190.86,2,0.00,11.45
CA-2012-145849,2012-09-15,2012,9,Carol Triggs,Central,Office Supplies,Art,24.32,8,0.00,8.27
US-2012-130519,2012-09-15,2012,9,Nat Gilpin,South,Office Supplies,Paper,15.55,3,0.20,5.44
US-2012-130519,2012-09-15,2012,9,Nat Gilpin,South,Furniture,Furnishings,15.71,4,0.20,2.55
US-2012-130519,2012-09-15,2012,9,Nat Gilpin,South,Office Supplies,Storage,24.67,2,0.20,2.16
US-2012-130519,2012-09-15,2012,9,Nat Gilpin,South,Furniture,Furnishings,55.97,1,0.20,-2.10
CA-2012-167696,2012-09-16,2012,9,Bradley Drucker,South,Office Supplies,Envelopes,31.12,4,0.00,14.63
CA-2012-133025,2012-09-17,2012,9,Meg O'Connel,West,Office Supplies,Paper,32.40,5,0.00,15.55
CA-2012-141145,2012-09-17,2012,9,Denny Blanton,South,Technology,Accessories,87.17,3,0.20,10.90
CA-2012-143077,2012-09-17,2012,9,Sylvia Foulston,Central,Furniture,Furnishings,21.94,2,0.60,-10.42
CA-2012-143077,2012-09-17,2012,9,Sylvia Foulston,Central,Office Supplies,Binders,6.59,3,0.80,-10.21
US-2012-126977,2012-09-17,2012,9,Peter Fuller,East,Office Supplies,Storage,14.90,5,0.00,1.04
US-2012-126977,2012-09-17,2012,9,Peter Fuller,East,Office Supplies,Labels,87.71,7,0.00,41.22
US-2012-126977,2012-09-17,2012,9,Peter Fuller,East,Furniture,Chairs,199.76,2,0.10,8.88
US-2012-126977,2012-09-17,2012,9,Peter Fuller,East,Office Supplies,Storage,94.60,4,0.00,27.43
US-2012-126977,2012-09-17,2012,9,Peter Fuller,East,Furniture,Bookcases,4228.70,6,0.20,158.58
US-2012-126977,2012-09-17,2012,9,Peter Fuller,East,Furniture,Bookcases,2003.92,5,0.20,-25.05
US-2012-126977,2012-09-17,2012,9,Peter Fuller,East,Technology,Phones,209.97,3,0.00,58.79
US-2012-126977,2012-09-17,2012,9,Peter Fuller,East,Technology,Accessories,659.90,2,0.00,217.77
US-2012-126977,2012-09-17,2012,9,Peter Fuller,East,Office Supplies,Paper,110.96,2,0.00,53.26
US-2012-126977,2012-09-17,2012,9,Peter Fuller,East,Technology,Phones,67.80,4,0.00,1.36
US-2012-138716,2012-09-17,2012,9,Cari Sayre,West,Office Supplies,Binders,25.03,3,0.20,7.82
US-2012-138919,2012-09-17,2012,9,Lindsay Shagiari,East,Furniture,Tables,344.22,2,0.40,-103.27
US-2012-150630,2012-09-17,2012,9,Tracy Blumstein,East,Furniture,Bookcases,3083.43,7,0.50,-1665.05
US-2012-150630,2012-09-17,2012,9,Tracy Blumstein,East,Office Supplies,Binders,9.62,2,0.70,-7.05
US-2012-150630,2012-09-17,2012,9,Tracy Blumstein,East,Furniture,Furnishings,124.20,3,0.20,15.53
US-2012-150630,2012-09-17,2012,9,Tracy Blumstein,East,Office Supplies,Envelopes,3.26,2,0.20,1.10
US-2012-150630,2012-09-17,2012,9,Tracy Blumstein,East,Office Supplies,Art,86.30,6,0.20,9.71
US-2012-150630,2012-09-17,2012,9,Tracy Blumstein,East,Office Supplies,Binders,6.86,6,0.70,-5.72
US-2012-150630,2012-09-17,2012,9,Tracy Blumstein,East,Office Supplies,Art,15.76,2,0.20,3.55
CA-2012-101154,2012-09-18,2012,9,Charlotte Melton,West,Office Supplies,Storage,443.92,4,0.00,8.88
CA-2012-109575,2012-09-18,2012,9,Ken Heidel,East,Office Supplies,Storage,41.96,2,0.00,7.97
CA-2012-109575,2012-09-18,2012,9,Ken Heidel,East,Office Supplies,Storage,636.86,7,0.00,0.00
CA-2012-109575,2012-09-18,2012,9,Ken Heidel,East,Technology,Phones,499.99,1,0.00,130.00
CA-2012-109575,2012-09-18,2012,9,Ken Heidel,East,Technology,Phones,1259.93,7,0.00,327.58
CA-2012-109575,2012-09-18,2012,9,Ken Heidel,East,Office Supplies,Binders,65.08,4,0.00,31.89
CA-2012-142202,2012-09-18,2012,9,Justin Ritter,South,Technology,Accessories,717.12,9,0.20,152.39
CA-2012-149713,2012-09-18,2012,9,Trudy Glocke,West,Office Supplies,Paper,160.72,14,0.00,78.75
CA-2012-149713,2012-09-18,2012,9,Trudy Glocke,West,Office Supplies,Paper,19.92,4,0.00,9.76
CA-2012-149713,2012-09-18,2012,9,Trudy Glocke,West,Office Supplies,Supplies,7.30,2,0.00,2.19
CA-2012-150511,2012-09-18,2012,9,Adam Bellavance,West,Office Supplies,Paper,18.54,2,0.00,8.71
CA-2012-167745,2012-09-18,2012,9,George Bell,West,Office Supplies,Art,11.68,2,0.00,5.49
CA-2012-167745,2012-09-18,2012,9,George Bell,West,Office Supplies,Supplies,16.90,2,0.00,5.07
CA-2012-167745,2012-09-18,2012,9,George Bell,West,Furniture,Furnishings,24.40,2,0.00,10.25
CA-2012-115847,2012-09-19,2012,9,Tracy Collins,South,Furniture,Bookcases,61.96,2,0.00,4.34
CA-2012-132815,2012-09-19,2012,9,Rick Wilson,West,Office Supplies,Paper,22.96,2,0.00,11.25
CA-2012-135489,2012-09-19,2012,9,Giulietta Weimer,East,Technology,Phones,279.86,14,0.00,134.33
CA-2012-137603,2012-09-19,2012,9,Marc Harrigan,West,Office Supplies,Art,8.40,5,0.00,2.18
CA-2012-147102,2012-09-19,2012,9,Nicole Hansen,South,Technology,Accessories,66.36,4,0.00,23.23
CA-2012-149517,2012-09-19,2012,9,Frank Carlisle,West,Furniture,Furnishings,60.84,3,0.00,19.47
CA-2012-126970,2012-09-20,2012,9,Theone Pippenger,Central,Office Supplies,Binders,2.81,3,0.80,-4.49
CA-2012-141565,2012-09-20,2012,9,Barry Gonzalez,South,Office Supplies,Binders,1369.76,6,0.70,-913.18
CA-2012-141565,2012-09-20,2012,9,Barry Gonzalez,South,Office Supplies,Storage,294.37,4,0.20,-58.87
CA-2012-151470,2012-09-20,2012,9,Anne McFarland,West,Office Supplies,Binders,45.58,11,0.20,16.52
CA-2012-153738,2012-09-20,2012,9,Alejandro Grove,East,Office Supplies,Binders,37.68,6,0.00,16.96
CA-2012-156013,2012-09-20,2012,9,Tamara Chand,East,Office Supplies,Paper,61.40,5,0.00,28.86
CA-2012-156013,2012-09-20,2012,9,Tamara Chand,East,Office Supplies,Binders,24.45,2,0.20,8.86
CA-2012-102036,2012-09-21,2012,9,Chad Sievert,West,Office Supplies,Storage,199.74,6,0.00,47.94
CA-2012-117800,2012-09-21,2012,9,Tracy Hopkins,East,Technology,Phones,589.90,2,0.00,147.48
CA-2012-117800,2012-09-21,2012,9,Tracy Hopkins,East,Furniture,Chairs,542.94,3,0.00,141.16
CA-2012-126697,2012-09-21,2012,9,Stuart Van,Central,Technology,Phones,946.34,7,0.20,118.29
CA-2012-126697,2012-09-21,2012,9,Stuart Van,Central,Technology,Accessories,151.20,3,0.20,32.13
CA-2012-126697,2012-09-21,2012,9,Stuart Van,Central,Furniture,Furnishings,4.93,4,0.60,-1.48
CA-2012-127593,2012-09-21,2012,9,Duane Huffman,East,Furniture,Furnishings,85.30,2,0.00,14.50
CA-2012-149972,2012-09-21,2012,9,Cynthia Delaney,West,Furniture,Chairs,601.54,4,0.20,0.00
CA-2012-149972,2012-09-21,2012,9,Cynthia Delaney,West,Office Supplies,Fasteners,7.90,2,0.00,2.53
CA-2012-158421,2012-09-21,2012,9,Giulietta Baptist,South,Furniture,Chairs,1690.04,4,0.00,422.51
CA-2012-158421,2012-09-21,2012,9,Giulietta Baptist,South,Office Supplies,Storage,85.96,7,0.00,24.07
CA-2012-158421,2012-09-21,2012,9,Giulietta Baptist,South,Office Supplies,Envelopes,121.96,2,0.00,57.32
CA-2012-158421,2012-09-21,2012,9,Giulietta Baptist,South,Office Supplies,Paper,23.92,4,0.00,11.72
CA-2012-158421,2012-09-21,2012,9,Giulietta Baptist,South,Office Supplies,Storage,63.96,2,0.00,6.40
CA-2012-158421,2012-09-21,2012,9,Giulietta Baptist,South,Technology,Phones,629.95,5,0.00,176.39
CA-2012-158421,2012-09-21,2012,9,Giulietta Baptist,South,Technology,Phones,113.73,3,0.00,32.98
CA-2012-158421,2012-09-21,2012,9,Giulietta Baptist,South,Office Supplies,Binders,14.60,2,0.00,6.86
CA-2012-158421,2012-09-21,2012,9,Giulietta Baptist,South,Office Supplies,Storage,887.84,8,0.00,17.76
CA-2012-168480,2012-09-21,2012,9,Dario Medina,Central,Furniture,Bookcases,194.32,4,0.00,31.09
CA-2012-168480,2012-09-21,2012,9,Dario Medina,Central,Office Supplies,Art,25.99,1,0.00,7.54
CA-2012-102260,2012-09-22,2012,9,Sanjit Jacobs,South,Office Supplies,Labels,12.00,4,0.20,4.20
CA-2012-102260,2012-09-22,2012,9,Sanjit Jacobs,South,Office Supplies,Storage,720.06,4,0.20,-63.01
CA-2012-102260,2012-09-22,2012,9,Sanjit Jacobs,South,Office Supplies,Storage,25.42,1,0.20,-4.77
CA-2012-102260,2012-09-22,2012,9,Sanjit Jacobs,South,Office Supplies,Art,2.82,2,0.20,0.32
CA-2012-102260,2012-09-22,2012,9,Sanjit Jacobs,South,Office Supplies,Binders,3.20,2,0.70,-2.56
CA-2012-112571,2012-09-22,2012,9,Daniel Lacy,West,Furniture,Furnishings,204.60,2,0.00,53.20
CA-2012-134992,2012-09-22,2012,9,Michael Grace,South,Office Supplies,Paper,32.40,5,0.00,15.55
CA-2012-134992,2012-09-22,2012,9,Michael Grace,South,Furniture,Furnishings,47.98,2,0.00,11.04
CA-2012-168760,2012-09-22,2012,9,Muhammed MacIntyre,West,Office Supplies,Appliances,61.44,3,0.00,16.59
US-2012-115343,2012-09-22,2012,9,Frank Olsen,East,Office Supplies,Supplies,55.60,5,0.20,6.26
US-2012-115343,2012-09-22,2012,9,Frank Olsen,East,Technology,Accessories,617.98,3,0.20,-7.72
CA-2012-103835,2012-09-24,2012,9,Shaun Chance,West,Furniture,Furnishings,14.91,3,0.00,4.62
CA-2012-103835,2012-09-24,2012,9,Shaun Chance,West,Office Supplies,Appliances,1158.12,4,0.00,335.85
CA-2012-105508,2012-09-24,2012,9,Jamie Frazer,East,Office Supplies,Envelopes,39.98,1,0.00,17.99
CA-2012-113131,2012-09-24,2012,9,Maria Bertelson,East,Office Supplies,Binders,6.73,6,0.70,-4.49
CA-2012-113131,2012-09-24,2012,9,Maria Bertelson,East,Office Supplies,Storage,33.57,2,0.20,1.68
CA-2012-113131,2012-09-24,2012,9,Maria Bertelson,East,Office Supplies,Envelopes,15.84,2,0.20,5.54
CA-2012-113131,2012-09-24,2012,9,Maria Bertelson,East,Office Supplies,Labels,24.42,1,0.20,7.94
CA-2012-113131,2012-09-24,2012,9,Maria Bertelson,East,Office Supplies,Art,17.12,5,0.20,1.93
CA-2012-143119,2012-09-24,2012,9,Marc Crier,South,Furniture,Chairs,517.50,6,0.00,155.25
CA-2012-147816,2012-09-24,2012,9,Carlos Meador,West,Technology,Phones,35.12,2,0.20,13.17
CA-2012-153381,2012-09-24,2012,9,Deanra Eno,Central,Office Supplies,Binders,15.24,4,0.00,6.86
CA-2012-153381,2012-09-24,2012,9,Deanra Eno,Central,Furniture,Chairs,1408.10,10,0.00,394.27
CA-2012-161830,2012-09-24,2012,9,Max Engle,West,Office Supplies,Art,35.96,2,0.00,10.43
CA-2012-161830,2012-09-24,2012,9,Max Engle,West,Office Supplies,Binders,14.95,3,0.20,5.42
US-2012-106873,2012-09-24,2012,9,Kunst Miller,West,Office Supplies,Art,14.58,2,0.20,2.37
US-2012-106873,2012-09-24,2012,9,Kunst Miller,West,Technology,Accessories,23.20,2,0.20,1.45
US-2012-106873,2012-09-24,2012,9,Kunst Miller,West,Office Supplies,Art,16.46,7,0.20,1.85
US-2012-161466,2012-09-24,2012,9,Odella Nelson,East,Office Supplies,Art,6.85,2,0.20,0.60
US-2012-164308,2012-09-24,2012,9,Steve Carroll,Central,Technology,Phones,821.94,6,0.00,213.70
CA-2012-100573,2012-09-25,2012,9,Anne McFarland,West,Office Supplies,Envelopes,17.48,2,0.00,8.22
CA-2012-103933,2012-09-25,2012,9,Dan Reichenbach,East,Technology,Accessories,899.91,9,0.00,395.96
CA-2012-106320,2012-09-25,2012,9,Emily Burns,West,Furniture,Tables,1044.63,3,0.00,240.26
CA-2012-120845,2012-09-25,2012,9,Marina Lichtenstein,South,Office Supplies,Binders,6.34,4,0.70,-4.65
CA-2012-120845,2012-09-25,2012,9,Marina Lichtenstein,South,Office Supplies,Paper,10.48,1,0.20,3.80
CA-2012-120845,2012-09-25,2012,9,Marina Lichtenstein,South,Office Supplies,Binders,2.47,1,0.70,-1.81
CA-2012-120845,2012-09-25,2012,9,Marina Lichtenstein,South,Office Supplies,Binders,3.26,2,0.70,-2.28
CA-2012-139738,2012-09-25,2012,9,Dana Kaydos,Central,Office Supplies,Art,128.74,7,0.20,12.87
CA-2012-149083,2012-09-25,2012,9,Sally Hughsby,West,Furniture,Chairs,307.14,4,0.20,-11.52
CA-2012-149083,2012-09-25,2012,9,Sally Hughsby,West,Office Supplies,Labels,12.60,2,0.00,5.80
CA-2012-149083,2012-09-25,2012,9,Sally Hughsby,West,Technology,Accessories,159.98,2,0.00,57.59
CA-2012-151869,2012-09-25,2012,9,Carlos Soltero,East,Furniture,Chairs,102.58,1,0.10,6.84
CA-2012-151869,2012-09-25,2012,9,Carlos Soltero,East,Office Supplies,Paper,20.04,3,0.00,9.62
CA-2012-156335,2012-09-25,2012,9,Phillina Ober,East,Technology,Accessories,63.96,4,0.00,19.83
CA-2012-156335,2012-09-25,2012,9,Phillina Ober,East,Office Supplies,Binders,14.46,3,0.00,7.09
CA-2012-156335,2012-09-25,2012,9,Phillina Ober,East,Technology,Phones,104.98,2,0.00,52.49
CA-2012-156510,2012-09-25,2012,9,Erica Hackney,East,Office Supplies,Binders,10.76,2,0.00,5.16
CA-2012-156510,2012-09-25,2012,9,Erica Hackney,East,Office Supplies,Paper,45.68,2,0.00,21.01
CA-2012-156510,2012-09-25,2012,9,Erica Hackney,East,Office Supplies,Art,6.70,1,0.00,2.21
CA-2012-159779,2012-09-25,2012,9,Sarah Brown,East,Office Supplies,Binders,68.62,2,0.00,32.25
CA-2012-160787,2012-09-25,2012,9,Bryan Mills,East,Office Supplies,Binders,2.95,2,0.70,-2.06
CA-2012-111458,2012-09-26,2012,9,Philip Fox,East,Technology,Accessories,50.00,2,0.00,12.00
CA-2012-120341,2012-09-26,2012,9,Sarah Foster,East,Office Supplies,Binders,121.10,6,0.70,-100.92
CA-2012-120341,2012-09-26,2012,9,Sarah Foster,East,Technology,Phones,45.89,1,0.40,-9.18
CA-2012-122371,2012-09-26,2012,9,Bryan Spruell,West,Office Supplies,Storage,64.17,3,0.00,18.61
CA-2012-122371,2012-09-26,2012,9,Bryan Spruell,West,Office Supplies,Envelopes,124.46,2,0.00,58.50
CA-2012-124800,2012-09-26,2012,9,Rick Wilson,West,Office Supplies,Paper,86.27,4,0.20,31.27
CA-2012-124800,2012-09-26,2012,9,Rick Wilson,West,Office Supplies,Binders,72.59,2,0.70,-48.39
CA-2012-124800,2012-09-26,2012,9,Rick Wilson,West,Office Supplies,Appliances,60.67,2,0.20,14.41
CA-2012-124800,2012-09-26,2012,9,Rick Wilson,West,Office Supplies,Binders,77.03,9,0.70,-59.06
CA-2012-124800,2012-09-26,2012,9,Rick Wilson,West,Office Supplies,Storage,119.90,6,0.20,-1.50
CA-2012-124800,2012-09-26,2012,9,Rick Wilson,West,Technology,Phones,263.96,5,0.20,23.10
CA-2012-124800,2012-09-26,2012,9,Rick Wilson,West,Office Supplies,Storage,363.65,4,0.20,-86.37
CA-2012-127173,2012-09-26,2012,9,Gene McClure,East,Office Supplies,Fasteners,34.44,3,0.00,16.19
CA-2012-127173,2012-09-26,2012,9,Gene McClure,East,Technology,Machines,629.93,7,0.00,296.07
CA-2012-127173,2012-09-26,2012,9,Gene McClure,East,Office Supplies,Binders,79.06,9,0.20,28.66
CA-2012-130883,2012-09-26,2012,9,Tracy Blumstein,West,Office Supplies,Paper,141.76,5,0.20,47.84
CA-2012-130883,2012-09-26,2012,9,Tracy Blumstein,West,Technology,Accessories,239.80,5,0.20,47.96
CA-2012-130883,2012-09-26,2012,9,Tracy Blumstein,West,Office Supplies,Paper,31.10,6,0.20,10.89
US-2012-161991,2012-09-26,2012,9,Steven Cartwright,Central,Office Supplies,Binders,2.08,5,0.80,-3.43
US-2012-161991,2012-09-26,2012,9,Steven Cartwright,Central,Technology,Phones,1114.40,7,0.20,376.11
CA-2012-103072,2012-09-27,2012,9,Helen Wasserman,Central,Office Supplies,Art,16.40,5,0.00,4.76
CA-2012-103072,2012-09-27,2012,9,Helen Wasserman,Central,Office Supplies,Paper,25.92,4,0.00,12.44
CA-2012-125976,2012-09-27,2012,9,Jamie Kunitz,South,Office Supplies,Paper,154.90,5,0.00,69.71
CA-2012-125976,2012-09-27,2012,9,Jamie Kunitz,South,Technology,Phones,1871.88,12,0.00,561.56
CA-2012-143616,2012-09-27,2012,9,Saphhira Shifley,West,Office Supplies,Art,99.20,5,0.00,25.79
CA-2012-167255,2012-09-27,2012,9,Rick Huthwaite,West,Office Supplies,Storage,15.51,1,0.00,4.34
CA-2012-167255,2012-09-27,2012,9,Rick Huthwaite,West,Office Supplies,Paper,146.82,3,0.00,73.41
CA-2012-167255,2012-09-27,2012,9,Rick Huthwaite,West,Office Supplies,Paper,12.96,2,0.00,6.22
US-2012-100531,2012-09-27,2012,9,Neoma Murray,Central,Office Supplies,Binders,15.08,2,0.80,-22.62
US-2012-100531,2012-09-27,2012,9,Neoma Murray,Central,Furniture,Furnishings,24.29,3,0.60,-12.75
CA-2012-106978,2012-09-28,2012,9,Zuschuss Carroll,West,Office Supplies,Envelopes,12.54,1,0.20,4.23
CA-2012-106978,2012-09-28,2012,9,Zuschuss Carroll,West,Office Supplies,Binders,1.08,2,0.70,-0.79
CA-2012-106978,2012-09-28,2012,9,Zuschuss Carroll,West,Office Supplies,Fasteners,4.51,3,0.20,0.85
CA-2012-120915,2012-09-28,2012,9,Jennifer Jackson,East,Office Supplies,Appliances,293.52,6,0.00,76.32
CA-2012-120915,2012-09-28,2012,9,Jennifer Jackson,East,Technology,Phones,307.98,2,0.00,89.31
CA-2012-129546,2012-09-28,2012,9,Roy Phan,West,Office Supplies,Appliances,186.15,3,0.00,55.85
CA-2012-129546,2012-09-28,2012,9,Roy Phan,West,Office Supplies,Binders,81.79,6,0.20,26.58
CA-2012-129546,2012-09-28,2012,9,Roy Phan,West,Office Supplies,Supplies,47.19,3,0.00,13.69
CA-2012-129546,2012-09-28,2012,9,Roy Phan,West,Technology,Phones,36.78,2,0.20,-8.28
CA-2012-169201,2012-09-28,2012,9,Henry Goldwyn,West,Office Supplies,Appliances,43.26,3,0.00,14.28
CA-2012-169201,2012-09-28,2012,9,Henry Goldwyn,West,Office Supplies,Appliances,43.56,2,0.00,15.25
CA-2012-115392,2012-10-01,2012,10,Robert Marley,East,Technology,Phones,311.98,2,0.00,93.59
CA-2012-115392,2012-10-01,2012,10,Robert Marley,East,Office Supplies,Binders,22.45,5,0.00,10.33
CA-2012-148873,2012-10-01,2012,10,Eric Murdock,Central,Office Supplies,Binders,2.99,4,0.80,-4.49
CA-2012-148873,2012-10-01,2012,10,Eric Murdock,Central,Technology,Accessories,108.77,4,0.20,2.72
CA-2012-156566,2012-10-01,2012,10,Eric Murdock,West,Technology,Phones,572.80,2,0.20,50.12
CA-2012-166135,2012-10-01,2012,10,Shaun Chance,West,Office Supplies,Storage,139.42,4,0.20,17.43
CA-2012-104493,2012-10-02,2012,10,Ed Braxton,West,Office Supplies,Binders,57.50,6,0.20,20.13
CA-2012-125696,2012-10-02,2012,10,Nora Pelletier,South,Office Supplies,Binders,7.38,5,0.70,-5.41
CA-2012-128356,2012-10-02,2012,10,Resi Pölking,West,Office Supplies,Supplies,10.94,2,0.20,0.96
CA-2012-129917,2012-10-02,2012,10,Henry MacAllister,West,Office Supplies,Binders,11.81,3,0.20,4.13
CA-2012-129917,2012-10-02,2012,10,Henry MacAllister,West,Office Supplies,Binders,53.57,4,0.20,19.42
CA-2012-129917,2012-10-02,2012,10,Henry MacAllister,West,Technology,Phones,503.96,5,0.20,50.40
CA-2012-140375,2012-10-02,2012,10,Sheri Gordon,East,Office Supplies,Paper,19.44,3,0.00,9.33
CA-2012-140375,2012-10-02,2012,10,Sheri Gordon,East,Office Supplies,Binders,7.38,1,0.00,3.62
US-2012-119312,2012-10-02,2012,10,Christopher Schild,West,Office Supplies,Storage,270.34,14,0.00,75.70
US-2012-137008,2012-10-02,2012,10,Jennifer Patt,East,Office Supplies,Paper,94.85,5,0.00,45.53
US-2012-137008,2012-10-02,2012,10,Jennifer Patt,East,Office Supplies,Envelopes,51.12,4,0.00,23.00
US-2012-137008,2012-10-02,2012,10,Jennifer Patt,East,Technology,Accessories,90.00,1,0.00,32.40
US-2012-144771,2012-10-02,2012,10,Chloris Kastensmidt,West,Furniture,Furnishings,11.03,1,0.20,3.03
US-2012-144771,2012-10-02,2012,10,Chloris Kastensmidt,West,Technology,Accessories,53.04,3,0.20,-4.64
US-2012-145121,2012-10-02,2012,10,Michael Paige,East,Office Supplies,Binders,26.90,5,0.00,13.18
CA-2012-125178,2012-10-03,2012,10,Mary Zewe,East,Office Supplies,Storage,15.01,2,0.20,1.50
CA-2012-126137,2012-10-03,2012,10,Bruce Stewart,West,Furniture,Bookcases,120.67,2,0.15,18.45
US-2012-157014,2012-10-03,2012,10,Bryan Mills,East,Office Supplies,Binders,32.07,5,0.70,-22.45
US-2012-157014,2012-10-03,2012,10,Bryan Mills,East,Technology,Accessories,24.00,2,0.20,-2.70
US-2012-157014,2012-10-03,2012,10,Bryan Mills,East,Furniture,Bookcases,35.49,1,0.50,-15.62
US-2012-157014,2012-10-03,2012,10,Bryan Mills,East,Technology,Accessories,47.98,2,0.20,0.60
CA-2012-121391,2012-10-04,2012,10,Alex Avila,West,Office Supplies,Storage,26.96,2,0.00,7.01
CA-2012-134859,2012-10-04,2012,10,Julie Kriz,East,Furniture,Furnishings,64.94,3,0.20,6.49
CA-2012-134859,2012-10-04,2012,10,Julie Kriz,East,Office Supplies,Paper,20.74,4,0.20,7.26
CA-2012-168004,2012-10-04,2012,10,Denny Joy,South,Furniture,Chairs,392.94,3,0.00,43.22
CA-2012-115091,2012-10-05,2012,10,Joel Jenkins,South,Office Supplies,Art,46.20,4,0.00,12.94
CA-2012-115091,2012-10-05,2012,10,Joel Jenkins,South,Office Supplies,Appliances,28.84,2,0.00,9.52
CA-2012-133445,2012-10-05,2012,10,Jeremy Farry,West,Furniture,Bookcases,66.29,1,0.70,-103.86
CA-2012-133445,2012-10-05,2012,10,Jeremy Farry,West,Furniture,Chairs,291.17,4,0.20,-14.56
CA-2012-145828,2012-10-05,2012,10,Maria Bertelson,East,Technology,Accessories,53.04,3,0.20,-4.64
CA-2012-151722,2012-10-05,2012,10,Ivan Liston,East,Technology,Accessories,288.00,4,0.20,57.60
CA-2012-161214,2012-10-05,2012,10,Sylvia Foulston,East,Office Supplies,Storage,77.55,5,0.00,21.71
CA-2012-125710,2012-10-08,2012,10,Brian Thompson,Central,Office Supplies,Art,3.44,2,0.20,0.56
CA-2012-131352,2012-10-08,2012,10,Gene Hale,Central,Furniture,Furnishings,72.78,3,0.60,-70.96
CA-2012-168529,2012-10-08,2012,10,Maria Bertelson,West,Furniture,Furnishings,145.90,5,0.00,62.74
CA-2012-124107,2012-10-09,2012,10,Brian Moss,Central,Technology,Accessories,619.95,5,0.00,111.59
CA-2012-124107,2012-10-09,2012,10,Brian Moss,Central,Technology,Phones,29.16,3,0.00,8.46
CA-2012-124107,2012-10-09,2012,10,Brian Moss,Central,Office Supplies,Envelopes,57.96,7,0.00,27.24
CA-2012-124107,2012-10-09,2012,10,Brian Moss,Central,Office Supplies,Appliances,29.40,3,0.10,5.23
CA-2012-124499,2012-10-09,2012,10,Fred McMath,Central,Furniture,Chairs,389.97,3,0.00,35.10
CA-2012-124499,2012-10-09,2012,10,Fred McMath,Central,Office Supplies,Appliances,269.91,5,0.10,53.98
CA-2012-129098,2012-10-09,2012,10,Dave Kipp,South,Office Supplies,Storage,30.84,2,0.00,8.33
CA-2012-141040,2012-10-09,2012,10,Tim Brockman,East,Technology,Phones,631.96,4,0.00,303.34
CA-2012-141040,2012-10-09,2012,10,Tim Brockman,East,Office Supplies,Paper,23.92,4,0.00,10.76
CA-2012-162761,2012-10-09,2012,10,Sonia Cooley,South,Office Supplies,Binders,1.87,2,0.70,-1.31
CA-2012-162761,2012-10-09,2012,10,Sonia Cooley,South,Office Supplies,Binders,11.21,2,0.70,-8.60
CA-2012-162761,2012-10-09,2012,10,Sonia Cooley,South,Office Supplies,Art,37.38,8,0.20,7.48
CA-2012-109736,2012-10-10,2012,10,Denny Joy,West,Office Supplies,Paper,45.36,7,0.00,21.77
CA-2012-112522,2012-10-10,2012,10,David Philippe,Central,Office Supplies,Art,8.02,3,0.20,1.00
CA-2012-132388,2012-10-10,2012,10,Katherine Nockton,West,Furniture,Chairs,362.14,3,0.20,-54.32
CA-2012-132388,2012-10-10,2012,10,Katherine Nockton,West,Office Supplies,Labels,31.05,3,0.00,14.90
CA-2012-134719,2012-10-10,2012,10,John Dryer,South,Office Supplies,Storage,1801.63,6,0.20,-337.81
CA-2012-112053,2012-10-11,2012,10,Shahid Hopkins,East,Technology,Accessories,31.95,1,0.00,2.24
US-2012-108966,2012-10-11,2012,10,Sean O'Donnell,South,Furniture,Tables,957.58,5,0.45,-383.03
US-2012-108966,2012-10-11,2012,10,Sean O'Donnell,South,Office Supplies,Storage,22.37,2,0.20,2.52
CA-2012-102281,2012-10-12,2012,10,Mark Packer,East,Furniture,Bookcases,899.14,4,0.20,112.39
CA-2012-102281,2012-10-12,2012,10,Mark Packer,East,Technology,Phones,71.76,6,0.00,20.09
CA-2012-102281,2012-10-12,2012,10,Mark Packer,East,Office Supplies,Paper,51.84,8,0.00,24.88
CA-2012-102281,2012-10-12,2012,10,Mark Packer,East,Furniture,Bookcases,626.35,3,0.20,46.98
CA-2012-102281,2012-10-12,2012,10,Mark Packer,East,Office Supplies,Art,19.90,5,0.00,6.57
CA-2012-134747,2012-10-12,2012,10,Daniel Lacy,Central,Technology,Phones,135.72,3,0.00,35.29
CA-2012-134747,2012-10-12,2012,10,Daniel Lacy,Central,Office Supplies,Binders,12.56,2,0.00,5.65
CA-2012-134747,2012-10-12,2012,10,Daniel Lacy,Central,Technology,Phones,263.96,4,0.00,71.27
CA-2012-142993,2012-10-12,2012,10,Kelly Andreada,West,Technology,Accessories,17.90,2,0.00,3.40
CA-2012-142993,2012-10-12,2012,10,Kelly Andreada,West,Office Supplies,Storage,81.96,2,0.00,0.00
CA-2012-159786,2012-10-12,2012,10,Ralph Kennedy,East,Furniture,Tables,209.67,1,0.40,-13.98
CA-2012-114300,2012-10-13,2012,10,Art Foster,South,Technology,Phones,83.72,7,0.00,23.44
CA-2012-114300,2012-10-13,2012,10,Art Foster,South,Furniture,Chairs,287.94,3,0.00,77.74
CA-2012-129476,2012-10-15,2012,10,Pete Armstrong,Central,Technology,Accessories,339.96,5,0.20,67.99
CA-2012-139731,2012-10-15,2012,10,Joel Eaton,Central,Technology,Accessories,263.88,3,0.20,42.88
CA-2012-139731,2012-10-15,2012,10,Joel Eaton,Central,Furniture,Chairs,2453.43,5,0.30,-350.49
US-2012-118766,2012-10-15,2012,10,Lindsay Shagiari,Central,Office Supplies,Envelopes,4.46,1,0.20,1.67
US-2012-118766,2012-10-15,2012,10,Lindsay Shagiari,Central,Office Supplies,Binders,3.96,10,0.80,-6.93
US-2012-123918,2012-10-15,2012,10,Claire Gute,Central,Furniture,Furnishings,131.38,6,0.60,-95.25
US-2012-123918,2012-10-15,2012,10,Claire Gute,Central,Office Supplies,Paper,5.34,1,0.20,1.87
US-2012-126235,2012-10-15,2012,10,Guy Armstrong,Central,Furniture,Furnishings,17.14,2,0.00,6.17
CA-2012-110765,2012-10-16,2012,10,Michael Paige,East,Technology,Phones,824.97,3,0.00,214.49
CA-2012-152527,2012-10-17,2012,10,Charlotte Melton,West,Office Supplies,Storage,77.88,2,0.00,3.89
CA-2012-105613,2012-10-18,2012,10,Kristina Nunn,Central,Technology,Accessories,27.70,3,0.20,3.46
CA-2012-105613,2012-10-18,2012,10,Kristina Nunn,Central,Office Supplies,Appliances,73.16,6,0.80,-186.57
CA-2012-127824,2012-10-18,2012,10,John Castell,West,Technology,Phones,249.58,2,0.20,15.60
CA-2012-127824,2012-10-18,2012,10,John Castell,West,Office Supplies,Paper,17.94,3,0.00,8.79
CA-2012-127824,2012-10-18,2012,10,John Castell,West,Furniture,Furnishings,10.11,3,0.00,3.24
CA-2012-113901,2012-10-19,2012,10,Nicole Hansen,Central,Office Supplies,Binders,38.28,6,0.00,17.61
CA-2012-113901,2012-10-19,2012,10,Nicole Hansen,Central,Technology,Phones,149.95,5,0.00,44.99
CA-2012-131128,2012-10-19,2012,10,Tracy Blumstein,East,Office Supplies,Paper,34.44,3,0.00,17.22
CA-2012-150413,2012-10-19,2012,10,Cari Schnelling,Central,Office Supplies,Binders,1.72,1,0.80,-2.84
CA-2012-160171,2012-10-19,2012,10,Robert Marley,West,Office Supplies,Appliances,1640.70,5,0.00,459.40
CA-2012-160171,2012-10-19,2012,10,Robert Marley,West,Technology,Accessories,270.00,3,0.00,97.20
CA-2012-149097,2012-10-20,2012,10,Stewart Visinsky,West,Furniture,Furnishings,74.76,7,0.00,23.92
CA-2012-149097,2012-10-20,2012,10,Stewart Visinsky,West,Furniture,Tables,364.78,3,0.20,27.36
CA-2012-164623,2012-10-20,2012,10,Maxwell Schwartz,East,Office Supplies,Paper,24.56,2,0.00,11.54
US-2012-160563,2012-10-20,2012,10,Noel Staavos,West,Technology,Accessories,239.97,3,0.00,86.39
US-2012-160563,2012-10-20,2012,10,Noel Staavos,West,Furniture,Furnishings,16.02,6,0.00,6.09
CA-2012-169733,2012-10-22,2012,10,Gene McClure,South,Office Supplies,Storage,9.95,1,0.20,1.00
US-2012-104430,2012-10-22,2012,10,Liz Thompson,Central,Office Supplies,Binders,5.18,4,0.80,-7.76
CA-2012-109190,2012-10-23,2012,10,Craig Carroll,Central,Office Supplies,Paper,60.74,8,0.20,20.50
CA-2012-109190,2012-10-23,2012,10,Craig Carroll,Central,Technology,Copiers,479.98,3,0.20,161.99
CA-2012-109190,2012-10-23,2012,10,Craig Carroll,Central,Office Supplies,Binders,6.08,1,0.80,-10.34
CA-2012-110877,2012-10-23,2012,10,Joe Elijah,Central,Office Supplies,Paper,36.29,7,0.20,12.70
CA-2012-110877,2012-10-23,2012,10,Joe Elijah,Central,Technology,Phones,150.38,2,0.20,15.04
CA-2012-132486,2012-10-23,2012,10,Jay Fein,West,Technology,Accessories,148.32,9,0.00,63.78
CA-2012-132486,2012-10-23,2012,10,Jay Fein,West,Furniture,Chairs,240.78,1,0.20,27.09
CA-2012-132486,2012-10-23,2012,10,Jay Fein,West,Furniture,Chairs,191.97,7,0.20,16.80
CA-2012-132486,2012-10-23,2012,10,Jay Fein,West,Office Supplies,Paper,11.56,2,0.00,5.66
CA-2012-132486,2012-10-23,2012,10,Jay Fein,West,Office Supplies,Envelopes,11.80,4,0.00,5.66
CA-2012-132486,2012-10-23,2012,10,Jay Fein,West,Furniture,Chairs,842.35,3,0.20,42.12
CA-2012-142692,2012-10-23,2012,10,Andrew Gjertsen,West,Office Supplies,Binders,3.59,1,0.20,1.12
CA-2012-155068,2012-10-23,2012,10,Ralph Arnett,South,Technology,Phones,55.94,7,0.20,-13.29
CA-2012-155068,2012-10-23,2012,10,Ralph Arnett,South,Office Supplies,Art,10.69,2,0.20,2.27
CA-2012-155068,2012-10-23,2012,10,Ralph Arnett,South,Technology,Phones,11.82,2,0.20,1.03
CA-2012-118738,2012-10-24,2012,10,Andrew Gjertsen,Central,Office Supplies,Paper,15.55,3,0.20,5.44
CA-2012-118738,2012-10-24,2012,10,Andrew Gjertsen,Central,Furniture,Tables,347.36,7,0.30,-69.47
CA-2012-118738,2012-10-24,2012,10,Andrew Gjertsen,Central,Office Supplies,Paper,10.37,2,0.20,3.63
CA-2012-149650,2012-10-24,2012,10,Robert Dilbeck,West,Furniture,Chairs,454.27,8,0.20,-73.82
CA-2012-156608,2012-10-24,2012,10,Michelle Tran,Central,Office Supplies,Binders,3.59,4,0.80,-6.29
CA-2012-105844,2012-10-25,2012,10,Jennifer Ferguson,West,Office Supplies,Art,79.36,4,0.00,23.81
CA-2012-109862,2012-10-25,2012,10,Heather Kirkland,East,Technology,Phones,158.99,1,0.00,41.34
CA-2012-109862,2012-10-25,2012,10,Heather Kirkland,East,Furniture,Chairs,291.10,5,0.00,75.69
CA-2012-130848,2012-10-25,2012,10,Deirdre Greer,West,Furniture,Chairs,582.34,8,0.20,-29.12
CA-2012-152891,2012-10-25,2012,10,Trudy Brown,West,Office Supplies,Art,60.45,3,0.00,16.32
CA-2012-152891,2012-10-25,2012,10,Trudy Brown,West,Furniture,Tables,253.18,3,0.20,-31.65
CA-2012-139290,2012-10-26,2012,10,Maribeth Yedwab,West,Office Supplies,Labels,5.76,2,0.00,2.65
CA-2012-150714,2012-10-26,2012,10,Kristen Hastings,West,Office Supplies,Labels,146.54,6,0.20,47.63
CA-2012-150714,2012-10-26,2012,10,Kristen Hastings,West,Office Supplies,Paper,131.90,3,0.20,47.82
CA-2012-150714,2012-10-26,2012,10,Kristen Hastings,West,Office Supplies,Appliances,203.88,5,0.20,20.39
CA-2012-150714,2012-10-26,2012,10,Kristen Hastings,West,Office Supplies,Binders,14.30,7,0.70,-10.49
CA-2012-150714,2012-10-26,2012,10,Kristen Hastings,West,Office Supplies,Storage,718.64,10,0.20,-161.69
CA-2012-156146,2012-10-26,2012,10,Andrew Gjertsen,West,Technology,Phones,105.58,2,0.20,9.24
CA-2012-156146,2012-10-26,2012,10,Andrew Gjertsen,West,Technology,Phones,68.72,2,0.20,-14.60
CA-2012-162537,2012-10-28,2012,10,Rob Dowd,South,Office Supplies,Envelopes,10.67,1,0.00,4.91
CA-2012-162537,2012-10-28,2012,10,Rob Dowd,South,Office Supplies,Storage,36.63,3,0.00,9.89
CA-2012-162537,2012-10-28,2012,10,Rob Dowd,South,Furniture,Furnishings,24.10,5,0.00,9.16
CA-2012-162537,2012-10-28,2012,10,Rob Dowd,South,Furniture,Furnishings,33.11,7,0.00,12.91
CA-2012-110289,2012-10-29,2012,10,Nona Balk,West,Office Supplies,Paper,33.40,5,0.00,16.03
CA-2012-110289,2012-10-29,2012,10,Nona Balk,West,Office Supplies,Envelopes,210.84,4,0.00,103.31
CA-2012-123673,2012-10-30,2012,10,Cathy Hwang,Central,Technology,Phones,299.90,2,0.00,74.98
CA-2012-132318,2012-10-30,2012,10,Thomas Thornton,South,Office Supplies,Appliances,182.91,3,0.00,53.04
CA-2012-145758,2012-10-30,2012,10,Barry Französisch,East,Technology,Machines,1035.80,4,0.00,269.31
US-2012-131359,2012-10-30,2012,10,Frank Atkinson,West,Technology,Machines,59.99,2,0.70,-46.00
US-2012-131359,2012-10-30,2012,10,Frank Atkinson,West,Technology,Copiers,439.99,1,0.20,165.00
US-2012-131359,2012-10-30,2012,10,Frank Atkinson,West,Technology,Phones,87.96,5,0.20,30.79
US-2012-131359,2012-10-30,2012,10,Frank Atkinson,West,Furniture,Furnishings,15.49,4,0.20,3.68
CA-2012-122259,2012-10-31,2012,10,Harold Pawlan,Central,Office Supplies,Supplies,70.12,4,0.00,21.04
CA-2012-131457,2012-10-31,2012,10,Mary Zewe,West,Office Supplies,Envelopes,14.28,7,0.00,6.71
CA-2012-132570,2012-10-31,2012,10,Kean Thornton,East,Office Supplies,Art,2.78,2,0.00,0.72
CA-2012-132570,2012-10-31,2012,10,Kean Thornton,East,Office Supplies,Envelopes,79.96,2,0.00,35.98
CA-2012-164882,2012-10-31,2012,10,Sandra Glassco,West,Office Supplies,Paper,19.98,1,0.00,9.39
CA-2012-164882,2012-10-31,2012,10,Sandra Glassco,West,Office Supplies,Binders,398.35,3,0.20,124.49
CA-2012-164882,2012-10-31,2012,10,Sandra Glassco,West,Office Supplies,Art,5.04,3,0.00,1.26
CA-2012-164882,2012-10-31,2012,10,Sandra Glassco,West,Office Supplies,Fasteners,17.45,5,0.00,8.03
CA-2012-164882,2012-10-31,2012,10,Sandra Glassco,West,Furniture,Chairs,323.14,4,0.20,20.20
CA-2012-164882,2012-10-31,2012,10,Sandra Glassco,West,Office Supplies,Supplies,29.70,3,0.00,8.02
CA-2012-164882,2012-10-31,2012,10,Sandra Glassco,West,Technology,Phones,1295.84,4,0.20,145.78
CA-2012-164882,2012-10-31,2012,10,Sandra Glassco,West,Office Supplies,Storage,46.84,2,0.00,12.65
CA-2012-164882,2012-10-31,2012,10,Sandra Glassco,West,Furniture,Bookcases,425.83,1,0.15,20.04
US-2012-164448,2012-10-31,2012,10,Damala Kotsonis,West,Office Supplies,Binders,9.73,2,0.20,3.28
US-2012-164448,2012-10-31,2012,10,Damala Kotsonis,West,Office Supplies,Envelopes,14.75,5,0.00,7.08
US-2012-164448,2012-10-31,2012,10,Damala Kotsonis,West,Office Supplies,Binders,29.80,5,0.20,9.31
US-2012-164448,2012-10-31,2012,10,Damala Kotsonis,West,Office Supplies,Labels,427.42,14,0.00,196.61
CA-2012-105221,2012-11-01,2012,11,Valerie Mitchum,East,Technology,Accessories,35.36,2,0.20,-3.09
CA-2012-105221,2012-11-01,2012,11,Valerie Mitchum,East,Office Supplies,Fasteners,3.17,2,0.20,-0.71
CA-2012-108119,2012-11-01,2012,11,MaryBeth Skach,South,Furniture,Tables,301.96,2,0.00,45.29
CA-2012-113145,2012-11-01,2012,11,Valerie Dominguez,East,Office Supplies,Paper,13.52,4,0.00,6.22
CA-2012-113145,2012-11-01,2012,11,Valerie Dominguez,East,Furniture,Furnishings,259.70,5,0.00,106.48
CA-2012-113145,2012-11-01,2012,11,Valerie Dominguez,East,Technology,Phones,42.95,1,0.00,1.29
CA-2012-113145,2012-11-01,2012,11,Valerie Dominguez,East,Technology,Accessories,1399.93,7,0.00,601.97
CA-2012-113145,2012-11-01,2012,11,Valerie Dominguez,East,Technology,Phones,503.96,4,0.00,125.99
CA-2012-126739,2012-11-01,2012,11,Justin Hirsh,East,Furniture,Chairs,327.56,4,0.10,21.84
CA-2012-130995,2012-11-01,2012,11,Quincy Jones,East,Technology,Phones,4.95,1,0.00,1.34
CA-2012-141740,2012-11-01,2012,11,Jeremy Farry,East,Furniture,Chairs,205.16,2,0.10,13.68
US-2012-110163,2012-11-01,2012,11,Guy Armstrong,West,Office Supplies,Art,7.88,1,0.20,1.77
CA-2012-100657,2012-11-02,2012,11,Scot Wooten,East,Furniture,Chairs,109.76,2,0.10,8.54
CA-2012-125416,2012-11-02,2012,11,Kelly Collister,West,Technology,Accessories,447.93,9,0.00,49.27
CA-2012-130890,2012-11-02,2012,11,Jas O'Carroll,West,Furniture,Tables,1038.84,5,0.20,51.94
CA-2012-138625,2012-11-02,2012,11,Emily Grady,South,Office Supplies,Appliances,197.72,4,0.00,55.36
CA-2012-141810,2012-11-02,2012,11,Barry Blumstein,Central,Office Supplies,Binders,29.37,7,0.80,-47.00
CA-2012-141810,2012-11-02,2012,11,Barry Blumstein,Central,Technology,Phones,344.70,2,0.20,38.78
CA-2012-160227,2012-11-02,2012,11,Emily Ducich,East,Furniture,Chairs,2621.32,11,0.10,553.39
CA-2012-168207,2012-11-02,2012,11,Liz Thompson,West,Furniture,Furnishings,96.96,6,0.00,33.94
CA-2012-168207,2012-11-02,2012,11,Liz Thompson,West,Office Supplies,Binders,117.49,7,0.20,41.12
CA-2012-168207,2012-11-02,2012,11,Liz Thompson,West,Office Supplies,Binders,11.95,3,0.20,4.18
CA-2012-168207,2012-11-02,2012,11,Liz Thompson,West,Furniture,Bookcases,512.50,3,0.15,-30.15
CA-2012-121041,2012-11-03,2012,11,Chris Selesnick,Central,Office Supplies,Envelopes,6.61,2,0.20,2.15
CA-2012-140410,2012-11-03,2012,11,Corinna Mitchell,West,Technology,Phones,1212.85,7,0.20,106.12
CA-2012-140410,2012-11-03,2012,11,Corinna Mitchell,West,Technology,Accessories,89.97,3,0.00,37.79
CA-2012-140410,2012-11-03,2012,11,Corinna Mitchell,West,Furniture,Furnishings,42.60,3,0.00,16.61
CA-2012-162047,2012-11-03,2012,11,Fred Hopkins,East,Furniture,Chairs,1448.82,10,0.10,209.27
CA-2012-103961,2012-11-05,2012,11,Nathan Gelder,Central,Office Supplies,Labels,19.82,6,0.20,6.44
CA-2012-118444,2012-11-05,2012,11,Valerie Dominguez,South,Office Supplies,Appliances,387.14,4,0.20,24.20
CA-2012-131072,2012-11-05,2012,11,Ken Lonsdale,West,Office Supplies,Binders,98.35,3,0.20,35.65
CA-2012-131422,2012-11-05,2012,11,George Bell,South,Furniture,Chairs,207.00,3,0.20,25.88
CA-2012-144386,2012-11-05,2012,11,Grant Thornton,East,Office Supplies,Binders,25.34,6,0.20,8.87
CA-2012-145485,2012-11-05,2012,11,Justin MacKendrick,West,Office Supplies,Storage,62.80,4,0.00,15.70
US-2012-136259,2012-11-05,2012,11,Christy Brittain,East,Office Supplies,Binders,7.22,3,0.70,-5.53
US-2012-136259,2012-11-05,2012,11,Christy Brittain,East,Office Supplies,Supplies,27.20,4,0.20,2.04
CA-2012-105312,2012-11-06,2012,11,Meg Tillman,West,Office Supplies,Envelopes,7.08,3,0.20,2.48
CA-2012-105312,2012-11-06,2012,11,Meg Tillman,West,Office Supplies,Binders,4.40,3,0.70,-3.52
CA-2012-102848,2012-11-07,2012,11,Karen Bern,West,Furniture,Chairs,190.72,1,0.20,11.92
CA-2012-105571,2012-11-07,2012,11,Christine Phan,South,Office Supplies,Binders,16.15,9,0.70,-12.92
CA-2012-105571,2012-11-07,2012,11,Christine Phan,South,Office Supplies,Binders,1345.49,5,0.70,-1031.54
CA-2012-126669,2012-11-07,2012,11,Doug O'Connell,Central,Office Supplies,Paper,76.64,2,0.20,26.82
CA-2012-134922,2012-11-07,2012,11,Karen Bern,East,Office Supplies,Envelopes,24.40,2,0.20,7.93
CA-2012-148432,2012-11-07,2012,11,Mike Caudle,East,Office Supplies,Fasteners,26.18,7,0.00,0.52
CA-2012-148432,2012-11-07,2012,11,Mike Caudle,East,Office Supplies,Paper,7.30,2,0.00,3.43
CA-2012-162887,2012-11-07,2012,11,Stewart Visinsky,East,Furniture,Chairs,715.20,3,0.00,178.80
CA-2012-163181,2012-11-07,2012,11,Adrian Barton,Central,Office Supplies,Art,23.64,3,0.20,5.32
CA-2012-163181,2012-11-07,2012,11,Adrian Barton,Central,Office Supplies,Storage,84.78,2,0.20,-16.96
CA-2012-163181,2012-11-07,2012,11,Adrian Barton,Central,Furniture,Furnishings,64.96,5,0.60,-84.45
CA-2012-163181,2012-11-07,2012,11,Adrian Barton,Central,Office Supplies,Binders,32.06,10,0.80,-51.30
CA-2012-163181,2012-11-07,2012,11,Adrian Barton,Central,Office Supplies,Storage,177.65,2,0.20,-28.87
CA-2012-163181,2012-11-07,2012,11,Adrian Barton,Central,Technology,Machines,287.91,3,0.40,33.59
CA-2012-105634,2012-11-08,2012,11,Helen Abelman,East,Office Supplies,Art,11.65,5,0.00,3.38
CA-2012-108259,2012-11-08,2012,11,Noel Staavos,South,Office Supplies,Fasteners,31.50,11,0.20,11.81
CA-2012-108259,2012-11-08,2012,11,Noel Staavos,South,Office Supplies,Labels,5.04,1,0.20,1.64
CA-2012-108259,2012-11-08,2012,11,Noel Staavos,South,Office Supplies,Binders,39.88,7,0.70,-29.24
CA-2012-108259,2012-11-08,2012,11,Noel Staavos,South,Furniture,Furnishings,4.71,1,0.20,1.41
CA-2012-109386,2012-11-08,2012,11,Rob Haberlin,South,Office Supplies,Appliances,44.43,3,0.00,18.66
CA-2012-109386,2012-11-08,2012,11,Rob Haberlin,South,Technology,Phones,226.20,5,0.00,58.81
CA-2012-109386,2012-11-08,2012,11,Rob Haberlin,South,Furniture,Furnishings,186.54,3,0.00,41.04
CA-2012-109386,2012-11-08,2012,11,Rob Haberlin,South,Office Supplies,Art,265.86,7,0.00,79.76
CA-2012-109386,2012-11-08,2012,11,Rob Haberlin,South,Office Supplies,Art,27.90,5,0.00,6.98
CA-2012-111990,2012-11-08,2012,11,Duane Benoit,Central,Office Supplies,Binders,10.48,6,0.80,-17.29
CA-2012-114811,2012-11-08,2012,11,Keith Dawkins,East,Office Supplies,Storage,67.15,5,0.00,16.79
CA-2012-114811,2012-11-08,2012,11,Keith Dawkins,East,Technology,Phones,549.98,2,0.00,142.99
CA-2012-114811,2012-11-08,2012,11,Keith Dawkins,East,Furniture,Furnishings,11.82,3,0.00,4.73
CA-2012-114811,2012-11-08,2012,11,Keith Dawkins,East,Technology,Machines,4643.80,4,0.00,2229.02
CA-2012-114811,2012-11-08,2012,11,Keith Dawkins,East,Furniture,Chairs,577.76,2,0.10,115.55
CA-2012-117086,2012-11-08,2012,11,Quincy Jones,East,Furniture,Bookcases,4404.90,5,0.00,1013.13
CA-2012-117611,2012-11-08,2012,11,Maria Zettner,West,Office Supplies,Fasteners,5.00,1,0.00,2.40
CA-2012-117611,2012-11-08,2012,11,Maria Zettner,West,Technology,Accessories,371.97,3,0.00,66.95
CA-2012-123568,2012-11-08,2012,11,Sanjit Chand,West,Office Supplies,Fasteners,5.04,3,0.00,0.20
CA-2012-123568,2012-11-08,2012,11,Sanjit Chand,West,Office Supplies,Paper,92.94,3,0.00,41.82
CA-2012-123568,2012-11-08,2012,11,Sanjit Chand,West,Furniture,Furnishings,66.69,3,0.00,22.01
CA-2012-123568,2012-11-08,2012,11,Sanjit Chand,West,Office Supplies,Binders,91.68,5,0.20,28.65
CA-2012-154886,2012-11-08,2012,11,Shaun Weien,West,Technology,Accessories,119.90,2,0.00,43.16
CA-2012-164441,2012-11-08,2012,11,Amy Cox,East,Office Supplies,Binders,52.27,11,0.20,17.64
CA-2012-164441,2012-11-08,2012,11,Amy Cox,East,Office Supplies,Paper,17.94,3,0.00,8.07
US-2012-151407,2012-11-08,2012,11,Rob Dowd,Central,Technology,Phones,263.96,4,0.00,76.55
CA-2012-113222,2012-11-09,2012,11,Anthony Garverick,Central,Office Supplies,Binders,10.74,3,0.00,5.16
CA-2012-126466,2012-11-09,2012,11,Jesus Ocampo,West,Office Supplies,Fasteners,2.48,2,0.00,1.17
CA-2012-127509,2012-11-09,2012,11,Adam Shillingsburg,Central,Office Supplies,Binders,17.22,3,0.00,7.92
CA-2012-127509,2012-11-09,2012,11,Adam Shillingsburg,Central,Furniture,Tables,1024.38,7,0.00,215.12
CA-2012-127509,2012-11-09,2012,11,Adam Shillingsburg,Central,Office Supplies,Envelopes,26.22,3,0.00,12.32
CA-2012-127509,2012-11-09,2012,11,Adam Shillingsburg,Central,Office Supplies,Paper,17.34,3,0.00,8.50
CA-2012-146486,2012-11-09,2012,11,Dianna Vittorini,East,Office Supplies,Storage,244.55,5,0.00,4.89
CA-2012-146486,2012-11-09,2012,11,Dianna Vittorini,East,Office Supplies,Envelopes,12.24,6,0.00,5.75
CA-2012-146486,2012-11-09,2012,11,Dianna Vittorini,East,Technology,Accessories,13.98,2,0.00,6.01
CA-2012-146486,2012-11-09,2012,11,Dianna Vittorini,East,Technology,Accessories,899.95,5,0.00,54.00
CA-2012-158554,2012-11-09,2012,11,Charlotte Melton,East,Office Supplies,Paper,11.35,3,0.20,4.12
CA-2012-169796,2012-11-09,2012,11,Dean percer,East,Technology,Machines,2321.90,2,0.00,1114.51
CA-2012-169796,2012-11-09,2012,11,Dean percer,East,Office Supplies,Storage,17.94,3,0.00,3.05
CA-2012-121783,2012-11-10,2012,11,Philisse Overcash,Central,Office Supplies,Appliances,715.64,2,0.00,178.91
CA-2012-121783,2012-11-10,2012,11,Philisse Overcash,Central,Office Supplies,Storage,795.51,3,0.00,143.19
CA-2012-121783,2012-11-10,2012,11,Philisse Overcash,Central,Technology,Copiers,549.99,1,0.00,275.00
CA-2012-121783,2012-11-10,2012,11,Philisse Overcash,Central,Office Supplies,Binders,74.76,3,0.00,34.39
CA-2012-121783,2012-11-10,2012,11,Philisse Overcash,Central,Furniture,Furnishings,29.22,3,0.00,12.86
CA-2012-147690,2012-11-10,2012,11,Sam Craven,East,Office Supplies,Storage,577.58,6,0.20,43.32
CA-2012-155040,2012-11-10,2012,11,Alan Hwang,West,Technology,Accessories,79.90,2,0.00,35.16
CA-2012-158659,2012-11-10,2012,11,Steve Chapman,Central,Office Supplies,Storage,714.30,5,0.00,207.15
CA-2012-111948,2012-11-11,2012,11,Andrew Gjertsen,Central,Office Supplies,Storage,418.32,7,0.00,117.13
CA-2012-111948,2012-11-11,2012,11,Andrew Gjertsen,Central,Office Supplies,Appliances,123.86,2,0.10,46.79
CA-2012-113628,2012-11-12,2012,11,Anna Häberlin,South,Office Supplies,Art,11.76,5,0.20,1.32
CA-2012-113628,2012-11-12,2012,11,Anna Häberlin,South,Office Supplies,Binders,5.24,2,0.70,-4.02
CA-2012-113628,2012-11-12,2012,11,Anna Häberlin,South,Office Supplies,Binders,4.66,3,0.70,-3.73
CA-2012-113628,2012-11-12,2012,11,Anna Häberlin,South,Furniture,Chairs,523.92,5,0.20,-72.04
CA-2012-113628,2012-11-12,2012,11,Anna Häberlin,South,Technology,Phones,100.79,1,0.20,10.08
CA-2012-113628,2012-11-12,2012,11,Anna Häberlin,South,Furniture,Chairs,146.14,3,0.20,16.44
CA-2012-153220,2012-11-12,2012,11,Yoseph Carroll,West,Office Supplies,Paper,15.70,5,0.00,7.07
CA-2012-162964,2012-11-12,2012,11,Monica Federle,Central,Office Supplies,Storage,64.78,1,0.20,-14.58
CA-2012-162964,2012-11-12,2012,11,Monica Federle,Central,Office Supplies,Paper,15.55,3,0.20,5.64
CA-2012-162964,2012-11-12,2012,11,Monica Federle,Central,Office Supplies,Envelopes,223.89,7,0.20,69.97
US-2012-153283,2012-11-12,2012,11,Eugene Barchas,East,Office Supplies,Envelopes,15.56,2,0.00,7.31
CA-2012-104948,2012-11-13,2012,11,Keith Herrera,West,Office Supplies,Binders,9.87,2,0.20,3.46
CA-2012-104948,2012-11-13,2012,11,Keith Herrera,West,Furniture,Bookcases,683.33,4,0.15,-40.20
CA-2012-104948,2012-11-13,2012,11,Keith Herrera,West,Office Supplies,Paper,29.96,7,0.00,13.48
CA-2012-111199,2012-11-13,2012,11,Joe Kamberova,South,Office Supplies,Paper,115.30,3,0.20,40.35
CA-2012-114503,2012-11-13,2012,11,Allen Armold,South,Office Supplies,Storage,84.96,6,0.20,6.37
CA-2012-115798,2012-11-13,2012,11,Ken Lonsdale,East,Technology,Phones,377.97,3,0.00,94.49
CA-2012-115798,2012-11-13,2012,11,Ken Lonsdale,East,Office Supplies,Paper,42.28,7,0.00,19.87
CA-2012-115798,2012-11-13,2012,11,Ken Lonsdale,East,Furniture,Bookcases,299.97,3,0.00,56.99
CA-2012-115798,2012-11-13,2012,11,Ken Lonsdale,East,Technology,Phones,89.98,2,0.00,43.19
CA-2012-130183,2012-11-13,2012,11,Patrick O'Brill,Central,Furniture,Bookcases,614.00,3,0.32,-18.06
CA-2012-136147,2012-11-13,2012,11,Fred McMath,South,Office Supplies,Binders,121.10,6,0.70,-100.92
CA-2012-136147,2012-11-13,2012,11,Fred McMath,South,Technology,Accessories,111.96,5,0.20,-1.40
CA-2012-144519,2012-11-13,2012,11,Arthur Wiediger,West,Technology,Phones,339.96,5,0.20,42.50
CA-2012-144519,2012-11-13,2012,11,Arthur Wiediger,West,Furniture,Furnishings,63.98,7,0.00,21.75
CA-2012-149909,2012-11-13,2012,11,Russell Applegate,Central,Office Supplies,Paper,63.77,7,0.00,28.70
CA-2012-149909,2012-11-13,2012,11,Russell Applegate,Central,Technology,Phones,50.97,3,0.00,13.25
CA-2012-149909,2012-11-13,2012,11,Russell Applegate,Central,Office Supplies,Paper,96.08,2,0.00,46.12
CA-2012-153073,2012-11-13,2012,11,Helen Abelman,Central,Furniture,Furnishings,17.50,9,0.60,-7.44
US-2012-156867,2012-11-13,2012,11,Lena Cacioppo,West,Technology,Accessories,238.90,6,0.20,-26.88
US-2012-156867,2012-11-13,2012,11,Lena Cacioppo,West,Furniture,Furnishings,102.36,3,0.20,-3.84
US-2012-156867,2012-11-13,2012,11,Lena Cacioppo,West,Office Supplies,Binders,36.88,3,0.70,-25.82
CA-2012-123141,2012-11-14,2012,11,Gary Zandusky,West,Furniture,Chairs,883.84,4,0.20,99.43
CA-2012-123141,2012-11-14,2012,11,Gary Zandusky,West,Furniture,Chairs,230.35,3,0.20,20.16
CA-2012-137897,2012-11-14,2012,11,Patrick Jones,East,Technology,Accessories,37.60,2,0.00,2.26
CA-2012-137897,2012-11-14,2012,11,Patrick Jones,East,Technology,Accessories,59.90,2,0.00,23.96
CA-2012-137897,2012-11-14,2012,11,Patrick Jones,East,Office Supplies,Paper,37.00,5,0.00,16.65
CA-2012-138674,2012-11-14,2012,11,Ken Black,West,Office Supplies,Fasteners,8.72,5,0.20,2.29
CA-2012-138674,2012-11-14,2012,11,Ken Black,West,Technology,Accessories,91.18,3,0.20,4.56
CA-2012-138674,2012-11-14,2012,11,Ken Black,West,Technology,Accessories,159.97,4,0.20,29.99
CA-2012-151043,2012-11-14,2012,11,Maureen Gastineau,East,Technology,Accessories,47.98,2,0.20,-1.20
CA-2012-154746,2012-11-14,2012,11,Patrick Jones,South,Office Supplies,Envelopes,33.96,2,0.00,16.98
CA-2012-154746,2012-11-14,2012,11,Patrick Jones,South,Office Supplies,Appliances,826.11,3,0.00,322.18
US-2012-111927,2012-11-14,2012,11,Lycoris Saunders,East,Furniture,Furnishings,76.14,3,0.00,26.65
US-2012-111927,2012-11-14,2012,11,Lycoris Saunders,East,Office Supplies,Binders,19.96,2,0.00,9.38
CA-2012-113173,2012-11-15,2012,11,Dean Katz,Central,Office Supplies,Storage,250.27,9,0.20,15.64
CA-2012-113173,2012-11-15,2012,11,Dean Katz,Central,Office Supplies,Binders,11.36,3,0.80,-17.05
CA-2012-113173,2012-11-15,2012,11,Dean Katz,Central,Office Supplies,Supplies,8.72,5,0.20,-1.74
CA-2012-129525,2012-11-15,2012,11,Victoria Pisteka,East,Office Supplies,Binders,166.92,13,0.70,-116.84
CA-2012-138954,2012-11-15,2012,11,Maya Herman,East,Office Supplies,Storage,70.95,3,0.00,20.58
CA-2012-138954,2012-11-15,2012,11,Maya Herman,East,Office Supplies,Binders,34.94,6,0.20,11.79
CA-2012-138954,2012-11-15,2012,11,Maya Herman,East,Office Supplies,Art,119.04,6,0.00,35.71
CA-2012-145324,2012-11-15,2012,11,Duane Huffman,South,Furniture,Furnishings,39.96,2,0.00,14.39
CA-2012-120446,2012-11-16,2012,11,John Grady,West,Office Supplies,Labels,18.90,3,0.00,8.69
CA-2012-135685,2012-11-16,2012,11,Mike Pelletier,Central,Office Supplies,Paper,179.82,9,0.00,84.52
CA-2012-135685,2012-11-16,2012,11,Mike Pelletier,Central,Furniture,Furnishings,185.58,6,0.00,76.09
CA-2012-135685,2012-11-16,2012,11,Mike Pelletier,Central,Furniture,Tables,214.11,3,0.00,36.40
CA-2012-135685,2012-11-16,2012,11,Mike Pelletier,Central,Technology,Accessories,999.96,4,0.00,229.99
CA-2012-135685,2012-11-16,2012,11,Mike Pelletier,Central,Furniture,Tables,653.55,3,0.00,111.10
CA-2012-145394,2012-11-16,2012,11,Matt Connell,Central,Office Supplies,Storage,21.49,2,0.20,1.61
CA-2012-145394,2012-11-16,2012,11,Matt Connell,Central,Technology,Phones,239.98,3,0.20,27.00
CA-2012-145394,2012-11-16,2012,11,Matt Connell,Central,Furniture,Furnishings,34.50,2,0.60,-15.53
CA-2012-150875,2012-11-16,2012,11,Heather Kirkland,West,Furniture,Tables,696.42,2,0.00,160.18
CA-2012-150875,2012-11-16,2012,11,Heather Kirkland,West,Technology,Phones,304.78,3,0.20,22.86
CA-2012-164539,2012-11-16,2012,11,Philisse Overcash,East,Office Supplies,Appliances,523.25,5,0.00,141.28
CA-2012-110863,2012-11-17,2012,11,Anna Andreadi,Central,Office Supplies,Storage,541.24,4,0.00,5.41
CA-2012-110863,2012-11-17,2012,11,Anna Andreadi,Central,Office Supplies,Paper,106.32,3,0.00,49.97
CA-2012-110863,2012-11-17,2012,11,Anna Andreadi,Central,Furniture,Chairs,1323.90,5,0.00,383.93
CA-2012-126725,2012-11-17,2012,11,Brian Stugart,West,Technology,Phones,415.97,4,0.20,52.00
CA-2012-126725,2012-11-17,2012,11,Brian Stugart,West,Office Supplies,Storage,304.90,5,0.00,6.10
CA-2012-126725,2012-11-17,2012,11,Brian Stugart,West,Furniture,Furnishings,80.96,4,0.00,29.15
CA-2012-126725,2012-11-17,2012,11,Brian Stugart,West,Office Supplies,Storage,777.21,7,0.00,54.40
CA-2012-126725,2012-11-17,2012,11,Brian Stugart,West,Office Supplies,Paper,32.40,5,0.00,15.55
CA-2012-126725,2012-11-17,2012,11,Brian Stugart,West,Furniture,Chairs,225.57,2,0.20,2.82
CA-2012-126725,2012-11-17,2012,11,Brian Stugart,West,Furniture,Furnishings,36.60,3,0.00,15.37
CA-2012-163090,2012-11-17,2012,11,Greg Hansen,Central,Office Supplies,Supplies,40.92,5,0.20,3.07
CA-2012-145814,2012-11-19,2012,11,Katherine Ducich,East,Office Supplies,Binders,5.98,2,0.20,2.24
CA-2012-145814,2012-11-19,2012,11,Katherine Ducich,East,Technology,Phones,861.76,4,0.00,249.91
CA-2012-151680,2012-11-19,2012,11,Tony Chapman,West,Furniture,Furnishings,141.96,2,0.00,22.71
CA-2012-166800,2012-11-19,2012,11,Aleksandra Gannaway,West,Office Supplies,Appliances,31.08,4,0.00,8.39
CA-2012-100454,2012-11-20,2012,11,Brian Moss,East,Office Supplies,Art,60.45,3,0.00,16.32
CA-2012-100454,2012-11-20,2012,11,Brian Moss,East,Office Supplies,Art,11.52,4,0.00,3.34
CA-2012-100454,2012-11-20,2012,11,Brian Moss,East,Furniture,Bookcases,186.05,4,0.20,9.30
CA-2012-110891,2012-11-20,2012,11,Phillina Ober,East,Furniture,Chairs,344.37,4,0.30,-93.47
CA-2012-112305,2012-11-20,2012,11,Katrina Bavinger,West,Office Supplies,Art,119.04,6,0.00,30.95
CA-2012-112305,2012-11-20,2012,11,Katrina Bavinger,West,Furniture,Furnishings,22.14,3,0.00,6.42
CA-2012-112305,2012-11-20,2012,11,Katrina Bavinger,West,Technology,Accessories,13.98,2,0.00,6.01
CA-2012-116484,2012-11-20,2012,11,Jamie Kunitz,East,Furniture,Furnishings,63.82,2,0.20,9.57
CA-2012-116484,2012-11-20,2012,11,Jamie Kunitz,East,Office Supplies,Storage,141.55,3,0.20,-26.54
CA-2012-124058,2012-11-20,2012,11,Lena Creighton,West,Technology,Phones,72.74,7,0.20,-15.46
CA-2012-124058,2012-11-20,2012,11,Lena Creighton,West,Furniture,Chairs,572.16,3,0.20,35.76
CA-2012-136420,2012-11-20,2012,11,Chris Selesnick,West,Office Supplies,Binders,89.70,4,0.20,33.64
CA-2012-136420,2012-11-20,2012,11,Chris Selesnick,West,Office Supplies,Labels,50.12,4,0.00,23.56
CA-2012-144652,2012-11-20,2012,11,Skye Norling,West,Office Supplies,Art,19.46,7,0.00,5.06
CA-2012-146465,2012-11-20,2012,11,Patrick Bzostek,West,Office Supplies,Binders,24.19,9,0.20,7.56
CA-2012-156524,2012-11-20,2012,11,Dan Lawera,East,Office Supplies,Paper,19.65,3,0.00,9.04
CA-2012-161767,2012-11-20,2012,11,Grace Kelly,Central,Technology,Machines,479.99,2,0.40,56.00
CA-2012-163965,2012-11-20,2012,11,Sung Shariari,South,Office Supplies,Binders,7.23,5,0.70,-5.78
CA-2012-163965,2012-11-20,2012,11,Sung Shariari,South,Office Supplies,Storage,17.44,2,0.20,1.31
CA-2012-163965,2012-11-20,2012,11,Sung Shariari,South,Office Supplies,Binders,62.88,4,0.70,-50.30
CA-2012-163965,2012-11-20,2012,11,Sung Shariari,South,Furniture,Bookcases,290.35,3,0.20,-36.29
US-2012-158589,2012-11-20,2012,11,Kelly Williams,West,Furniture,Furnishings,32.04,3,0.00,8.01
US-2012-165743,2012-11-20,2012,11,Michelle Moray,West,Office Supplies,Binders,4.90,3,0.70,-3.43
US-2012-165743,2012-11-20,2012,11,Michelle Moray,West,Furniture,Bookcases,145.76,6,0.70,-247.80
US-2012-165743,2012-11-20,2012,11,Michelle Moray,West,Office Supplies,Binders,9.61,6,0.70,-7.37
CA-2012-102778,2012-11-21,2012,11,John Huston,South,Furniture,Furnishings,18.18,1,0.20,4.77
CA-2012-105690,2012-11-21,2012,11,Carol Adams,Central,Furniture,Bookcases,246.13,2,0.32,-76.01
CA-2012-105690,2012-11-21,2012,11,Carol Adams,Central,Office Supplies,Labels,11.70,2,0.20,3.95
CA-2012-105690,2012-11-21,2012,11,Carol Adams,Central,Technology,Copiers,439.99,1,0.20,165.00
CA-2012-107083,2012-11-21,2012,11,Brenda Bowman,Central,Office Supplies,Art,5.34,2,0.20,0.73
CA-2012-107083,2012-11-21,2012,11,Brenda Bowman,Central,Office Supplies,Binders,1.70,2,0.80,-2.54
CA-2012-107083,2012-11-21,2012,11,Brenda Bowman,Central,Office Supplies,Appliances,24.59,3,0.80,-67.62
CA-2012-107083,2012-11-21,2012,11,Brenda Bowman,Central,Office Supplies,Binders,7.98,5,0.80,-13.17
CA-2012-109337,2012-11-21,2012,11,Denise Leinenbach,Central,Office Supplies,Art,10.92,6,0.00,4.91
CA-2012-109337,2012-11-21,2012,11,Denise Leinenbach,Central,Technology,Machines,83.90,2,0.00,22.65
CA-2012-109337,2012-11-21,2012,11,Denise Leinenbach,Central,Office Supplies,Appliances,19.75,5,0.00,5.14
CA-2012-109337,2012-11-21,2012,11,Denise Leinenbach,Central,Technology,Accessories,393.54,3,0.00,165.29
CA-2012-115511,2012-11-21,2012,11,Natalie Webber,West,Furniture,Bookcases,141.96,2,0.00,41.17
CA-2012-115511,2012-11-21,2012,11,Natalie Webber,West,Office Supplies,Binders,66.05,4,0.20,23.12
CA-2012-119879,2012-11-21,2012,11,Shahid Shariari,East,Furniture,Tables,1252.70,8,0.40,-480.20
CA-2012-119879,2012-11-21,2012,11,Shahid Shariari,East,Technology,Phones,110.97,5,0.40,-24.04
US-2012-101511,2012-11-21,2012,11,Joel Eaton,East,Furniture,Chairs,396.80,7,0.30,-11.34
US-2012-101511,2012-11-21,2012,11,Joel Eaton,East,Office Supplies,Supplies,15.88,5,0.20,-3.77
US-2012-159499,2012-11-21,2012,11,Eudokia Martin,West,Office Supplies,Appliances,325.63,6,0.20,28.49
US-2012-159499,2012-11-21,2012,11,Eudokia Martin,West,Technology,Accessories,23.34,2,0.20,-1.46
US-2012-159499,2012-11-21,2012,11,Eudokia Martin,West,Office Supplies,Labels,16.52,5,0.20,5.37
CA-2012-100545,2012-11-22,2012,11,Irene Maddox,East,Office Supplies,Binders,11.61,2,0.70,-9.29
CA-2012-123505,2012-11-22,2012,11,Andy Reiter,East,Office Supplies,Paper,14.94,3,0.00,7.02
CA-2012-137708,2012-11-22,2012,11,Nathan Gelder,West,Office Supplies,Paper,37.94,2,0.00,18.21
CA-2012-137708,2012-11-22,2012,11,Nathan Gelder,West,Office Supplies,Paper,42.80,10,0.00,19.26
CA-2012-137708,2012-11-22,2012,11,Nathan Gelder,West,Office Supplies,Storage,33.63,3,0.00,10.09
CA-2012-139094,2012-11-22,2012,11,Meg O'Connel,Central,Furniture,Tables,206.96,2,0.30,-32.52
CA-2012-149300,2012-11-22,2012,11,Brosina Hoffman,South,Technology,Machines,32.99,3,0.50,-1.98
CA-2012-162376,2012-11-22,2012,11,Harold Dahlen,East,Office Supplies,Art,17.12,4,0.00,4.96
CA-2012-162376,2012-11-22,2012,11,Harold Dahlen,East,Office Supplies,Paper,59.94,3,0.00,28.17
CA-2012-168459,2012-11-22,2012,11,Marc Crier,South,Office Supplies,Binders,2.95,2,0.70,-2.06
CA-2012-168459,2012-11-22,2012,11,Marc Crier,South,Office Supplies,Fasteners,55.10,6,0.20,18.60
US-2012-118983,2012-11-22,2012,11,Harold Pawlan,Central,Office Supplies,Appliances,68.81,5,0.80,-123.86
US-2012-118983,2012-11-22,2012,11,Harold Pawlan,Central,Office Supplies,Binders,2.54,3,0.80,-3.82
US-2012-165449,2012-11-22,2012,11,Anne Pryor,Central,Technology,Accessories,27.17,4,0.20,-1.36
CA-2012-111395,2012-11-23,2012,11,Victoria Brennan,Central,Office Supplies,Paper,335.52,4,0.20,117.43
CA-2012-111395,2012-11-23,2012,11,Victoria Brennan,Central,Office Supplies,Binders,23.91,2,0.80,-40.65
CA-2012-111395,2012-11-23,2012,11,Victoria Brennan,Central,Office Supplies,Storage,27.06,2,0.20,2.37
CA-2012-123113,2012-11-23,2012,11,Annie Thurman,East,Office Supplies,Appliances,2625.12,8,0.00,735.03
CA-2012-123113,2012-11-23,2012,11,Annie Thurman,East,Office Supplies,Art,17.94,3,0.00,4.49
CA-2012-144274,2012-11-23,2012,11,Pierre Wener,East,Technology,Phones,307.98,2,0.00,89.31
CA-2012-144274,2012-11-23,2012,11,Pierre Wener,East,Office Supplies,Paper,44.10,6,0.00,20.73
CA-2012-144274,2012-11-23,2012,11,Pierre Wener,East,Office Supplies,Art,13.12,4,0.00,5.64
CA-2012-144274,2012-11-23,2012,11,Pierre Wener,East,Office Supplies,Envelopes,16.56,2,0.00,7.78
CA-2012-144274,2012-11-23,2012,11,Pierre Wener,East,Office Supplies,Paper,38.88,6,0.00,18.66
CA-2012-105347,2012-11-24,2012,11,Darren Powers,West,Office Supplies,Paper,368.91,9,0.00,180.77
CA-2012-105347,2012-11-24,2012,11,Darren Powers,West,Office Supplies,Art,14.70,5,0.00,6.62
CA-2012-135545,2012-11-24,2012,11,Kunst Miller,West,Technology,Accessories,13.98,2,0.00,6.15
CA-2012-135545,2012-11-24,2012,11,Kunst Miller,West,Office Supplies,Binders,25.82,6,0.20,9.36
CA-2012-135545,2012-11-24,2012,11,Kunst Miller,West,Office Supplies,Paper,146.73,3,0.00,68.96
CA-2012-135545,2012-11-24,2012,11,Kunst Miller,West,Furniture,Furnishings,79.76,4,0.00,22.33
CA-2012-153416,2012-11-24,2012,11,Toby Swindell,West,Office Supplies,Binders,3.17,2,0.20,0.99
CA-2012-153416,2012-11-24,2012,11,Toby Swindell,West,Office Supplies,Paper,19.44,3,0.00,9.33
CA-2012-153416,2012-11-24,2012,11,Toby Swindell,West,Office Supplies,Storage,454.86,7,0.00,54.58
CA-2012-153416,2012-11-24,2012,11,Toby Swindell,West,Office Supplies,Binders,91.39,8,0.20,29.70
US-2012-164357,2012-11-25,2012,11,Sandra Flanagan,South,Office Supplies,Art,13.12,5,0.20,1.48
CA-2012-117961,2012-11-26,2012,11,Guy Phonely,East,Office Supplies,Binders,14.73,3,0.00,6.92
CA-2012-117961,2012-11-26,2012,11,Guy Phonely,East,Office Supplies,Storage,104.90,5,0.00,25.18
CA-2012-117961,2012-11-26,2012,11,Guy Phonely,East,Office Supplies,Binders,61.04,4,0.00,30.52
CA-2012-117961,2012-11-26,2012,11,Guy Phonely,East,Office Supplies,Paper,10.95,3,0.00,5.15
CA-2012-158939,2012-11-26,2012,11,Erin Ashbrook,Central,Technology,Copiers,599.99,1,0.00,234.00
CA-2012-166975,2012-11-26,2012,11,Stefanie Holloman,South,Furniture,Furnishings,692.47,11,0.20,190.43
CA-2012-101910,2012-11-27,2012,11,Carlos Daly,West,Furniture,Chairs,283.92,5,0.20,17.75
CA-2012-125234,2012-11-27,2012,11,Steve Nguyen,West,Technology,Accessories,107.97,3,0.00,22.67
CA-2012-125234,2012-11-27,2012,11,Steve Nguyen,West,Office Supplies,Paper,113.82,3,0.00,53.50
CA-2012-130974,2012-11-27,2012,11,Matt Abelman,East,Office Supplies,Paper,40.08,6,0.00,19.24
CA-2012-130974,2012-11-27,2012,11,Matt Abelman,East,Office Supplies,Paper,59.94,3,0.00,28.17
CA-2012-130974,2012-11-27,2012,11,Matt Abelman,East,Technology,Accessories,259.98,2,0.00,88.39
CA-2012-130974,2012-11-27,2012,11,Matt Abelman,East,Furniture,Bookcases,170.98,1,0.00,32.49
CA-2012-130974,2012-11-27,2012,11,Matt Abelman,East,Furniture,Furnishings,38.97,3,0.00,4.68
CA-2012-130974,2012-11-27,2012,11,Matt Abelman,East,Office Supplies,Paper,154.90,5,0.00,69.71
CA-2012-130974,2012-11-27,2012,11,Matt Abelman,East,Furniture,Tables,446.07,4,0.30,0.00
CA-2012-145184,2012-11-27,2012,11,Justin Deggeller,East,Technology,Phones,83.97,3,0.00,23.51
CA-2012-145184,2012-11-27,2012,11,Justin Deggeller,East,Technology,Accessories,104.97,3,0.00,7.35
CA-2012-160059,2012-11-27,2012,11,Thomas Brumley,South,Office Supplies,Binders,6.24,2,0.00,3.06
CA-2012-163762,2012-11-27,2012,11,Jeremy Ellison,East,Office Supplies,Art,29.79,3,0.00,12.51
US-2012-154389,2012-11-27,2012,11,Eugene Hildebrand,East,Technology,Phones,748.75,8,0.40,-162.23
US-2012-168935,2012-11-27,2012,11,Denny Ordway,South,Furniture,Tables,375.46,3,0.45,-157.01
US-2012-168935,2012-11-27,2012,11,Denny Ordway,South,Technology,Accessories,83.98,3,0.20,-1.05
CA-2012-111612,2012-11-28,2012,11,Eugene Barchas,East,Furniture,Furnishings,71.12,5,0.20,9.78
CA-2012-111612,2012-11-28,2012,11,Eugene Barchas,East,Office Supplies,Fasteners,3.01,2,0.20,0.56
CA-2012-136196,2012-11-28,2012,11,Tom Prescott,East,Furniture,Furnishings,322.59,3,0.00,64.52
CA-2012-142930,2012-11-28,2012,11,Evan Bailliet,Central,Office Supplies,Paper,335.52,4,0.20,117.43
CA-2012-157028,2012-11-28,2012,11,Michelle Arnett,West,Office Supplies,Art,8.28,2,0.00,3.48
CA-2012-157133,2012-11-28,2012,11,Lena Creighton,Central,Furniture,Furnishings,151.96,5,0.60,-182.35
CA-2012-161711,2012-11-28,2012,11,Mark Cousins,East,Furniture,Furnishings,68.16,3,0.00,27.95
CA-2012-161711,2012-11-28,2012,11,Mark Cousins,East,Office Supplies,Envelopes,62.24,8,0.00,29.25
CA-2012-164497,2012-11-28,2012,11,Ashley Jarboe,West,Office Supplies,Appliances,45.28,4,0.00,15.40
US-2012-159982,2012-11-28,2012,11,Dan Reichenbach,Central,Furniture,Furnishings,12.13,9,0.60,-8.49
US-2012-159982,2012-11-28,2012,11,Dan Reichenbach,Central,Office Supplies,Storage,82.37,2,0.20,-19.56
US-2012-159982,2012-11-28,2012,11,Dan Reichenbach,Central,Office Supplies,Storage,53.92,5,0.20,4.04
US-2012-159982,2012-11-28,2012,11,Dan Reichenbach,Central,Technology,Phones,647.90,6,0.20,56.69
CA-2012-110016,2012-11-29,2012,11,Bill Tyler,Central,Office Supplies,Paper,19.92,4,0.00,9.36
CA-2012-110016,2012-11-29,2012,11,Bill Tyler,Central,Furniture,Chairs,1106.91,9,0.00,121.76
CA-2012-129112,2012-11-29,2012,11,Anthony Witt,Central,Technology,Accessories,21.48,3,0.20,-0.27
CA-2012-129112,2012-11-29,2012,11,Anthony Witt,Central,Office Supplies,Binders,8.78,4,0.80,-13.62
CA-2012-138009,2012-11-29,2012,11,Sylvia Foulston,Central,Furniture,Chairs,301.96,2,0.00,87.57
CA-2012-138009,2012-11-29,2012,11,Sylvia Foulston,Central,Office Supplies,Appliances,555.21,5,0.10,178.90
CA-2012-138009,2012-11-29,2012,11,Sylvia Foulston,Central,Office Supplies,Storage,523.48,4,0.00,130.87
CA-2012-138009,2012-11-29,2012,11,Sylvia Foulston,Central,Office Supplies,Art,161.82,9,0.00,46.93
CA-2012-144099,2012-11-29,2012,11,Phillina Ober,West,Office Supplies,Binders,4.30,1,0.20,1.56
CA-2012-154340,2012-11-29,2012,11,Eileen Kiefer,West,Office Supplies,Art,56.30,2,0.00,15.76
CA-2012-107685,2012-11-30,2012,11,John Murray,West,Furniture,Furnishings,80.96,4,0.00,29.15
CA-2012-107685,2012-11-30,2012,11,John Murray,West,Office Supplies,Paper,25.92,4,0.00,12.44
CA-2012-122210,2012-11-30,2012,11,William Brown,East,Office Supplies,Binders,152.99,3,0.70,-122.39
CA-2012-122210,2012-11-30,2012,11,William Brown,East,Office Supplies,Fasteners,10.58,7,0.20,-2.38
CA-2012-122210,2012-11-30,2012,11,William Brown,East,Technology,Phones,94.92,4,0.40,15.82
CA-2012-137925,2012-11-30,2012,11,Janet Lee,East,Office Supplies,Paper,23.66,7,0.00,10.88
CA-2012-137925,2012-11-30,2012,11,Janet Lee,East,Furniture,Bookcases,681.41,12,0.20,42.59
CA-2012-140830,2012-11-30,2012,11,Paul Stevenson,South,Office Supplies,Envelopes,17.48,2,0.00,8.22
CA-2012-140830,2012-11-30,2012,11,Paul Stevenson,South,Office Supplies,Envelopes,71.88,2,0.00,32.35
CA-2012-141327,2012-11-30,2012,11,Lena Radford,South,Office Supplies,Binders,6.05,7,0.70,-4.23
CA-2012-141327,2012-11-30,2012,11,Lena Radford,South,Office Supplies,Appliances,98.35,3,0.20,9.84
CA-2012-141327,2012-11-30,2012,11,Lena Radford,South,Furniture,Furnishings,335.74,2,0.20,25.18
CA-2012-156328,2012-11-30,2012,11,Raymond Messe,South,Technology,Phones,177.48,3,0.20,19.97
CA-2012-158323,2012-11-30,2012,11,Ann Blume,South,Furniture,Furnishings,17.09,2,0.20,1.07
US-2012-141453,2012-11-30,2012,11,Deborah Brumfield,Central,Office Supplies,Binders,3.88,3,0.80,-5.82
CA-2012-103723,2012-12-01,2012,12,Beth Thompson,West,Office Supplies,Art,13.90,5,0.00,5.56
CA-2012-110324,2012-12-01,2012,12,Matt Abelman,Central,Office Supplies,Paper,19.44,3,0.00,9.33
CA-2012-110324,2012-12-01,2012,12,Matt Abelman,Central,Office Supplies,Art,3.64,2,0.00,1.02
CA-2012-110324,2012-12-01,2012,12,Matt Abelman,Central,Office Supplies,Paper,18.54,2,0.00,8.71
CA-2012-111038,2012-12-01,2012,12,Lindsay Castell,West,Furniture,Chairs,2676.67,9,0.20,267.67
CA-2012-119907,2012-12-01,2012,12,Logan Currie,West,Office Supplies,Binders,55.42,2,0.20,19.40
CA-2012-137113,2012-12-01,2012,12,Tamara Willingham,West,Furniture,Chairs,2003.92,5,0.20,125.25
CA-2012-137113,2012-12-01,2012,12,Tamara Willingham,West,Office Supplies,Paper,32.40,5,0.00,15.55
CA-2012-137113,2012-12-01,2012,12,Tamara Willingham,West,Furniture,Tables,1913.40,9,0.00,401.81
CA-2012-137113,2012-12-01,2012,12,Tamara Willingham,West,Office Supplies,Storage,146.73,3,0.00,2.93
CA-2012-137113,2012-12-01,2012,12,Tamara Willingham,West,Office Supplies,Paper,114.20,5,0.00,52.53
US-2012-105676,2012-12-01,2012,12,Neoma Murray,Central,Furniture,Furnishings,6.69,4,0.60,-4.01
US-2012-148817,2012-12-01,2012,12,Keith Dawkins,South,Office Supplies,Storage,61.68,4,0.00,16.65
US-2012-148817,2012-12-01,2012,12,Keith Dawkins,South,Office Supplies,Binders,63.96,4,0.00,30.70
CA-2012-110093,2012-12-03,2012,12,Alejandro Ballentine,East,Office Supplies,Paper,16.45,2,0.20,5.55
CA-2012-110093,2012-12-03,2012,12,Alejandro Ballentine,East,Technology,Accessories,36.78,2,0.20,10.58
CA-2012-122756,2012-12-03,2012,12,Dean Katz,East,Technology,Machines,482.34,4,0.70,-337.64
CA-2012-122756,2012-12-03,2012,12,Dean Katz,East,Furniture,Furnishings,2.96,1,0.20,0.78
CA-2012-123092,2012-12-03,2012,12,Jack Garza,South,Furniture,Furnishings,77.95,3,0.20,12.67
CA-2012-123092,2012-12-03,2012,12,Jack Garza,South,Office Supplies,Binders,95.97,5,0.70,-73.58
CA-2012-123092,2012-12-03,2012,12,Jack Garza,South,Technology,Phones,105.58,2,0.20,9.24
CA-2012-123092,2012-12-03,2012,12,Jack Garza,South,Office Supplies,Art,9.34,2,0.20,1.17
CA-2012-142475,2012-12-03,2012,12,Bill Stewart,East,Office Supplies,Binders,590.35,6,0.20,206.62
CA-2012-147851,2012-12-03,2012,12,Mark Packer,East,Office Supplies,Binders,10.75,4,0.20,3.36
CA-2012-156853,2012-12-03,2012,12,Harold Pawlan,East,Office Supplies,Paper,184.66,7,0.00,84.94
US-2012-145422,2012-12-03,2012,12,Pierre Wener,West,Furniture,Bookcases,359.50,3,0.15,-29.61
CA-2012-110247,2012-12-04,2012,12,Ritsa Hightower,South,Office Supplies,Binders,8.23,3,0.70,-6.03
CA-2012-118871,2012-12-04,2012,12,Harry Marie,West,Office Supplies,Envelopes,271.44,3,0.00,122.15
CA-2012-118871,2012-12-04,2012,12,Harry Marie,West,Technology,Phones,110.35,3,0.20,8.28
CA-2012-118871,2012-12-04,2012,12,Harry Marie,West,Furniture,Furnishings,36.40,5,0.00,13.83
CA-2012-119508,2012-12-04,2012,12,Tracy Zic,West,Office Supplies,Art,16.90,5,0.00,6.25
CA-2012-119508,2012-12-04,2012,12,Tracy Zic,West,Furniture,Furnishings,25.08,6,0.00,9.03
CA-2012-130659,2012-12-04,2012,12,Maribeth Schnelling,East,Office Supplies,Envelopes,17.94,3,0.00,8.79
CA-2012-130659,2012-12-04,2012,12,Maribeth Schnelling,East,Furniture,Chairs,384.17,7,0.10,29.88
CA-2012-130659,2012-12-04,2012,12,Maribeth Schnelling,East,Technology,Phones,1799.75,5,0.00,539.93
CA-2012-142377,2012-12-04,2012,12,Michael Stewart,Central,Office Supplies,Paper,85.96,7,0.00,40.40
CA-2012-155600,2012-12-04,2012,12,Rose O'Brian,South,Office Supplies,Binders,1598.06,7,0.70,-1065.37
CA-2012-155600,2012-12-04,2012,12,Rose O'Brian,South,Office Supplies,Art,36.96,4,0.20,12.01
CA-2012-161718,2012-12-04,2012,12,Sean O'Donnell,East,Furniture,Furnishings,28.44,3,0.00,11.38
CA-2012-161718,2012-12-04,2012,12,Sean O'Donnell,East,Furniture,Chairs,364.41,5,0.10,8.10
CA-2012-161718,2012-12-04,2012,12,Sean O'Donnell,East,Technology,Phones,39.96,4,0.00,10.39
CA-2012-161718,2012-12-04,2012,12,Sean O'Donnell,East,Furniture,Chairs,361.76,2,0.10,68.33
CA-2012-101091,2012-12-05,2012,12,Scot Wooten,East,Technology,Accessories,47.98,2,0.20,0.60
CA-2012-101091,2012-12-05,2012,12,Scot Wooten,East,Office Supplies,Binders,26.06,6,0.70,-19.98
CA-2012-110814,2012-12-05,2012,12,Brian Derr,East,Office Supplies,Binders,232.40,5,0.20,78.44
CA-2012-110814,2012-12-05,2012,12,Brian Derr,East,Furniture,Chairs,164.65,3,0.10,12.81
CA-2012-110814,2012-12-05,2012,12,Brian Derr,East,Office Supplies,Paper,22.68,2,0.00,11.11
CA-2012-117898,2012-12-05,2012,12,Tim Brockman,Central,Office Supplies,Envelopes,12.22,2,0.20,4.43
CA-2012-134943,2012-12-05,2012,12,Stephanie Ulpright,Central,Office Supplies,Binders,152.80,5,0.00,76.40
CA-2012-142937,2012-12-05,2012,12,Sandra Flanagan,Central,Office Supplies,Art,45.04,2,0.20,4.50
CA-2012-149566,2012-12-05,2012,12,George Bell,West,Technology,Accessories,39.00,3,0.00,17.55
CA-2012-149566,2012-12-05,2012,12,George Bell,West,Office Supplies,Labels,12.60,4,0.00,6.05
CA-2012-156440,2012-12-05,2012,12,Matt Hagelstein,West,Furniture,Furnishings,44.46,2,0.00,14.67
US-2012-131842,2012-12-05,2012,12,Rick Reed,South,Furniture,Chairs,97.42,2,0.20,10.96
CA-2012-131884,2012-12-06,2012,12,Dennis Kane,East,Technology,Phones,485.94,2,0.40,-89.09
CA-2012-131884,2012-12-06,2012,12,Dennis Kane,East,Office Supplies,Art,37.38,8,0.20,4.67
CA-2012-131884,2012-12-06,2012,12,Dennis Kane,East,Furniture,Chairs,70.69,1,0.30,-24.24
CA-2012-136700,2012-12-06,2012,12,David Bremer,West,Office Supplies,Paper,8.96,2,0.00,4.39
CA-2012-143490,2012-12-06,2012,12,Naresj Patel,West,Office Supplies,Art,120.15,9,0.00,33.64
CA-2012-143490,2012-12-06,2012,12,Naresj Patel,West,Technology,Phones,219.18,2,0.20,19.18
CA-2012-144806,2012-12-06,2012,12,Gary Hwang,West,Furniture,Furnishings,206.11,6,0.20,48.95
CA-2012-144806,2012-12-06,2012,12,Gary Hwang,West,Office Supplies,Paper,19.92,5,0.20,6.72
CA-2012-144806,2012-12-06,2012,12,Gary Hwang,West,Office Supplies,Paper,198.27,8,0.20,61.96
CA-2012-144806,2012-12-06,2012,12,Gary Hwang,West,Office Supplies,Storage,247.10,6,0.20,-58.69
CA-2012-144806,2012-12-06,2012,12,Gary Hwang,West,Office Supplies,Art,86.30,6,0.20,9.71
CA-2012-148628,2012-12-06,2012,12,Katherine Murray,West,Office Supplies,Paper,32.75,5,0.00,15.07
CA-2012-153752,2012-12-06,2012,12,Rose O'Brian,South,Technology,Phones,173.94,6,0.00,50.44
CA-2012-156104,2012-12-06,2012,12,Nora Pelletier,Central,Technology,Copiers,999.98,2,0.00,449.99
CA-2012-166338,2012-12-06,2012,12,Mike Pelletier,East,Office Supplies,Binders,14.83,3,0.70,-10.38
CA-2012-168634,2012-12-06,2012,12,Art Ferguson,West,Office Supplies,Appliances,7.78,2,0.00,2.02
US-2012-114741,2012-12-06,2012,12,Ivan Liston,West,Office Supplies,Paper,6.48,1,0.00,3.11
US-2012-114741,2012-12-06,2012,12,Ivan Liston,West,Office Supplies,Storage,1325.85,5,0.00,238.65
US-2012-114741,2012-12-06,2012,12,Ivan Liston,West,Office Supplies,Labels,14.94,3,0.00,6.87
US-2012-127040,2012-12-06,2012,12,Speros Goranitis,East,Office Supplies,Paper,6.48,1,0.00,3.11
US-2012-127040,2012-12-06,2012,12,Speros Goranitis,East,Office Supplies,Paper,41.86,7,0.00,20.51
US-2012-127040,2012-12-06,2012,12,Speros Goranitis,East,Technology,Accessories,1619.91,9,0.00,97.19
US-2012-127040,2012-12-06,2012,12,Speros Goranitis,East,Furniture,Furnishings,113.92,4,0.00,42.15
US-2012-149692,2012-12-06,2012,12,Katrina Willman,Central,Office Supplies,Binders,2.77,7,0.80,-4.85
CA-2012-130736,2012-12-07,2012,12,Jeremy Farry,West,Office Supplies,Fasteners,3.96,2,0.00,0.00
CA-2012-130736,2012-12-07,2012,12,Jeremy Farry,West,Office Supplies,Labels,2.61,1,0.00,1.20
CA-2012-134894,2012-12-07,2012,12,Darren Koutras,South,Office Supplies,Appliances,152.94,3,0.00,41.29
CA-2012-134894,2012-12-07,2012,12,Darren Koutras,South,Furniture,Chairs,283.92,4,0.00,70.98
CA-2012-135272,2012-12-07,2012,12,Melanie Seite,West,Furniture,Furnishings,79.92,4,0.00,28.77
CA-2012-165050,2012-12-07,2012,12,Alan Hwang,East,Office Supplies,Binders,21.36,5,0.20,7.21
CA-2012-165050,2012-12-07,2012,12,Alan Hwang,East,Office Supplies,Binders,6.69,2,0.20,2.34
CA-2012-165050,2012-12-07,2012,12,Alan Hwang,East,Technology,Phones,773.94,6,0.00,224.44
US-2012-120957,2012-12-07,2012,12,Kristen Hastings,West,Office Supplies,Paper,12.96,2,0.00,6.22
CA-2012-103205,2012-12-08,2012,12,Joel Jenkins,Central,Technology,Phones,119.96,5,0.20,12.00
CA-2012-129532,2012-12-08,2012,12,Yana Sorensen,West,Office Supplies,Storage,221.96,2,0.00,4.44
CA-2012-129532,2012-12-08,2012,12,Yana Sorensen,West,Technology,Accessories,236.00,4,0.00,40.12
CA-2012-135622,2012-12-08,2012,12,Tonja Turnell,Central,Office Supplies,Paper,360.71,11,0.20,130.76
CA-2012-135622,2012-12-08,2012,12,Tonja Turnell,Central,Technology,Phones,1718.40,6,0.20,150.36
CA-2012-156118,2012-12-08,2012,12,Henry Goldwyn,West,Office Supplies,Paper,15.70,3,0.20,5.10
CA-2012-157035,2012-12-09,2012,12,Ken Brennan,Central,Office Supplies,Paper,34.02,3,0.00,16.67
CA-2012-106208,2012-12-10,2012,12,Julia West,Central,Office Supplies,Appliances,53.09,7,0.80,-108.83
CA-2012-112823,2012-12-10,2012,12,Ryan Akin,East,Technology,Accessories,25.49,2,0.20,4.46
CA-2012-115693,2012-12-10,2012,12,Frank Carlisle,West,Office Supplies,Art,56.30,2,0.00,15.76
CA-2012-121650,2012-12-10,2012,12,Keith Dawkins,Central,Office Supplies,Art,3.90,2,0.00,1.52
CA-2012-121650,2012-12-10,2012,12,Keith Dawkins,Central,Furniture,Tables,801.96,2,0.00,200.49
CA-2012-121650,2012-12-10,2012,12,Keith Dawkins,Central,Furniture,Chairs,191.96,2,0.00,32.63
CA-2012-121650,2012-12-10,2012,12,Keith Dawkins,Central,Office Supplies,Labels,2.61,1,0.00,1.20
CA-2012-127502,2012-12-10,2012,12,Meg Tillman,West,Office Supplies,Labels,5.76,2,0.00,2.82
CA-2012-143105,2012-12-10,2012,12,Matt Abelman,East,Office Supplies,Labels,7.31,1,0.00,3.44
CA-2012-143105,2012-12-10,2012,12,Matt Abelman,East,Technology,Copiers,799.98,2,0.20,250.00
CA-2012-143105,2012-12-10,2012,12,Matt Abelman,East,Office Supplies,Paper,41.28,6,0.00,18.99
CA-2012-143105,2012-12-10,2012,12,Matt Abelman,East,Office Supplies,Paper,184.66,7,0.00,84.94
US-2012-138093,2012-12-10,2012,12,Kalyca Meade,East,Office Supplies,Art,27.36,9,0.00,9.30
US-2012-138093,2012-12-10,2012,12,Kalyca Meade,East,Office Supplies,Paper,44.75,5,0.00,20.59
US-2012-138093,2012-12-10,2012,12,Kalyca Meade,East,Technology,Phones,134.99,1,0.00,36.45
US-2012-138093,2012-12-10,2012,12,Kalyca Meade,East,Office Supplies,Paper,26.40,5,0.00,12.67
US-2012-138093,2012-12-10,2012,12,Kalyca Meade,East,Furniture,Chairs,542.94,3,0.00,141.16
US-2012-168732,2012-12-10,2012,12,Khloe Miller,South,Office Supplies,Art,1.78,1,0.00,0.50
US-2012-168732,2012-12-10,2012,12,Khloe Miller,South,Office Supplies,Paper,25.92,4,0.00,12.44
US-2012-168732,2012-12-10,2012,12,Khloe Miller,South,Technology,Accessories,101.94,6,0.00,21.41
CA-2012-104346,2012-12-11,2012,12,Irene Maddox,West,Office Supplies,Art,13.12,5,0.20,1.15
CA-2012-104346,2012-12-11,2012,12,Irene Maddox,West,Furniture,Bookcases,69.58,4,0.70,-143.79
CA-2012-104346,2012-12-11,2012,12,Irene Maddox,West,Office Supplies,Art,4.22,3,0.20,0.48
CA-2012-104346,2012-12-11,2012,12,Irene Maddox,West,Technology,Accessories,58.08,4,0.20,-6.53
CA-2012-104346,2012-12-11,2012,12,Irene Maddox,West,Furniture,Furnishings,52.42,9,0.20,15.07
CA-2012-104346,2012-12-11,2012,12,Irene Maddox,West,Furniture,Furnishings,54.92,5,0.20,10.98
CA-2012-104346,2012-12-11,2012,12,Irene Maddox,West,Furniture,Tables,364.95,5,0.50,-248.17
CA-2012-104346,2012-12-11,2012,12,Irene Maddox,West,Office Supplies,Paper,85.06,3,0.20,28.71
CA-2012-104346,2012-12-11,2012,12,Irene Maddox,West,Office Supplies,Paper,27.70,3,0.20,9.69
CA-2012-106362,2012-12-11,2012,12,Lena Creighton,East,Office Supplies,Binders,10.33,3,0.70,-7.58
CA-2012-134082,2012-12-11,2012,12,Jim Kriz,West,Office Supplies,Binders,110.53,4,0.20,38.68
CA-2012-135853,2012-12-11,2012,12,Cynthia Arntzen,Central,Technology,Accessories,175.23,11,0.00,61.33
CA-2012-135853,2012-12-11,2012,12,Cynthia Arntzen,Central,Technology,Phones,125.99,1,0.00,31.50
CA-2012-135853,2012-12-11,2012,12,Cynthia Arntzen,Central,Office Supplies,Binders,23.00,2,0.00,10.35
CA-2012-150560,2012-12-11,2012,12,Shaun Weien,South,Office Supplies,Labels,196.62,2,0.00,96.34
CA-2012-155761,2012-12-11,2012,12,Stuart Calhoun,Central,Technology,Accessories,159.98,2,0.20,36.00
CA-2012-155761,2012-12-11,2012,12,Stuart Calhoun,Central,Office Supplies,Storage,46.34,3,0.20,4.63
US-2012-120572,2012-12-11,2012,12,Gary Hwang,South,Office Supplies,Binders,12.83,2,0.70,-8.98
CA-2012-110870,2012-12-12,2012,12,Karen Daniels,West,Technology,Accessories,299.94,6,0.00,128.97
CA-2012-110870,2012-12-12,2012,12,Karen Daniels,West,Office Supplies,Supplies,25.76,7,0.00,0.52
CA-2012-127481,2012-12-12,2012,12,Jonathan Doherty,West,Office Supplies,Paper,32.40,5,0.00,15.88
CA-2012-127481,2012-12-12,2012,12,Jonathan Doherty,West,Office Supplies,Paper,97.88,2,0.00,48.94
CA-2012-129042,2012-12-12,2012,12,Eric Murdock,East,Office Supplies,Art,8.22,3,0.00,2.22
CA-2012-134075,2012-12-12,2012,12,Helen Abelman,West,Furniture,Furnishings,166.50,3,0.00,21.65
CA-2012-134075,2012-12-12,2012,12,Helen Abelman,West,Office Supplies,Storage,360.38,2,0.00,93.70
CA-2012-145065,2012-12-12,2012,12,Dennis Kane,West,Office Supplies,Fasteners,7.86,2,0.00,3.62
CA-2012-145065,2012-12-12,2012,12,Dennis Kane,West,Office Supplies,Binders,24.45,2,0.20,8.86
CA-2012-154620,2012-12-12,2012,12,Liz Thompson,West,Furniture,Chairs,348.93,2,0.20,34.89
CA-2012-155586,2012-12-12,2012,12,Xylona Preis,West,Office Supplies,Art,2.21,1,0.00,0.60
CA-2012-155586,2012-12-12,2012,12,Xylona Preis,West,Office Supplies,Envelopes,15.52,4,0.00,7.45
CA-2012-155586,2012-12-12,2012,12,Xylona Preis,West,Office Supplies,Paper,36.44,4,0.00,16.40
US-2012-167220,2012-12-12,2012,12,Joni Blumstein,Central,Technology,Accessories,22.37,4,0.20,6.43
CA-2012-125423,2012-12-13,2012,12,Matt Collins,West,Office Supplies,Labels,9.96,2,0.00,4.58
CA-2012-139962,2012-12-13,2012,12,Dean percer,East,Office Supplies,Paper,19.44,3,0.00,9.33
CA-2012-139962,2012-12-13,2012,12,Dean percer,East,Office Supplies,Binders,37.88,2,0.00,18.94
CA-2012-148250,2012-12-13,2012,12,Rachel Payne,West,Office Supplies,Paper,12.96,2,0.00,6.22
CA-2012-148250,2012-12-13,2012,12,Rachel Payne,West,Office Supplies,Appliances,134.48,4,0.00,34.96
CA-2012-157770,2012-12-13,2012,12,Rob Dowd,West,Technology,Phones,494.38,3,0.20,49.44
CA-2012-157770,2012-12-13,2012,12,Rob Dowd,West,Office Supplies,Binders,29.20,5,0.20,9.86
CA-2012-157770,2012-12-13,2012,12,Rob Dowd,West,Technology,Accessories,248.85,5,0.00,27.37
CA-2012-157770,2012-12-13,2012,12,Rob Dowd,West,Technology,Accessories,36.24,1,0.00,15.22
CA-2012-114048,2012-12-14,2012,12,Eric Hoffmann,West,Furniture,Furnishings,29.22,3,0.00,12.86
CA-2012-119592,2012-12-14,2012,12,Muhammed MacIntyre,South,Office Supplies,Binders,3.76,2,0.00,1.80
CA-2012-123232,2012-12-14,2012,12,Doug Jacobs,West,Technology,Phones,319.97,4,0.20,36.00
CA-2012-125066,2012-12-14,2012,12,Keith Dawkins,South,Furniture,Furnishings,6.16,2,0.00,1.97
CA-2012-125066,2012-12-14,2012,12,Keith Dawkins,South,Office Supplies,Art,56.30,2,0.00,15.76
CA-2012-126347,2012-12-14,2012,12,Ashley Jarboe,West,Technology,Accessories,50.00,2,0.00,10.50
CA-2012-130253,2012-12-14,2012,12,Paul Prost,West,Furniture,Furnishings,15.24,3,0.00,5.18
CA-2012-141593,2012-12-14,2012,12,Darren Budd,West,Office Supplies,Binders,55.26,2,0.20,20.72
CA-2012-141593,2012-12-14,2012,12,Darren Budd,West,Office Supplies,Paper,6.48,1,0.00,3.11
CA-2012-141593,2012-12-14,2012,12,Darren Budd,West,Office Supplies,Binders,34.25,3,0.20,11.56
CA-2012-141593,2012-12-14,2012,12,Darren Budd,West,Furniture,Tables,273.57,2,0.20,10.26
CA-2012-146696,2012-12-14,2012,12,Rick Duston,West,Office Supplies,Binders,8.10,2,0.20,2.73
CA-2012-109638,2012-12-15,2012,12,Joseph Holt,West,Office Supplies,Appliances,103.92,4,0.00,36.37
CA-2012-109638,2012-12-15,2012,12,Joseph Holt,West,Technology,Accessories,899.91,9,0.00,377.96
CA-2012-109638,2012-12-15,2012,12,Joseph Holt,West,Office Supplies,Binders,51.31,3,0.20,18.60
CA-2012-137225,2012-12-15,2012,12,Jim Kriz,East,Office Supplies,Art,3.28,1,0.00,1.41
CA-2012-147830,2012-12-15,2012,12,Natalie Fritzler,East,Technology,Accessories,2025.36,6,0.20,607.61
CA-2012-147830,2012-12-15,2012,12,Natalie Fritzler,East,Technology,Machines,1799.99,2,0.70,-2639.99
CA-2012-147830,2012-12-15,2012,12,Natalie Fritzler,East,Technology,Phones,101.99,2,0.40,-17.00
CA-2012-147830,2012-12-15,2012,12,Natalie Fritzler,East,Furniture,Furnishings,262.86,7,0.20,69.00
CA-2012-150308,2012-12-15,2012,12,Rick Reed,South,Technology,Phones,246.17,3,0.20,21.54
CA-2012-162544,2012-12-16,2012,12,Sandra Glassco,West,Office Supplies,Paper,4.98,1,0.00,2.34
CA-2012-134117,2012-12-17,2012,12,Paul Gonzalez,West,Office Supplies,Art,204.85,5,0.00,53.26
CA-2012-134117,2012-12-17,2012,12,Paul Gonzalez,West,Technology,Phones,135.98,2,0.20,17.00
CA-2012-134117,2012-12-17,2012,12,Paul Gonzalez,West,Office Supplies,Art,16.40,5,0.00,7.05
CA-2012-134117,2012-12-17,2012,12,Paul Gonzalez,West,Office Supplies,Binders,92.96,2,0.20,31.37
US-2012-129637,2012-12-17,2012,12,Mick Crebagga,Central,Office Supplies,Storage,180.02,1,0.20,-15.75
US-2012-129637,2012-12-17,2012,12,Mick Crebagga,Central,Furniture,Furnishings,41.55,2,0.60,-19.74
US-2012-129637,2012-12-17,2012,12,Mick Crebagga,Central,Office Supplies,Art,13.12,5,0.20,1.48
US-2012-138121,2012-12-17,2012,12,John Lee,Central,Office Supplies,Binders,29.52,4,0.00,14.46
US-2012-138121,2012-12-17,2012,12,John Lee,Central,Furniture,Chairs,302.94,3,0.00,48.47
US-2012-138121,2012-12-17,2012,12,John Lee,Central,Furniture,Chairs,142.36,2,0.00,38.44
US-2012-138121,2012-12-17,2012,12,John Lee,Central,Furniture,Chairs,546.66,9,0.00,136.67
US-2012-138121,2012-12-17,2012,12,John Lee,Central,Furniture,Furnishings,212.13,3,0.00,14.85
CA-2012-107468,2012-12-18,2012,12,Michael Kennedy,West,Office Supplies,Art,6.85,2,0.20,0.60
CA-2012-153038,2012-12-18,2012,12,Robert Barroso,South,Office Supplies,Envelopes,55.94,8,0.20,18.88
CA-2012-153038,2012-12-18,2012,12,Robert Barroso,South,Office Supplies,Labels,18.43,8,0.20,5.99
CA-2012-153038,2012-12-18,2012,12,Robert Barroso,South,Furniture,Furnishings,20.32,5,0.20,3.56
US-2012-120131,2012-12-18,2012,12,Liz MacKendrick,East,Office Supplies,Storage,646.78,9,0.20,-145.52
US-2012-137533,2012-12-18,2012,12,Jim Kriz,East,Office Supplies,Paper,20.74,4,0.20,7.26
US-2012-137960,2012-12-18,2012,12,Mitch Webber,East,Technology,Accessories,166.24,1,0.00,24.94
CA-2012-100685,2012-12-19,2012,12,Suzanne McNair,Central,Office Supplies,Binders,7.04,2,0.00,3.31
CA-2012-100685,2012-12-19,2012,12,Suzanne McNair,Central,Office Supplies,Fasteners,5.04,4,0.00,0.20
CA-2012-100685,2012-12-19,2012,12,Suzanne McNair,Central,Office Supplies,Paper,116.28,3,0.00,56.98
CA-2012-109113,2012-12-19,2012,12,Eileen Kiefer,Central,Technology,Accessories,25.49,2,0.20,4.78
CA-2012-115399,2012-12-19,2012,12,Arthur Gainer,East,Office Supplies,Labels,6.91,3,0.20,2.51
CA-2012-127453,2012-12-19,2012,12,Jay Kimmel,East,Office Supplies,Appliances,434.35,3,0.20,43.44
CA-2012-127453,2012-12-19,2012,12,Jay Kimmel,East,Office Supplies,Appliances,3.55,2,0.20,0.44
CA-2012-127453,2012-12-19,2012,12,Jay Kimmel,East,Office Supplies,Appliances,88.83,4,0.20,7.77
CA-2012-157084,2012-12-19,2012,12,James Galang,West,Technology,Phones,675.96,5,0.20,84.50
CA-2012-157084,2012-12-19,2012,12,James Galang,West,Technology,Accessories,1265.85,3,0.00,556.97
US-2012-110261,2012-12-19,2012,12,Patrick Ryan,Central,Technology,Phones,158.38,3,0.20,13.86
US-2012-134558,2012-12-19,2012,12,Peter McVee,East,Office Supplies,Paper,29.90,5,0.00,14.65
US-2012-134558,2012-12-19,2012,12,Peter McVee,East,Technology,Accessories,2249.91,9,0.00,517.48
US-2012-134558,2012-12-19,2012,12,Peter McVee,East,Furniture,Tables,1053.16,4,0.30,-105.32
CA-2012-137071,2012-12-20,2012,12,Emily Ducich,Central,Technology,Accessories,100.80,2,0.20,21.42
CA-2012-141754,2012-12-20,2012,12,Evan Minnotte,South,Office Supplies,Labels,11.70,2,0.20,3.95
CA-2012-154144,2012-12-20,2012,12,Maya Herman,East,Office Supplies,Paper,55.48,1,0.00,26.63
CA-2012-154795,2012-12-20,2012,12,Gary Zandusky,West,Office Supplies,Envelopes,7.92,1,0.20,2.77
CA-2012-154795,2012-12-20,2012,12,Gary Zandusky,West,Furniture,Furnishings,14.37,2,0.20,3.95
CA-2012-158148,2012-12-20,2012,12,John Murray,South,Office Supplies,Appliances,36.27,3,0.00,10.88
CA-2012-158918,2012-12-20,2012,12,Arianne Irving,West,Office Supplies,Paper,17.12,4,0.00,7.70
US-2012-120712,2012-12-20,2012,12,Chad Sievert,Central,Office Supplies,Storage,88.80,4,0.20,-2.22
US-2012-123218,2012-12-20,2012,12,Katherine Ducich,Central,Technology,Phones,159.98,2,0.20,12.00
US-2012-123218,2012-12-20,2012,12,Katherine Ducich,Central,Technology,Accessories,255.97,4,0.20,51.19
US-2012-123218,2012-12-20,2012,12,Katherine Ducich,Central,Furniture,Bookcases,359.06,3,0.30,-71.81
CA-2012-112375,2012-12-21,2012,12,Roger Demir,South,Technology,Accessories,50.88,6,0.20,14.63
CA-2012-112375,2012-12-21,2012,12,Roger Demir,South,Office Supplies,Envelopes,27.31,2,0.20,9.22
CA-2012-127019,2012-12-21,2012,12,Elpida Rittenbach,West,Office Supplies,Appliances,60.98,7,0.20,4.57
CA-2012-154284,2012-12-21,2012,12,Sam Zeldin,Central,Technology,Machines,600.53,2,0.30,137.26
CA-2012-154284,2012-12-21,2012,12,Sam Zeldin,Central,Office Supplies,Art,59.90,2,0.20,14.23
CA-2012-154284,2012-12-21,2012,12,Sam Zeldin,Central,Technology,Accessories,637.44,8,0.20,135.46
CA-2012-154284,2012-12-21,2012,12,Sam Zeldin,Central,Furniture,Furnishings,51.76,3,0.60,-33.64
CA-2012-161795,2012-12-21,2012,12,Adam Hart,East,Office Supplies,Art,3.01,2,0.20,0.34
CA-2012-165414,2012-12-21,2012,12,Lynn Smith,South,Technology,Phones,47.98,3,0.20,4.80
US-2012-126214,2012-12-21,2012,12,John Stevenson,West,Furniture,Tables,1618.37,13,0.00,356.04
US-2012-126214,2012-12-21,2012,12,John Stevenson,West,Technology,Accessories,99.60,1,0.00,36.85
CA-2012-153612,2012-12-22,2012,12,Beth Thompson,Central,Office Supplies,Art,17.12,4,0.00,4.96
CA-2012-157287,2012-12-22,2012,12,Harold Ryan,East,Office Supplies,Storage,33.57,2,0.20,1.68
CA-2012-157287,2012-12-22,2012,12,Harold Ryan,East,Furniture,Chairs,422.63,7,0.30,0.00
CA-2012-117828,2012-12-23,2012,12,Bradley Drucker,South,Office Supplies,Appliances,194.32,4,0.00,56.35
CA-2012-120103,2012-12-24,2012,12,Maribeth Schnelling,West,Office Supplies,Paper,106.23,7,0.20,37.18
CA-2012-120103,2012-12-24,2012,12,Maribeth Schnelling,West,Technology,Phones,111.98,2,0.20,11.20
CA-2012-120103,2012-12-24,2012,12,Maribeth Schnelling,West,Furniture,Furnishings,7.71,2,0.20,1.74
CA-2012-124653,2012-12-24,2012,12,David Bremer,East,Office Supplies,Paper,132.79,7,0.00,63.74
CA-2012-124653,2012-12-24,2012,12,David Bremer,East,Office Supplies,Paper,12.96,2,0.00,6.22
CA-2012-124653,2012-12-24,2012,12,David Bremer,East,Office Supplies,Labels,21.56,7,0.00,10.35
CA-2012-135538,2012-12-24,2012,12,Harold Ryan,West,Furniture,Chairs,883.84,4,0.20,99.43
CA-2012-158456,2012-12-24,2012,12,Kean Takahito,West,Office Supplies,Binders,19.94,4,0.20,7.23
CA-2012-158456,2012-12-24,2012,12,Kean Takahito,West,Office Supplies,Fasteners,45.92,4,0.00,21.58
CA-2012-169397,2012-12-24,2012,12,Joni Blumstein,East,Office Supplies,Fasteners,5.58,2,0.20,1.81
CA-2012-169397,2012-12-24,2012,12,Joni Blumstein,East,Office Supplies,Paper,22.70,6,0.20,8.23
CA-2012-169397,2012-12-24,2012,12,Joni Blumstein,East,Office Supplies,Binders,19.78,4,0.70,-13.84
CA-2012-169397,2012-12-24,2012,12,Joni Blumstein,East,Furniture,Furnishings,72.70,4,0.20,19.08
CA-2012-169397,2012-12-24,2012,12,Joni Blumstein,East,Technology,Machines,479.99,4,0.70,-383.99
CA-2012-169397,2012-12-24,2012,12,Joni Blumstein,East,Office Supplies,Art,27.17,2,0.20,2.72
US-2012-103471,2012-12-24,2012,12,Jim Radford,West,Furniture,Bookcases,590.06,7,0.70,-786.74
US-2012-103471,2012-12-24,2012,12,Jim Radford,West,Office Supplies,Art,14.04,3,0.20,1.58
US-2012-128587,2012-12-24,2012,12,Harry Marie,Central,Furniture,Furnishings,9.68,2,0.00,3.78
US-2012-128587,2012-12-24,2012,12,Harry Marie,Central,Technology,Copiers,4899.93,7,0.00,2302.97
CA-2012-111780,2012-12-25,2012,12,Ralph Arnett,West,Technology,Copiers,1199.96,5,0.20,224.99
CA-2012-111780,2012-12-25,2012,12,Ralph Arnett,West,Office Supplies,Paper,12.60,3,0.00,6.17
CA-2012-111780,2012-12-25,2012,12,Ralph Arnett,West,Office Supplies,Paper,17.94,3,0.00,8.07
CA-2012-113152,2012-12-25,2012,12,Jim Karlsson,East,Technology,Accessories,843.90,2,0.00,371.32
CA-2012-113152,2012-12-25,2012,12,Jim Karlsson,East,Furniture,Bookcases,449.57,2,0.20,56.20
CA-2012-143980,2012-12-25,2012,12,Jim Kriz,East,Office Supplies,Appliances,414.96,2,0.00,124.49
CA-2012-144288,2012-12-25,2012,12,Maria Bertelson,South,Office Supplies,Labels,9.22,4,0.20,3.34
CA-2012-144288,2012-12-25,2012,12,Maria Bertelson,South,Office Supplies,Paper,10.37,2,0.20,3.63
CA-2012-144890,2012-12-25,2012,12,Sean Miller,West,Office Supplies,Paper,9.96,2,0.00,4.88
CA-2012-153717,2012-12-25,2012,12,Dionis Lloyd,Central,Technology,Phones,73.98,2,0.00,19.97
CA-2012-153717,2012-12-25,2012,12,Dionis Lloyd,Central,Furniture,Bookcases,160.98,1,0.00,20.93
CA-2012-153717,2012-12-25,2012,12,Dionis Lloyd,Central,Office Supplies,Paper,17.34,3,0.00,8.50
CA-2012-153717,2012-12-25,2012,12,Dionis Lloyd,Central,Office Supplies,Art,3.28,1,0.00,0.95
US-2012-136749,2012-12-25,2012,12,Lena Hernandez,South,Furniture,Furnishings,275.88,6,0.00,46.90
US-2012-136749,2012-12-25,2012,12,Lena Hernandez,South,Office Supplies,Binders,157.90,5,0.00,74.21
US-2012-147739,2012-12-25,2012,12,Justin Deggeller,East,Furniture,Furnishings,547.14,4,0.20,-68.39
CA-2012-111073,2012-12-26,2012,12,Mick Crebagga,East,Furniture,Tables,51.59,1,0.40,-15.48
CA-2012-119550,2012-12-26,2012,12,Roger Barcio,Central,Furniture,Chairs,275.06,3,0.30,-90.38
CA-2012-124933,2012-12-26,2012,12,David Flashing,East,Office Supplies,Paper,212.64,6,0.00,99.94
CA-2012-158792,2012-12-26,2012,12,Brian Dahlen,East,Office Supplies,Fasteners,22.20,5,0.00,10.43
CA-2012-101889,2012-12-27,2012,12,David Bremer,East,Furniture,Tables,1548.99,9,0.40,-464.70
CA-2012-101889,2012-12-27,2012,12,David Bremer,East,Office Supplies,Envelopes,19.87,3,0.20,6.71
CA-2012-103870,2012-12-27,2012,12,Sung Pak,South,Technology,Accessories,4.73,3,0.20,0.71
CA-2012-103870,2012-12-27,2012,12,Sung Pak,South,Furniture,Furnishings,53.35,3,0.20,16.01
CA-2012-103870,2012-12-27,2012,12,Sung Pak,South,Furniture,Bookcases,131.10,2,0.20,8.19
CA-2012-103870,2012-12-27,2012,12,Sung Pak,South,Office Supplies,Storage,22.51,3,0.20,2.25
CA-2012-103870,2012-12-27,2012,12,Sung Pak,South,Technology,Accessories,72.74,7,0.20,-12.73
CA-2012-117415,2012-12-27,2012,12,Steve Nguyen,Central,Office Supplies,Envelopes,113.33,9,0.20,35.42
CA-2012-117415,2012-12-27,2012,12,Steve Nguyen,Central,Furniture,Bookcases,532.40,3,0.32,-46.98
CA-2012-117415,2012-12-27,2012,12,Steve Nguyen,Central,Furniture,Chairs,212.06,3,0.30,-15.15
CA-2012-117415,2012-12-27,2012,12,Steve Nguyen,Central,Technology,Phones,371.17,4,0.20,41.76
CA-2012-130113,2012-12-27,2012,12,Aaron Hawkins,West,Office Supplies,Storage,323.10,2,0.00,61.39
CA-2012-130113,2012-12-27,2012,12,Aaron Hawkins,West,Technology,Phones,668.16,9,0.20,75.17
CA-2012-134782,2012-12-27,2012,12,Maribeth Dona,South,Office Supplies,Envelopes,105.42,2,0.00,51.66
CA-2012-148376,2012-12-27,2012,12,Arthur Gainer,West,Office Supplies,Appliances,106.96,2,0.00,31.02
CA-2012-148376,2012-12-27,2012,12,Arthur Gainer,West,Office Supplies,Labels,21.56,7,0.00,10.35
CA-2012-151589,2012-12-27,2012,12,Richard Eichhorn,Central,Office Supplies,Paper,195.64,4,0.00,91.95
CA-2012-151589,2012-12-27,2012,12,Richard Eichhorn,Central,Technology,Phones,239.90,2,0.00,71.97
CA-2012-155145,2012-12-27,2012,12,Kean Nguyen,West,Technology,Accessories,7.92,8,0.00,3.48
CA-2012-165085,2012-12-27,2012,12,Brad Thomas,East,Office Supplies,Paper,28.90,5,0.00,14.16
CA-2012-165085,2012-12-27,2012,12,Brad Thomas,East,Office Supplies,Appliances,355.96,2,0.00,103.23
US-2012-163783,2012-12-27,2012,12,Daniel Raglin,Central,Office Supplies,Storage,12.67,3,0.20,-3.17
CA-2012-119697,2012-12-28,2012,12,Eric Murdock,East,Technology,Accessories,54.38,2,0.20,1.36
CA-2012-148859,2012-12-28,2012,12,Fred Harton,Central,Office Supplies,Storage,24.82,2,0.20,1.55
CA-2012-130855,2012-12-29,2012,12,Roy Französisch,East,Office Supplies,Supplies,6.36,2,0.00,0.06
CA-2012-135580,2012-12-30,2012,12,Clay Ludtke,West,Office Supplies,Paper,68.52,3,0.00,31.52
CA-2012-135580,2012-12-30,2012,12,Clay Ludtke,West,Office Supplies,Storage,74.94,3,0.00,14.24
CA-2012-135580,2012-12-30,2012,12,Clay Ludtke,West,Technology,Machines,2548.56,6,0.20,286.71
CA-2012-135580,2012-12-30,2012,12,Clay Ludtke,West,Office Supplies,Envelopes,271.44,3,0.00,122.15
CA-2012-135580,2012-12-30,2012,12,Clay Ludtke,West,Technology,Phones,287.88,3,0.20,35.99
CA-2012-109197,2012-12-31,2012,12,Jas O'Carroll,West,Office Supplies,Binders,487.98,2,0.20,152.50
CA-2012-109470,2012-12-31,2012,12,Karen Carlisle,South,Office Supplies,Binders,94.74,3,0.00,44.53
CA-2012-109470,2012-12-31,2012,12,Karen Carlisle,South,Office Supplies,Binders,60.64,4,0.00,27.89
CA-2012-109470,2012-12-31,2012,12,Karen Carlisle,South,Office Supplies,Binders,76.30,5,0.00,38.15
CA-2012-109470,2012-12-31,2012,12,Karen Carlisle,South,Office Supplies,Binders,364.80,12,0.00,167.81
CA-2012-120901,2012-12-31,2012,12,Barry Gonzalez,Central,Office Supplies,Storage,152.69,2,0.20,-26.72
CA-2012-120901,2012-12-31,2012,12,Barry Gonzalez,Central,Office Supplies,Fasteners,3.49,2,0.20,0.57
CA-2012-120901,2012-12-31,2012,12,Barry Gonzalez,Central,Office Supplies,Supplies,5.89,2,0.20,-1.32
CA-2012-139780,2012-12-31,2012,12,Anna Häberlin,Central,Office Supplies,Binders,116.40,8,0.00,52.38
CA-2012-156377,2012-12-31,2012,12,Trudy Brown,Central,Furniture,Furnishings,14.76,5,0.60,-11.44
CA-2012-156377,2012-12-31,2012,12,Trudy Brown,Central,Office Supplies,Binders,3.66,4,0.80,-5.85
CA-2013-160304,2013-01-02,2013,1,Brendan Murry,East,Furniture,Bookcases,173.94,3,0.00,38.27
CA-2013-160304,2013-01-02,2013,1,Brendan Murry,East,Technology,Phones,231.98,2,0.00,67.27
CA-2013-105207,2013-01-03,2013,1,Bill Overfelt,Central,Furniture,Tables,1592.85,7,0.00,350.43
CA-2013-105207,2013-01-03,2013,1,Bill Overfelt,Central,Office Supplies,Binders,11.88,2,0.00,5.35
CA-2013-125206,2013-01-03,2013,1,Lena Radford,West,Office Supplies,Storage,114.46,2,0.00,28.62
US-2013-116365,2013-01-03,2013,1,Christine Abelman,Central,Technology,Accessories,30.08,2,0.20,-5.26
US-2013-116365,2013-01-03,2013,1,Christine Abelman,Central,Technology,Accessories,165.60,3,0.20,-6.21
US-2013-116365,2013-01-03,2013,1,Christine Abelman,Central,Technology,Phones,180.96,5,0.20,13.57
CA-2013-158211,2013-01-04,2013,1,Ben Peterman,East,Office Supplies,Art,4.67,1,0.20,0.58
CA-2013-158211,2013-01-04,2013,1,Ben Peterman,East,Office Supplies,Binders,104.58,6,0.70,-80.18
US-2013-164630,2013-01-04,2013,1,Erica Bern,South,Technology,Copiers,959.97,4,0.20,120.00
CA-2013-134474,2013-01-05,2013,1,Anthony Johnson,South,Technology,Accessories,191.47,6,0.20,40.69
CA-2013-134474,2013-01-05,2013,1,Anthony Johnson,South,Office Supplies,Art,5.25,2,0.20,0.59
CA-2013-134474,2013-01-05,2013,1,Anthony Johnson,South,Technology,Phones,59.18,2,0.20,5.18
CA-2013-101938,2013-01-07,2013,1,Dianna Wilson,West,Office Supplies,Art,34.58,1,0.00,10.03
CA-2013-158806,2013-01-07,2013,1,Neoma Murray,Central,Furniture,Furnishings,23.08,3,0.60,-10.96
CA-2013-158806,2013-01-07,2013,1,Neoma Murray,Central,Office Supplies,Paper,25.92,5,0.20,9.07
US-2013-100461,2013-01-08,2013,1,Jack O'Briant,Central,Furniture,Bookcases,1565.88,6,0.00,407.13
US-2013-100461,2013-01-08,2013,1,Jack O'Briant,Central,Office Supplies,Binders,106.05,7,0.00,49.84
US-2013-137295,2013-01-08,2013,1,Vivek Sundaresam,South,Office Supplies,Binders,30.83,7,0.70,-24.66
US-2013-137295,2013-01-08,2013,1,Vivek Sundaresam,South,Office Supplies,Art,47.62,3,0.20,5.95
US-2013-137295,2013-01-08,2013,1,Vivek Sundaresam,South,Technology,Phones,108.78,2,0.20,10.88
CA-2013-108882,2013-01-09,2013,1,Laura Armstrong,West,Technology,Accessories,349.95,5,0.00,118.98
CA-2013-108882,2013-01-09,2013,1,Laura Armstrong,West,Technology,Phones,377.93,9,0.20,141.72
CA-2013-126543,2013-01-09,2013,1,Maureen Fritzler,East,Furniture,Furnishings,15.17,2,0.20,3.79
CA-2013-116547,2013-01-10,2013,1,Ken Black,West,Furniture,Furnishings,79.92,4,0.00,34.37
CA-2013-116547,2013-01-10,2013,1,Ken Black,West,Technology,Accessories,69.98,2,0.00,13.30
CA-2013-163937,2013-01-10,2013,1,Joy Bell-,West,Furniture,Furnishings,24.85,5,0.00,7.70
CA-2013-126529,2013-01-11,2013,1,Deanra Eno,East,Office Supplies,Paper,15.55,3,0.20,5.44
CA-2013-126529,2013-01-11,2013,1,Deanra Eno,East,Office Supplies,Paper,63.31,3,0.20,20.58
CA-2013-126529,2013-01-11,2013,1,Deanra Eno,East,Technology,Phones,15.59,2,0.40,-9.87
CA-2013-141887,2013-01-11,2013,1,Mark Packer,East,Furniture,Furnishings,54.99,14,0.20,8.94
CA-2013-133368,2013-01-14,2013,1,Anna Gayman,South,Office Supplies,Paper,89.57,2,0.20,32.47
CA-2013-133368,2013-01-14,2013,1,Anna Gayman,South,Furniture,Furnishings,315.78,8,0.20,31.58
CA-2013-137848,2013-01-15,2013,1,William Brown,East,Office Supplies,Envelopes,16.52,4,0.00,7.60
CA-2013-137848,2013-01-15,2013,1,William Brown,East,Office Supplies,Paper,60.12,9,0.00,28.86
CA-2013-137848,2013-01-15,2013,1,William Brown,East,Office Supplies,Binders,49.54,3,0.20,17.34
CA-2013-140746,2013-01-15,2013,1,Roy Collins,East,Furniture,Tables,181.80,1,0.30,-15.58
CA-2013-152072,2013-01-15,2013,1,Dean percer,East,Office Supplies,Envelopes,52.34,2,0.00,24.60
CA-2013-152072,2013-01-15,2013,1,Dean percer,East,Office Supplies,Art,4.66,2,0.00,1.35
CA-2013-152072,2013-01-15,2013,1,Dean percer,East,Technology,Accessories,254.97,3,0.00,91.79
CA-2013-166912,2013-01-15,2013,1,Bill Eplett,East,Office Supplies,Paper,81.98,2,0.00,40.17
CA-2013-121755,2013-01-16,2013,1,Eric Hoffmann,West,Office Supplies,Binders,11.65,2,0.20,4.22
CA-2013-121755,2013-01-16,2013,1,Eric Hoffmann,West,Technology,Accessories,90.57,3,0.00,11.77
CA-2013-106558,2013-01-17,2013,1,Dionis Lloyd,South,Technology,Accessories,316.00,4,0.00,31.60
CA-2013-116736,2013-01-17,2013,1,Chuck Clark,East,Furniture,Furnishings,322.59,3,0.00,64.52
CA-2013-116736,2013-01-17,2013,1,Chuck Clark,East,Technology,Accessories,29.99,1,0.00,13.20
CA-2013-116736,2013-01-17,2013,1,Chuck Clark,East,Technology,Accessories,371.97,3,0.00,66.95
US-2013-167339,2013-01-21,2013,1,Tamara Dahlen,West,Furniture,Chairs,153.57,2,0.20,-5.76
US-2013-167339,2013-01-21,2013,1,Tamara Dahlen,West,Furniture,Chairs,1013.49,7,0.20,76.01
CA-2013-111010,2013-01-22,2013,1,Paul Gonzalez,East,Office Supplies,Fasteners,7.56,6,0.00,0.30
CA-2013-125850,2013-01-22,2013,1,Frank Preis,West,Office Supplies,Labels,44.40,3,0.00,22.20
CA-2013-125850,2013-01-22,2013,1,Frank Preis,West,Office Supplies,Labels,20.65,5,0.00,9.50
CA-2013-138079,2013-01-22,2013,1,Anthony Johnson,West,Furniture,Furnishings,109.90,5,0.00,37.37
CA-2013-146318,2013-01-22,2013,1,Marc Crier,West,Office Supplies,Paper,12.96,2,0.00,6.22
CA-2013-148208,2013-01-22,2013,1,Bradley Talbott,East,Technology,Phones,110.38,4,0.40,-20.24
CA-2013-148208,2013-01-22,2013,1,Bradley Talbott,East,Technology,Accessories,55.18,3,0.20,15.86
US-2013-135923,2013-01-22,2013,1,Carlos Meador,South,Furniture,Furnishings,14.27,8,0.20,4.28
US-2013-135923,2013-01-22,2013,1,Carlos Meador,South,Furniture,Bookcases,451.14,4,0.20,-67.67
US-2013-135923,2013-01-22,2013,1,Carlos Meador,South,Office Supplies,Appliances,64.86,4,0.20,6.49
US-2013-155180,2013-01-22,2013,1,Toby Braunhardt,East,Office Supplies,Binders,26.34,4,0.20,9.22
CA-2013-113656,2013-01-23,2013,1,Christy Brittain,West,Furniture,Furnishings,59.99,7,0.00,21.60
US-2013-165505,2013-01-23,2013,1,Claudia Bergmann,East,Technology,Accessories,99.98,2,0.00,42.99
US-2013-165505,2013-01-23,2013,1,Claudia Bergmann,East,Office Supplies,Art,8.04,6,0.00,2.73
US-2013-165505,2013-01-23,2013,1,Claudia Bergmann,East,Office Supplies,Storage,1564.29,13,0.00,406.72
CA-2013-109407,2013-01-24,2013,1,Henry Goldwyn,South,Office Supplies,Binders,31.36,4,0.00,15.68
CA-2013-153346,2013-01-25,2013,1,Todd Boyes,East,Office Supplies,Art,9.21,3,0.00,2.30
CA-2013-153346,2013-01-25,2013,1,Todd Boyes,East,Office Supplies,Paper,18.00,5,0.00,8.28
CA-2013-168046,2013-01-25,2013,1,Jonathan Doherty,East,Office Supplies,Binders,43.12,5,0.20,15.09
CA-2013-168046,2013-01-25,2013,1,Jonathan Doherty,East,Furniture,Tables,313.72,3,0.40,-99.35
CA-2013-168046,2013-01-25,2013,1,Jonathan Doherty,East,Furniture,Furnishings,45.98,1,0.00,7.82
CA-2013-168046,2013-01-25,2013,1,Jonathan Doherty,East,Office Supplies,Storage,428.68,7,0.00,0.00
CA-2013-146437,2013-01-28,2013,1,Henry Goldwyn,West,Office Supplies,Art,39.68,2,0.00,10.32
CA-2013-114944,2013-01-30,2013,1,Harold Engle,Central,Office Supplies,Paper,156.51,4,0.20,52.82
CA-2013-153661,2013-01-30,2013,1,Steven Cartwright,West,Office Supplies,Storage,305.01,9,0.00,76.25
CA-2013-153661,2013-01-30,2013,1,Steven Cartwright,West,Office Supplies,Binders,50.78,2,0.20,17.77
CA-2013-153661,2013-01-30,2013,1,Steven Cartwright,West,Office Supplies,Labels,26.01,9,0.00,12.22
CA-2013-164483,2013-01-30,2013,1,Jeremy Farry,West,Office Supplies,Binders,17.46,2,0.20,5.89
CA-2013-168032,2013-01-30,2013,1,David Flashing,Central,Technology,Phones,1439.97,4,0.20,144.00
CA-2013-168032,2013-01-30,2013,1,David Flashing,Central,Office Supplies,Binders,1.73,3,0.80,-2.68
CA-2013-168032,2013-01-30,2013,1,David Flashing,Central,Furniture,Tables,626.10,3,0.50,-538.45
US-2013-166660,2013-01-30,2013,1,Tim Brockman,West,Furniture,Chairs,435.17,4,0.20,-59.84
US-2013-166660,2013-01-30,2013,1,Tim Brockman,West,Furniture,Bookcases,48.58,1,0.00,7.77
CA-2013-129238,2013-01-31,2013,1,Sample Company A,West,Technology,Phones,109.59,1,0.20,8.22
CA-2013-129238,2013-01-31,2013,1,Sample Company A,West,Office Supplies,Paper,56.70,5,0.00,27.78
CA-2013-147970,2013-01-31,2013,1,Aimee Bixby,Central,Office Supplies,Paper,15.55,3,0.20,5.44
CA-2013-158043,2013-01-31,2013,1,Jason Klamczynski,East,Office Supplies,Envelopes,23.36,2,0.00,11.68
CA-2013-159891,2013-01-31,2013,1,Ben Ferrer,South,Office Supplies,Binders,1270.99,1,0.00,635.50
CA-2013-159891,2013-01-31,2013,1,Ben Ferrer,South,Office Supplies,Envelopes,125.36,8,0.00,58.92
CA-2013-154067,2013-02-01,2013,2,Suzanne McNair,West,Office Supplies,Paper,105.52,4,0.00,48.54
US-2013-140809,2013-02-01,2013,2,Cyma Kinney,South,Office Supplies,Storage,56.45,5,0.00,14.68
CA-2013-144645,2013-02-02,2013,2,Noel Staavos,Central,Furniture,Furnishings,73.78,2,0.60,-77.47
CA-2013-147431,2013-02-02,2013,2,Adrian Barton,East,Office Supplies,Storage,117.96,2,0.00,5.90
CA-2013-158841,2013-02-02,2013,2,Sanjit Engle,South,Technology,Machines,8749.95,5,0.00,2799.98
CA-2013-158841,2013-02-02,2013,2,Sanjit Engle,South,Office Supplies,Binders,36.40,8,0.00,18.20
CA-2013-158841,2013-02-02,2013,2,Sanjit Engle,South,Furniture,Furnishings,18.69,7,0.00,7.10
CA-2013-118514,2013-02-03,2013,2,Liz Carlisle,South,Furniture,Chairs,866.40,4,0.00,225.26
CA-2013-101189,2013-02-04,2013,2,Jennifer Braxton,West,Office Supplies,Storage,93.02,2,0.00,3.72
CA-2013-117912,2013-02-04,2013,2,Tracy Blumstein,West,Furniture,Furnishings,14.37,2,0.20,3.95
CA-2013-150077,2013-02-04,2013,2,Maribeth Schnelling,East,Technology,Phones,90.48,2,0.00,23.52
CA-2013-100993,2013-02-05,2013,2,Annie Zypern,West,Office Supplies,Labels,14.73,3,0.00,7.22
CA-2013-100993,2013-02-05,2013,2,Annie Zypern,West,Office Supplies,Storage,186.54,3,0.00,50.37
CA-2013-100993,2013-02-05,2013,2,Annie Zypern,West,Furniture,Tables,557.73,4,0.20,6.97
CA-2013-100993,2013-02-05,2013,2,Annie Zypern,West,Technology,Phones,159.97,4,0.20,-31.99
US-2013-108504,2013-02-05,2013,2,Paul Prost,South,Office Supplies,Storage,80.98,1,0.00,1.62
US-2013-108504,2013-02-05,2013,2,Paul Prost,South,Office Supplies,Paper,348.84,9,0.00,170.93
US-2013-108504,2013-02-05,2013,2,Paul Prost,South,Office Supplies,Fasteners,9.45,5,0.00,0.19
US-2013-108504,2013-02-05,2013,2,Paul Prost,South,Furniture,Furnishings,18.84,3,0.00,7.16
US-2013-108504,2013-02-05,2013,2,Paul Prost,South,Furniture,Bookcases,239.98,2,0.00,52.80
US-2013-108504,2013-02-05,2013,2,Paul Prost,South,Office Supplies,Envelopes,167.96,2,0.00,78.94
US-2013-108504,2013-02-05,2013,2,Paul Prost,South,Technology,Phones,104.85,3,0.00,28.31
US-2013-108504,2013-02-05,2013,2,Paul Prost,South,Technology,Phones,484.83,3,0.00,126.06
US-2013-108504,2013-02-05,2013,2,Paul Prost,South,Office Supplies,Paper,122.97,3,0.00,60.26
US-2013-108504,2013-02-05,2013,2,Paul Prost,South,Office Supplies,Storage,154.44,3,0.00,1.54
US-2013-108504,2013-02-05,2013,2,Paul Prost,South,Office Supplies,Paper,342.37,7,0.00,160.91
CA-2013-125017,2013-02-06,2013,2,Karen Bern,South,Furniture,Furnishings,132.22,4,0.20,-18.18
CA-2013-106894,2013-02-07,2013,2,Christina Anderson,South,Technology,Accessories,100.00,4,0.00,21.00
CA-2013-106894,2013-02-07,2013,2,Christina Anderson,South,Office Supplies,Labels,7.83,3,0.00,3.60
CA-2013-135461,2013-02-07,2013,2,Erica Bern,West,Technology,Phones,623.96,5,0.20,39.00
CA-2013-161662,2013-02-07,2013,2,Bobby Elias,East,Office Supplies,Paper,30.35,2,0.20,10.62
CA-2013-109344,2013-02-08,2013,2,Cathy Hwang,South,Technology,Phones,1127.98,3,0.20,126.90
CA-2013-163048,2013-02-08,2013,2,Mark Haberlin,Central,Furniture,Chairs,241.50,4,0.30,0.00
US-2013-112396,2013-02-09,2013,2,Justin Ritter,West,Technology,Accessories,89.97,3,0.00,39.59
US-2013-112396,2013-02-09,2013,2,Justin Ritter,West,Technology,Accessories,31.86,2,0.00,11.15
CA-2013-164938,2013-02-11,2013,2,Phillip Breyer,Central,Technology,Phones,69.93,7,0.00,0.70
CA-2013-110492,2013-02-12,2013,2,John Stevenson,South,Office Supplies,Storage,1350.12,6,0.00,175.52
CA-2013-110492,2013-02-12,2013,2,John Stevenson,South,Office Supplies,Binders,15.92,4,0.00,7.48
CA-2013-112942,2013-02-13,2013,2,Ross DeVincentis,West,Office Supplies,Paper,146.82,3,0.00,73.41
CA-2013-134334,2013-02-14,2013,2,Dave Kipp,East,Office Supplies,Paper,4.77,1,0.00,2.15
CA-2013-134334,2013-02-14,2013,2,Dave Kipp,East,Office Supplies,Art,7.98,3,0.00,2.07
CA-2013-134334,2013-02-14,2013,2,Dave Kipp,East,Furniture,Tables,550.43,3,0.30,-47.18
CA-2013-134334,2013-02-14,2013,2,Dave Kipp,East,Furniture,Furnishings,10.56,6,0.00,4.65
CA-2013-146150,2013-02-14,2013,2,Fred McMath,South,Office Supplies,Art,264.18,7,0.00,68.69
US-2013-162859,2013-02-15,2013,2,Patrick Gardner,East,Office Supplies,Binders,398.35,3,0.20,124.49
US-2013-162859,2013-02-15,2013,2,Patrick Gardner,East,Office Supplies,Fasteners,8.72,4,0.00,3.58
CA-2013-105781,2013-02-16,2013,2,Jill Fjeld,East,Furniture,Chairs,326.65,3,0.10,39.92
CA-2013-105781,2013-02-16,2013,2,Jill Fjeld,East,Technology,Accessories,89.97,3,0.00,39.59
CA-2013-108105,2013-02-16,2013,2,Giulietta Weimer,South,Furniture,Furnishings,318.08,4,0.00,34.99
CA-2013-108105,2013-02-16,2013,2,Giulietta Weimer,South,Office Supplies,Binders,5.80,1,0.00,2.61
CA-2013-134138,2013-02-16,2013,2,John Dryer,East,Furniture,Chairs,227.96,2,0.00,36.47
CA-2013-168956,2013-02-16,2013,2,Erin Ashbrook,Central,Office Supplies,Appliances,92.06,6,0.80,-225.56
CA-2013-168956,2013-02-16,2013,2,Erin Ashbrook,Central,Office Supplies,Fasteners,6.98,4,0.20,1.83
CA-2013-168956,2013-02-16,2013,2,Erin Ashbrook,Central,Furniture,Chairs,62.96,3,0.30,-2.70
CA-2013-168956,2013-02-16,2013,2,Erin Ashbrook,Central,Office Supplies,Paper,5.18,1,0.20,1.81
CA-2013-101630,2013-02-19,2013,2,Cyma Kinney,East,Office Supplies,Labels,8.67,3,0.00,4.07
CA-2013-101630,2013-02-19,2013,2,Cyma Kinney,East,Office Supplies,Supplies,25.71,3,0.00,6.68
CA-2013-106460,2013-02-19,2013,2,Greg Tran,West,Office Supplies,Paper,70.88,2,0.00,33.31
CA-2013-123274,2013-02-19,2013,2,Greg Tran,East,Furniture,Furnishings,44.46,2,0.00,14.67
CA-2013-123274,2013-02-19,2013,2,Greg Tran,East,Office Supplies,Storage,242.94,3,0.00,9.72
CA-2013-166485,2013-02-20,2013,2,Alan Hwang,South,Office Supplies,Paper,16.50,2,0.20,5.57
CA-2013-121447,2013-02-21,2013,2,Erin Ashbrook,East,Furniture,Furnishings,135.80,7,0.00,66.54
CA-2013-139010,2013-02-21,2013,2,Matthew Clasen,West,Technology,Accessories,12.99,1,0.00,0.78
CA-2013-139010,2013-02-21,2013,2,Matthew Clasen,West,Office Supplies,Binders,18.56,4,0.20,6.50
CA-2013-139010,2013-02-21,2013,2,Matthew Clasen,West,Office Supplies,Storage,449.15,5,0.00,8.98
CA-2013-139010,2013-02-21,2013,2,Matthew Clasen,West,Office Supplies,Binders,31.25,7,0.20,10.94
US-2013-139262,2013-02-21,2013,2,Lindsay Castell,South,Office Supplies,Binders,3.76,3,0.70,-2.76
US-2013-139262,2013-02-21,2013,2,Lindsay Castell,South,Office Supplies,Binders,34.86,2,0.70,-26.73
US-2013-139262,2013-02-21,2013,2,Lindsay Castell,South,Office Supplies,Storage,432.46,3,0.20,32.43
US-2013-168410,2013-02-21,2013,2,Benjamin Venier,East,Furniture,Furnishings,68.95,5,0.00,28.96
US-2013-168410,2013-02-21,2013,2,Benjamin Venier,East,Office Supplies,Storage,296.37,3,0.00,80.02
US-2013-168410,2013-02-21,2013,2,Benjamin Venier,East,Technology,Phones,39.98,2,0.00,2.00
CA-2013-119025,2013-02-22,2013,2,Paul Van Hugh,Central,Office Supplies,Appliances,490.32,9,0.00,137.29
US-2013-143280,2013-02-22,2013,2,Tracy Zic,West,Technology,Phones,445.96,5,0.20,55.75
US-2013-143280,2013-02-22,2013,2,Tracy Zic,West,Technology,Accessories,36.24,1,0.00,15.22
US-2013-143280,2013-02-22,2013,2,Tracy Zic,West,Office Supplies,Fasteners,10.65,3,0.00,5.01
CA-2013-144400,2013-02-23,2013,2,Alyssa Crouse,East,Office Supplies,Envelopes,57.58,3,0.20,21.59
CA-2013-165015,2013-02-25,2013,2,Bruce Degenhardt,East,Office Supplies,Envelopes,46.72,5,0.20,17.52
CA-2013-101448,2013-02-27,2013,2,Eric Barreto,Central,Office Supplies,Binders,56.82,3,0.00,28.41
CA-2013-102456,2013-02-27,2013,2,Dan Lawera,East,Office Supplies,Appliances,170.88,3,0.00,49.56
CA-2013-128706,2013-02-27,2013,2,Don Weiss,Central,Furniture,Furnishings,16.19,2,0.60,-6.88
CA-2013-101623,2013-02-28,2013,2,Rick Reed,East,Office Supplies,Fasteners,36.48,6,0.00,18.24
CA-2013-111283,2013-03-01,2013,3,Lena Cacioppo,East,Office Supplies,Art,111.10,7,0.20,8.33
US-2013-143819,2013-03-02,2013,3,Karen Daniels,East,Furniture,Tables,836.59,8,0.40,-264.92
US-2013-143819,2013-03-02,2013,3,Karen Daniels,East,Office Supplies,Paper,26.38,1,0.00,12.13
US-2013-143819,2013-03-02,2013,3,Karen Daniels,East,Office Supplies,Storage,362.92,2,0.00,105.25
US-2013-143819,2013-03-02,2013,3,Karen Daniels,East,Technology,Machines,4899.93,7,0.00,2400.97
US-2013-151862,2013-03-02,2013,3,Odella Nelson,West,Technology,Phones,159.98,2,0.20,14.00
CA-2013-103982,2013-03-04,2013,3,Alex Avila,Central,Office Supplies,Supplies,3930.07,3,0.20,-786.01
CA-2013-103982,2013-03-04,2013,3,Alex Avila,Central,Office Supplies,Fasteners,2.30,1,0.20,0.78
CA-2013-103982,2013-03-04,2013,3,Alex Avila,Central,Technology,Phones,431.98,3,0.20,32.40
CA-2013-103982,2013-03-04,2013,3,Alex Avila,Central,Technology,Accessories,41.72,7,0.20,5.74
CA-2013-112123,2013-03-04,2013,3,Brosina Hoffman,East,Office Supplies,Binders,447.86,7,0.00,219.45
CA-2013-112123,2013-03-04,2013,3,Brosina Hoffman,East,Technology,Phones,479.95,5,0.00,129.59
CA-2013-112123,2013-03-04,2013,3,Brosina Hoffman,East,Office Supplies,Paper,166.44,3,0.00,79.89
CA-2013-116799,2013-03-04,2013,3,Jason Gross,Central,Office Supplies,Paper,42.78,7,0.20,15.51
CA-2013-116799,2013-03-04,2013,3,Jason Gross,Central,Furniture,Chairs,563.43,5,0.30,-56.34
CA-2013-120005,2013-03-04,2013,3,Theresa Swint,West,Office Supplies,Supplies,25.35,3,0.00,7.61
CA-2013-120005,2013-03-04,2013,3,Theresa Swint,West,Furniture,Furnishings,35.28,3,0.00,12.00
CA-2013-145730,2013-03-04,2013,3,Chris Cortes,Central,Furniture,Tables,637.90,3,0.30,-127.58
CA-2013-145730,2013-03-04,2013,3,Chris Cortes,Central,Technology,Machines,287.91,3,0.40,33.59
CA-2013-145730,2013-03-04,2013,3,Chris Cortes,Central,Office Supplies,Envelopes,36.60,3,0.20,11.90
CA-2013-167759,2013-03-04,2013,3,Craig Carreira,Central,Technology,Phones,134.85,3,0.00,37.76
CA-2013-122518,2013-03-05,2013,3,Randy Ferguson,South,Office Supplies,Labels,10.08,4,0.20,3.53
CA-2013-154053,2013-03-05,2013,3,Michael Granlund,West,Office Supplies,Art,16.99,1,0.00,4.93
CA-2013-158358,2013-03-05,2013,3,Eleni McCrary,East,Technology,Accessories,159.98,2,0.00,57.59
CA-2013-164637,2013-03-05,2013,3,Rick Duston,Central,Office Supplies,Binders,128.40,3,0.00,64.20
CA-2013-165218,2013-03-06,2013,3,Rob Williams,Central,Office Supplies,Envelopes,149.35,3,0.20,50.41
CA-2013-165218,2013-03-06,2013,3,Rob Williams,Central,Office Supplies,Storage,12.99,1,0.20,-0.81
CA-2013-110898,2013-03-07,2013,3,Lena Cacioppo,Central,Office Supplies,Appliances,2.33,3,0.80,-6.30
CA-2013-110898,2013-03-07,2013,3,Lena Cacioppo,Central,Office Supplies,Binders,1.73,4,0.80,-2.76
CA-2013-110898,2013-03-07,2013,3,Lena Cacioppo,Central,Furniture,Furnishings,159.04,5,0.60,-194.82
CA-2013-110898,2013-03-07,2013,3,Lena Cacioppo,Central,Furniture,Tables,145.98,2,0.50,-99.27
US-2013-155173,2013-03-07,2013,3,Julia Barnett,East,Technology,Phones,431.94,2,0.40,-71.99
US-2013-155173,2013-03-07,2013,3,Julia Barnett,East,Office Supplies,Binders,2.04,1,0.70,-1.50
US-2013-155173,2013-03-07,2013,3,Julia Barnett,East,Technology,Phones,68.24,3,0.40,-12.51
US-2013-137547,2013-03-08,2013,3,Ed Braxton,Central,Technology,Phones,21.07,3,0.20,1.58
CA-2013-106306,2013-03-09,2013,3,Patrick Gardner,West,Office Supplies,Binders,9.70,3,0.70,-7.11
CA-2013-111976,2013-03-09,2013,3,Brian DeCherney,East,Technology,Phones,108.58,4,0.40,-25.33
CA-2013-111976,2013-03-09,2013,3,Brian DeCherney,East,Office Supplies,Fasteners,5.98,2,0.20,-1.35
CA-2013-130400,2013-03-09,2013,3,Sanjit Jacobs,Central,Office Supplies,Binders,8.86,9,0.80,-14.17
CA-2013-130400,2013-03-09,2013,3,Sanjit Jacobs,Central,Technology,Accessories,27.96,5,0.20,8.39
CA-2013-130400,2013-03-09,2013,3,Sanjit Jacobs,Central,Office Supplies,Envelopes,146.35,3,0.20,49.39
CA-2013-137337,2013-03-09,2013,3,Giulietta Baptist,East,Furniture,Furnishings,113.60,8,0.00,44.30
CA-2013-137337,2013-03-09,2013,3,Giulietta Baptist,East,Office Supplies,Paper,12.96,2,0.00,6.35
CA-2013-137337,2013-03-09,2013,3,Giulietta Baptist,East,Office Supplies,Binders,69.46,2,0.20,22.57
CA-2013-169103,2013-03-09,2013,3,Zuschuss Carroll,South,Technology,Phones,1363.96,5,0.20,85.25
CA-2013-169103,2013-03-09,2013,3,Zuschuss Carroll,South,Furniture,Furnishings,102.36,3,0.20,-3.84
US-2013-140172,2013-03-09,2013,3,Stephanie Phelps,Central,Office Supplies,Appliances,207.14,3,0.10,48.33
US-2013-140172,2013-03-09,2013,3,Stephanie Phelps,Central,Office Supplies,Art,13.90,5,0.00,3.75
CA-2013-120803,2013-03-10,2013,3,Rick Bensley,East,Technology,Accessories,199.75,5,0.00,87.89
CA-2013-153269,2013-03-10,2013,3,Pamela Stobb,East,Office Supplies,Storage,11.21,1,0.00,3.36
CA-2013-153269,2013-03-10,2013,3,Pamela Stobb,East,Furniture,Chairs,354.90,5,0.00,88.73
CA-2013-153269,2013-03-10,2013,3,Pamela Stobb,East,Office Supplies,Paper,17.94,3,0.00,8.79
CA-2013-153269,2013-03-10,2013,3,Pamela Stobb,East,Office Supplies,Binders,51.80,4,0.00,23.31
CA-2013-108959,2013-03-11,2013,3,Maya Herman,West,Office Supplies,Storage,104.70,1,0.20,6.54
CA-2013-159016,2013-03-11,2013,3,Karen Ferguson,West,Office Supplies,Paper,14.90,5,0.00,7.15
CA-2013-159016,2013-03-11,2013,3,Karen Ferguson,West,Technology,Phones,4158.91,8,0.20,363.90
CA-2013-169663,2013-03-11,2013,3,Rick Huthwaite,West,Technology,Accessories,26.85,3,0.00,5.10
CA-2013-169663,2013-03-11,2013,3,Rick Huthwaite,West,Technology,Machines,3357.60,3,0.20,377.73
US-2013-112977,2013-03-11,2013,3,Caroline Jumper,East,Furniture,Bookcases,176.78,1,0.20,-22.10
US-2013-122182,2013-03-11,2013,3,Bryan Davis,East,Technology,Accessories,39.99,1,0.20,7.50
CA-2013-118255,2013-03-12,2013,3,Odella Nelson,Central,Technology,Accessories,45.98,2,0.00,19.77
CA-2013-118255,2013-03-12,2013,3,Odella Nelson,Central,Office Supplies,Binders,17.46,2,0.00,8.21
CA-2013-122511,2013-03-12,2013,3,Brad Thomas,East,Furniture,Furnishings,30.34,4,0.20,9.48
CA-2013-146171,2013-03-12,2013,3,Julie Prescott,South,Furniture,Furnishings,76.92,4,0.00,31.54
CA-2013-146171,2013-03-12,2013,3,Julie Prescott,South,Office Supplies,Storage,481.32,4,0.00,125.14
US-2013-128902,2013-03-12,2013,3,Mick Brown,East,Furniture,Tables,244.01,2,0.30,-31.37
CA-2013-115504,2013-03-13,2013,3,Mike Caudle,South,Office Supplies,Paper,12.96,2,0.00,6.22
CA-2013-119683,2013-03-13,2013,3,Clytie Kelty,East,Office Supplies,Envelopes,29.34,3,0.00,13.50
CA-2013-127138,2013-03-13,2013,3,Dean Katz,West,Office Supplies,Storage,676.55,5,0.00,6.77
CA-2013-127138,2013-03-13,2013,3,Dean Katz,West,Office Supplies,Appliances,154.90,5,0.00,40.27
CA-2013-127138,2013-03-13,2013,3,Dean Katz,West,Office Supplies,Envelopes,30.56,4,0.00,14.97
CA-2013-127138,2013-03-13,2013,3,Dean Katz,West,Furniture,Chairs,770.35,3,0.20,77.04
US-2013-119270,2013-03-13,2013,3,Scot Wooten,West,Office Supplies,Paper,19.98,2,0.00,8.99
CA-2013-119123,2013-03-14,2013,3,Dennis Bolton,West,Office Supplies,Binders,51.18,7,0.20,19.19
CA-2013-136301,2013-03-14,2013,3,Edward Hooks,West,Furniture,Furnishings,28.28,2,0.00,7.35
CA-2013-136301,2013-03-14,2013,3,Edward Hooks,West,Office Supplies,Supplies,4912.59,3,0.00,196.50
CA-2013-158834,2013-03-14,2013,3,Tamara Willingham,West,Office Supplies,Appliances,157.92,5,0.20,17.77
CA-2013-158834,2013-03-14,2013,3,Tamara Willingham,West,Technology,Phones,203.18,2,0.20,15.24
CA-2013-159373,2013-03-14,2013,3,Liz Thompson,Central,Office Supplies,Paper,70.08,5,0.20,24.53
CA-2013-159373,2013-03-14,2013,3,Liz Thompson,Central,Office Supplies,Binders,1.27,2,0.80,-2.16
CA-2013-159373,2013-03-14,2013,3,Liz Thompson,Central,Furniture,Tables,557.59,5,0.30,0.00
US-2013-108637,2013-03-14,2013,3,Adam Bellavance,South,Furniture,Furnishings,127.88,2,0.00,40.92
US-2013-108637,2013-03-14,2013,3,Adam Bellavance,South,Office Supplies,Appliances,160.32,2,0.00,44.89
US-2013-108637,2013-03-14,2013,3,Adam Bellavance,South,Office Supplies,Binders,46.00,4,0.00,20.70
US-2013-114013,2013-03-14,2013,3,Stewart Carmichael,East,Furniture,Chairs,386.68,2,0.30,-5.52
US-2013-114013,2013-03-14,2013,3,Stewart Carmichael,East,Technology,Accessories,379.96,5,0.20,47.50
US-2013-114013,2013-03-14,2013,3,Stewart Carmichael,East,Technology,Phones,539.91,3,0.40,-116.98
US-2013-114013,2013-03-14,2013,3,Stewart Carmichael,East,Office Supplies,Paper,41.24,5,0.20,13.92
US-2013-114013,2013-03-14,2013,3,Stewart Carmichael,East,Office Supplies,Binders,51.90,1,0.70,-41.52
US-2013-114013,2013-03-14,2013,3,Stewart Carmichael,East,Office Supplies,Storage,552.56,5,0.20,-138.14
US-2013-114013,2013-03-14,2013,3,Stewart Carmichael,East,Office Supplies,Binders,23.16,5,0.70,-15.44
US-2013-114013,2013-03-14,2013,3,Stewart Carmichael,East,Office Supplies,Storage,126.08,2,0.20,-28.37
US-2013-114013,2013-03-14,2013,3,Stewart Carmichael,East,Technology,Machines,449.10,3,0.70,-643.71
CA-2013-102134,2013-03-15,2013,3,Sibella Parks,Central,Furniture,Furnishings,16.74,2,0.00,4.35
CA-2013-124793,2013-03-15,2013,3,Muhammed MacIntyre,West,Furniture,Chairs,196.78,2,0.20,-22.14
CA-2013-133802,2013-03-15,2013,3,Stephanie Phelps,West,Office Supplies,Binders,41.90,6,0.20,14.14
CA-2013-162082,2013-03-15,2013,3,John Stevenson,Central,Furniture,Bookcases,241.33,5,0.32,-14.20
CA-2013-162082,2013-03-15,2013,3,John Stevenson,Central,Office Supplies,Paper,5.18,1,0.20,1.88
CA-2013-162082,2013-03-15,2013,3,John Stevenson,Central,Office Supplies,Art,145.54,7,0.20,16.37
US-2013-154361,2013-03-15,2013,3,Henia Zydlo,East,Furniture,Furnishings,21.88,5,0.20,6.29
CA-2013-138968,2013-03-16,2013,3,Fred Chung,West,Office Supplies,Binders,4.54,2,0.20,1.65
CA-2013-138968,2013-03-16,2013,3,Fred Chung,West,Furniture,Chairs,1352.03,4,0.20,84.50
CA-2013-140571,2013-03-16,2013,3,Sanjit Jacobs,South,Office Supplies,Paper,319.76,14,0.00,147.09
CA-2013-140571,2013-03-16,2013,3,Sanjit Jacobs,South,Office Supplies,Paper,45.68,2,0.00,21.01
CA-2013-149272,2013-03-16,2013,3,Muhammed Yedwab,Central,Furniture,Chairs,528.43,5,0.30,-143.43
CA-2013-149272,2013-03-16,2013,3,Muhammed Yedwab,Central,Office Supplies,Binders,22.39,7,0.80,-35.82
US-2013-113509,2013-03-16,2013,3,Paul Lucas,East,Technology,Accessories,83.98,3,0.20,-13.65
CA-2013-115476,2013-03-18,2013,3,Vivian Mathis,East,Technology,Phones,129.98,2,0.00,62.39
CA-2013-115476,2013-03-18,2013,3,Vivian Mathis,East,Office Supplies,Binders,32.54,2,0.00,15.94
CA-2013-128111,2013-03-18,2013,3,Christine Sundaresam,East,Office Supplies,Art,39.68,2,0.00,10.32
CA-2013-131737,2013-03-18,2013,3,Gary Zandusky,East,Office Supplies,Envelopes,199.90,5,0.00,89.96
CA-2013-131737,2013-03-18,2013,3,Gary Zandusky,East,Office Supplies,Appliances,901.95,3,0.00,297.64
CA-2013-131737,2013-03-18,2013,3,Gary Zandusky,East,Furniture,Furnishings,971.50,5,0.00,252.59
CA-2013-134544,2013-03-18,2013,3,Anna Chung,West,Technology,Phones,84.78,2,0.20,-20.14
CA-2013-113292,2013-03-19,2013,3,Dave Brooks,South,Office Supplies,Appliances,871.80,3,0.20,87.18
US-2013-120929,2013-03-19,2013,3,Rose O'Brian,South,Furniture,Tables,189.88,3,0.40,-94.94
CA-2013-106383,2013-03-20,2013,3,Bobby Trafton,West,Furniture,Bookcases,72.29,1,0.70,-98.80
CA-2013-118178,2013-03-20,2013,3,Corey Catlett,South,Office Supplies,Binders,31.09,3,0.70,-20.72
CA-2013-136371,2013-03-20,2013,3,Susan Vittorini,East,Furniture,Furnishings,14.98,1,0.00,6.89
CA-2013-136371,2013-03-20,2013,3,Susan Vittorini,East,Furniture,Furnishings,20.32,4,0.00,6.91
CA-2013-127670,2013-03-21,2013,3,Robert Dilbeck,Central,Furniture,Tables,697.16,4,0.00,146.40
CA-2013-150889,2013-03-21,2013,3,Peter Bühler,Central,Technology,Phones,11.99,1,0.20,0.90
CA-2013-162747,2013-03-21,2013,3,Aaron Hawkins,South,Furniture,Furnishings,86.45,7,0.00,38.04
US-2013-156986,2013-03-21,2013,3,Zuschuss Carroll,West,Technology,Phones,84.78,2,0.20,-20.14
US-2013-156986,2013-03-21,2013,3,Zuschuss Carroll,West,Office Supplies,Paper,20.74,4,0.20,7.26
US-2013-156986,2013-03-21,2013,3,Zuschuss Carroll,West,Office Supplies,Binders,16.82,3,0.70,-12.90
US-2013-156986,2013-03-21,2013,3,Zuschuss Carroll,West,Office Supplies,Paper,10.37,2,0.20,3.63
CA-2013-163153,2013-03-22,2013,3,Dario Medina,Central,Furniture,Tables,99.37,2,0.30,-1.42
CA-2013-163153,2013-03-22,2013,3,Dario Medina,Central,Office Supplies,Art,1.34,1,0.20,0.50
US-2013-133879,2013-03-22,2013,3,Kean Takahito,Central,Office Supplies,Binders,3.17,2,0.80,-4.75
US-2013-133879,2013-03-22,2013,3,Kean Takahito,Central,Furniture,Chairs,528.43,5,0.30,0.00
US-2013-133879,2013-03-22,2013,3,Kean Takahito,Central,Office Supplies,Art,13.39,3,0.20,1.51
CA-2013-107615,2013-03-23,2013,3,Robert Barroso,West,Technology,Accessories,58.58,2,0.00,19.33
CA-2013-118899,2013-03-23,2013,3,Marc Crier,West,Furniture,Chairs,167.89,7,0.20,14.69
CA-2013-113803,2013-03-25,2013,3,Vivek Grady,Central,Office Supplies,Paper,22.48,1,0.00,10.34
CA-2013-130911,2013-03-25,2013,3,Dan Campbell,East,Furniture,Bookcases,301.47,3,0.50,-241.18
CA-2013-130911,2013-03-25,2013,3,Dan Campbell,East,Office Supplies,Art,18.66,2,0.20,1.63
US-2013-164189,2013-03-25,2013,3,Dan Reichenbach,West,Technology,Phones,403.17,4,0.20,25.20
CA-2013-120082,2013-03-26,2013,3,Damala Kotsonis,East,Office Supplies,Art,59.52,3,0.00,17.86
CA-2013-134887,2013-03-26,2013,3,Toby Braunhardt,Central,Technology,Accessories,1287.45,5,0.00,244.62
CA-2013-123666,2013-03-27,2013,3,Sibella Parks,East,Office Supplies,Storage,459.95,5,0.00,18.40
CA-2013-161361,2013-03-27,2013,3,Mark Van Huff,West,Office Supplies,Paper,17.64,3,0.00,8.64
CA-2013-161361,2013-03-27,2013,3,Mark Van Huff,West,Office Supplies,Binders,17.04,3,0.20,5.54
US-2013-162677,2013-03-27,2013,3,Dean Braden,South,Office Supplies,Storage,67.64,5,0.20,5.92
US-2013-162677,2013-03-27,2013,3,Dean Braden,South,Technology,Accessories,119.98,3,0.20,-18.00
CA-2013-119074,2013-03-28,2013,3,David Smith,South,Furniture,Furnishings,20.24,1,0.00,8.70
CA-2013-119074,2013-03-28,2013,3,David Smith,South,Furniture,Furnishings,39.92,4,0.00,11.18
CA-2013-119074,2013-03-28,2013,3,David Smith,South,Office Supplies,Binders,32.54,2,0.00,15.94
CA-2013-131380,2013-03-29,2013,3,Chris Cortes,West,Office Supplies,Storage,87.92,4,0.00,0.88
CA-2013-131380,2013-03-29,2013,3,Chris Cortes,West,Office Supplies,Paper,5.98,1,0.00,2.93
CA-2013-162901,2013-03-29,2013,3,Aaron Smayling,South,Office Supplies,Storage,31.40,2,0.00,7.85
CA-2013-127236,2013-03-30,2013,3,Troy Blackwell,East,Furniture,Bookcases,299.98,5,0.50,-167.99
CA-2013-127236,2013-03-30,2013,3,Troy Blackwell,East,Technology,Phones,158.38,4,0.40,-36.95
CA-2013-152555,2013-03-30,2013,3,Maria Etezadi,Central,Office Supplies,Paper,45.53,3,0.20,15.93
CA-2013-152555,2013-03-30,2013,3,Maria Etezadi,Central,Furniture,Chairs,844.12,6,0.30,-36.18
CA-2013-152555,2013-03-30,2013,3,Maria Etezadi,Central,Technology,Phones,812.74,8,0.20,60.96
CA-2013-167556,2013-03-30,2013,3,Janet Martin,East,Office Supplies,Paper,13.48,2,0.00,6.74
CA-2013-167556,2013-03-30,2013,3,Janet Martin,East,Office Supplies,Binders,29.80,5,0.20,9.31
CA-2013-167556,2013-03-30,2013,3,Janet Martin,East,Furniture,Furnishings,414.00,8,0.00,124.20
CA-2013-167556,2013-03-30,2013,3,Janet Martin,East,Office Supplies,Binders,41.33,7,0.20,14.98
CA-2013-128258,2013-03-31,2013,3,Cathy Prescott,East,Office Supplies,Paper,11.34,1,0.00,5.56
CA-2013-124100,2013-04-01,2013,4,Erica Hackney,East,Furniture,Chairs,328.00,6,0.10,54.67
US-2013-151827,2013-04-01,2013,4,Carlos Soltero,East,Technology,Phones,280.78,3,0.40,-60.84
US-2013-151827,2013-04-01,2013,4,Carlos Soltero,East,Technology,Accessories,31.98,2,0.20,1.20
CA-2013-103947,2013-04-02,2013,4,Barry Blumstein,West,Office Supplies,Fasteners,31.56,5,0.20,9.86
CA-2013-103947,2013-04-02,2013,4,Barry Blumstein,West,Office Supplies,Appliances,30.14,2,0.20,3.01
CA-2013-111213,2013-04-02,2013,4,Frank Preis,East,Furniture,Chairs,1317.49,6,0.10,292.78
CA-2013-111213,2013-04-02,2013,4,Frank Preis,East,Office Supplies,Supplies,63.84,8,0.00,18.51
CA-2013-111213,2013-04-02,2013,4,Frank Preis,East,Office Supplies,Binders,3.59,1,0.20,1.12
CA-2013-127985,2013-04-02,2013,4,Daniel Byrd,South,Furniture,Furnishings,7.04,4,0.00,3.10
CA-2013-149902,2013-04-02,2013,4,Don Weiss,East,Office Supplies,Art,88.04,4,0.00,22.89
CA-2013-161473,2013-04-02,2013,4,Thomas Boland,East,Office Supplies,Labels,20.70,2,0.00,9.94
CA-2013-161473,2013-04-02,2013,4,Thomas Boland,East,Office Supplies,Supplies,10.95,3,0.00,3.29
CA-2013-161473,2013-04-02,2013,4,Thomas Boland,East,Office Supplies,Binders,14.35,3,0.20,4.66
CA-2013-166674,2013-04-02,2013,4,Raymond Buch,East,Office Supplies,Art,59.52,3,0.00,15.48
CA-2013-166674,2013-04-02,2013,4,Raymond Buch,East,Office Supplies,Storage,161.94,3,0.00,9.72
CA-2013-166674,2013-04-02,2013,4,Raymond Buch,East,Office Supplies,Art,263.88,6,0.00,71.25
CA-2013-166674,2013-04-02,2013,4,Raymond Buch,East,Office Supplies,Art,30.48,3,0.00,7.92
CA-2013-166674,2013-04-02,2013,4,Raymond Buch,East,Office Supplies,Art,9.84,3,0.00,2.85
CA-2013-166674,2013-04-02,2013,4,Raymond Buch,East,Technology,Phones,35.12,4,0.00,9.13
US-2013-160206,2013-04-02,2013,4,Muhammed Yedwab,Central,Technology,Phones,12.99,1,0.00,0.26
CA-2013-123540,2013-04-03,2013,4,Denny Joy,Central,Furniture,Chairs,1454.90,5,0.00,378.27
CA-2013-120796,2013-04-04,2013,4,Carlos Soltero,East,Office Supplies,Binders,99.85,9,0.70,-83.21
CA-2013-162222,2013-04-04,2013,4,Steven Roelle,Central,Office Supplies,Paper,10.27,3,0.20,3.21
CA-2013-167682,2013-04-04,2013,4,Zuschuss Donatelli,Central,Furniture,Furnishings,71.12,4,0.00,22.05
CA-2013-167682,2013-04-04,2013,4,Zuschuss Donatelli,Central,Technology,Phones,259.96,4,0.00,124.78
CA-2013-123050,2013-04-05,2013,4,Becky Castell,East,Furniture,Furnishings,82.64,2,0.00,7.44
CA-2013-123050,2013-04-05,2013,4,Becky Castell,East,Office Supplies,Storage,31.02,2,0.00,8.07
CA-2013-123050,2013-04-05,2013,4,Becky Castell,East,Technology,Accessories,89.97,3,0.00,37.79
CA-2013-159142,2013-04-05,2013,4,Maria Etezadi,South,Technology,Phones,149.97,3,0.00,6.00
CA-2013-159142,2013-04-05,2013,4,Maria Etezadi,South,Office Supplies,Paper,27.81,3,0.00,13.07
CA-2013-167115,2013-04-05,2013,4,Evan Henry,East,Office Supplies,Binders,588.78,2,0.20,184.00
CA-2013-159695,2013-04-06,2013,4,Gary Mitchum,Central,Office Supplies,Storage,158.37,7,0.20,13.86
CA-2013-161907,2013-04-06,2013,4,Justin Hirsh,East,Technology,Phones,118.78,3,0.40,-27.72
CA-2013-161907,2013-04-06,2013,4,Justin Hirsh,East,Office Supplies,Supplies,769.18,4,0.20,-163.45
US-2013-150140,2013-04-07,2013,4,Valerie Mitchum,East,Technology,Phones,1294.75,5,0.00,336.64
CA-2013-110499,2013-04-08,2013,4,Yoseph Carroll,West,Technology,Copiers,1199.98,3,0.20,374.99
CA-2013-114405,2013-04-08,2013,4,Alan Shonely,East,Office Supplies,Appliances,33.53,3,0.20,2.51
CA-2013-114405,2013-04-08,2013,4,Alan Shonely,East,Office Supplies,Storage,36.74,3,0.20,3.67
CA-2013-120530,2013-04-08,2013,4,Dorris liebe,East,Furniture,Chairs,658.75,3,0.10,146.39
CA-2013-132899,2013-04-08,2013,4,Sarah Foster,East,Office Supplies,Art,3.64,2,0.00,0.98
CA-2013-154998,2013-04-08,2013,4,Erin Smith,East,Office Supplies,Paper,37.94,2,0.00,18.21
CA-2013-104969,2013-04-09,2013,4,Eugene Hildebrand,East,Office Supplies,Envelopes,8.87,1,0.20,3.22
CA-2013-104969,2013-04-09,2013,4,Eugene Hildebrand,East,Office Supplies,Binders,121.10,6,0.70,-100.92
CA-2013-124233,2013-04-09,2013,4,Clytie Kelty,West,Furniture,Furnishings,24.70,5,0.00,10.37
CA-2013-130477,2013-04-09,2013,4,Logan Currie,West,Office Supplies,Paper,20.04,3,0.00,9.62
CA-2013-130477,2013-04-09,2013,4,Logan Currie,West,Office Supplies,Storage,64.96,2,0.00,2.60
CA-2013-130477,2013-04-09,2013,4,Logan Currie,West,Office Supplies,Paper,12.96,2,0.00,6.22
CA-2013-130946,2013-04-09,2013,4,Zuschuss Carroll,Central,Technology,Accessories,431.93,9,0.20,64.79
CA-2013-130946,2013-04-09,2013,4,Zuschuss Carroll,Central,Furniture,Chairs,95.98,4,0.30,-4.11
CA-2013-130946,2013-04-09,2013,4,Zuschuss Carroll,Central,Office Supplies,Binders,1088.79,4,0.80,-1850.95
CA-2013-134789,2013-04-09,2013,4,Christine Kargatis,South,Office Supplies,Fasteners,30.00,6,0.00,14.40
CA-2013-134789,2013-04-09,2013,4,Christine Kargatis,South,Office Supplies,Paper,25.92,4,0.00,12.70
CA-2013-134789,2013-04-09,2013,4,Christine Kargatis,South,Furniture,Furnishings,159.92,4,0.00,31.98
CA-2013-138520,2013-04-09,2013,4,Jeremy Lonsdale,East,Furniture,Bookcases,388.70,6,0.20,-4.86
CA-2013-138520,2013-04-09,2013,4,Jeremy Lonsdale,East,Office Supplies,Envelopes,8.26,2,0.00,3.80
CA-2013-138520,2013-04-09,2013,4,Jeremy Lonsdale,East,Office Supplies,Art,17.04,4,0.00,6.99
CA-2013-138520,2013-04-09,2013,4,Jeremy Lonsdale,East,Office Supplies,Paper,34.40,5,0.00,15.82
CA-2013-150000,2013-04-09,2013,4,Patrick Gardner,South,Office Supplies,Envelopes,17.92,4,0.00,8.60
US-2013-106600,2013-04-09,2013,4,Raymond Messe,South,Furniture,Bookcases,354.90,5,0.00,88.73
CA-2013-117681,2013-04-10,2013,4,Herbert Flentye,West,Furniture,Bookcases,556.67,5,0.15,6.55
CA-2013-126809,2013-04-10,2013,4,Edward Becker,West,Office Supplies,Binders,35.35,9,0.20,12.82
CA-2013-128517,2013-04-10,2013,4,Sean Wendt,Central,Technology,Phones,517.90,2,0.00,134.65
CA-2013-128517,2013-04-10,2013,4,Sean Wendt,Central,Office Supplies,Binders,5.28,2,0.00,2.43
CA-2013-109652,2013-04-11,2013,4,Quincy Jones,Central,Office Supplies,Art,13.57,4,0.20,3.22
CA-2013-123358,2013-04-11,2013,4,Brian Thompson,West,Office Supplies,Appliances,113.76,3,0.00,44.37
CA-2013-123358,2013-04-11,2013,4,Brian Thompson,West,Office Supplies,Storage,579.51,3,0.00,81.13
CA-2013-123358,2013-04-11,2013,4,Brian Thompson,West,Office Supplies,Storage,150.66,9,0.00,6.03
CA-2013-123358,2013-04-11,2013,4,Brian Thompson,West,Office Supplies,Binders,48.03,4,0.20,15.61
CA-2013-124814,2013-04-11,2013,4,Filia McAdams,West,Office Supplies,Paper,12.96,2,0.00,6.22
CA-2013-124814,2013-04-11,2013,4,Filia McAdams,West,Office Supplies,Binders,23.20,5,0.20,8.12
US-2013-114622,2013-04-11,2013,4,Justin Ritter,East,Office Supplies,Binders,8.90,2,0.70,-6.53
CA-2013-112102,2013-04-13,2013,4,Brian Dahlen,South,Furniture,Tables,343.92,4,0.00,75.66
CA-2013-112102,2013-04-13,2013,4,Brian Dahlen,South,Office Supplies,Paper,40.99,1,0.00,20.09
CA-2013-112102,2013-04-13,2013,4,Brian Dahlen,South,Office Supplies,Envelopes,63.90,5,0.00,28.76
CA-2013-124254,2013-04-13,2013,4,Thomas Boland,South,Office Supplies,Storage,129.55,3,0.20,-22.67
CA-2013-124254,2013-04-13,2013,4,Thomas Boland,South,Office Supplies,Storage,51.98,1,0.20,-5.20
CA-2013-124254,2013-04-13,2013,4,Thomas Boland,South,Office Supplies,Paper,10.27,3,0.20,3.47
CA-2013-142398,2013-04-13,2013,4,Beth Paige,West,Furniture,Chairs,638.29,7,0.20,-31.91
CA-2013-142398,2013-04-13,2013,4,Beth Paige,West,Office Supplies,Binders,13.21,1,0.20,4.62
CA-2013-163594,2013-04-13,2013,4,Jason Fortune-,West,Office Supplies,Paper,19.44,3,0.00,9.33
CA-2013-163594,2013-04-13,2013,4,Jason Fortune-,West,Furniture,Chairs,194.35,3,0.20,-36.44
CA-2013-163594,2013-04-13,2013,4,Jason Fortune-,West,Office Supplies,Binders,36.62,3,0.20,13.73
CA-2013-152800,2013-04-14,2013,4,Susan Pistek,West,Office Supplies,Envelopes,6.12,3,0.00,2.88
CA-2013-112669,2013-04-15,2013,4,Kean Takahito,West,Furniture,Chairs,933.54,4,0.20,105.02
CA-2013-112669,2013-04-15,2013,4,Kean Takahito,West,Office Supplies,Storage,42.98,4,0.20,4.30
CA-2013-148796,2013-04-15,2013,4,Philip Brown,West,Furniture,Chairs,383.80,5,0.20,38.38
CA-2013-164735,2013-04-15,2013,4,Tom Boeckenhauer,South,Office Supplies,Storage,81.20,5,0.00,12.18
CA-2013-166625,2013-04-15,2013,4,Jill Matthias,East,Office Supplies,Binders,25.06,2,0.00,11.78
CA-2013-117849,2013-04-16,2013,4,Julie Kriz,West,Office Supplies,Paper,143.70,3,0.00,68.98
CA-2013-136406,2013-04-16,2013,4,Bill Donatelli,West,Furniture,Chairs,1121.57,2,0.20,0.00
US-2013-123750,2013-04-16,2013,4,Ross Baird,South,Office Supplies,Binders,189.59,2,0.70,-145.35
US-2013-123750,2013-04-16,2013,4,Ross Baird,South,Technology,Accessories,408.74,7,0.20,76.64
US-2013-123750,2013-04-16,2013,4,Ross Baird,South,Technology,Accessories,291.96,5,0.20,54.74
US-2013-123750,2013-04-16,2013,4,Ross Baird,South,Office Supplies,Storage,4.77,2,0.20,-0.77
US-2013-132423,2013-04-16,2013,4,Muhammed Yedwab,Central,Office Supplies,Art,33.49,7,0.20,5.86
US-2013-132423,2013-04-16,2013,4,Muhammed Yedwab,Central,Office Supplies,Fasteners,8.04,5,0.20,2.91
CA-2013-105473,2013-04-17,2013,4,Bryan Mills,West,Office Supplies,Supplies,28.80,3,0.00,0.86
CA-2013-166282,2013-04-17,2013,4,Pete Kriz,South,Technology,Accessories,35.17,4,0.20,8.35
CA-2013-166282,2013-04-17,2013,4,Pete Kriz,South,Office Supplies,Paper,123.09,7,0.20,40.00
US-2013-107440,2013-04-17,2013,4,Bill Shonely,East,Technology,Machines,9099.93,7,0.00,2365.98
US-2013-107440,2013-04-17,2013,4,Bill Shonely,East,Furniture,Furnishings,9.96,2,0.00,3.29
US-2013-107440,2013-04-17,2013,4,Bill Shonely,East,Office Supplies,Binders,25.30,5,0.00,11.89
US-2013-164588,2013-04-17,2013,4,Arthur Prichep,South,Office Supplies,Art,12.84,3,0.00,3.72
CA-2013-108735,2013-04-18,2013,4,Jessica Myrick,West,Furniture,Bookcases,257.50,3,0.15,24.24
CA-2013-149111,2013-04-18,2013,4,Ben Ferrer,South,Technology,Phones,36.79,1,0.20,4.14
CA-2013-149111,2013-04-18,2013,4,Ben Ferrer,South,Furniture,Furnishings,18.62,8,0.20,6.29
US-2013-133508,2013-04-18,2013,4,Sean Wendt,Central,Office Supplies,Fasteners,29.05,5,0.00,9.01
US-2013-159415,2013-04-18,2013,4,Charles Sheldon,South,Furniture,Furnishings,79.12,5,0.20,13.85
CA-2013-125087,2013-04-19,2013,4,Thea Hudgings,Central,Furniture,Chairs,344.37,4,0.30,-93.47
CA-2013-125087,2013-04-19,2013,4,Thea Hudgings,Central,Office Supplies,Storage,1554.94,3,0.20,77.75
CA-2013-125087,2013-04-19,2013,4,Thea Hudgings,Central,Furniture,Furnishings,127.88,5,0.60,-67.14
CA-2013-139381,2013-04-19,2013,4,Roy Französisch,South,Office Supplies,Appliances,203.92,4,0.00,55.06
CA-2013-139381,2013-04-19,2013,4,Roy Französisch,South,Technology,Phones,29.56,4,0.00,7.98
CA-2013-144785,2013-04-19,2013,4,Cindy Schnelling,East,Office Supplies,Art,6.99,3,0.00,2.03
CA-2013-144785,2013-04-19,2013,4,Cindy Schnelling,East,Office Supplies,Supplies,6.84,1,0.00,1.85
CA-2013-155551,2013-04-19,2013,4,Clay Rozendal,Central,Office Supplies,Storage,230.38,3,0.20,-48.95
CA-2013-155551,2013-04-19,2013,4,Clay Rozendal,Central,Office Supplies,Paper,9.66,2,0.20,3.26
CA-2013-109666,2013-04-20,2013,4,Kunst Miller,East,Technology,Phones,25.98,2,0.00,0.78
CA-2013-109666,2013-04-20,2013,4,Kunst Miller,East,Office Supplies,Art,3.28,2,0.00,1.48
CA-2013-109666,2013-04-20,2013,4,Kunst Miller,East,Office Supplies,Storage,459.88,4,0.00,13.80
CA-2013-109666,2013-04-20,2013,4,Kunst Miller,East,Office Supplies,Supplies,7.76,2,0.00,2.25
CA-2013-109666,2013-04-20,2013,4,Kunst Miller,East,Office Supplies,Art,71.96,2,0.00,17.99
CA-2013-109666,2013-04-20,2013,4,Kunst Miller,East,Office Supplies,Supplies,54.90,5,0.00,15.37
CA-2013-109666,2013-04-20,2013,4,Kunst Miller,East,Office Supplies,Binders,9.28,2,0.20,3.25
US-2013-115819,2013-04-20,2013,4,Jas O'Carroll,West,Technology,Phones,39.96,5,0.20,12.99
US-2013-115819,2013-04-20,2013,4,Jas O'Carroll,West,Office Supplies,Art,5.46,3,0.00,1.53
US-2013-115819,2013-04-20,2013,4,Jas O'Carroll,West,Office Supplies,Art,73.20,5,0.00,21.23
US-2013-115819,2013-04-20,2013,4,Jas O'Carroll,West,Office Supplies,Binders,5.84,1,0.20,1.97
US-2013-115819,2013-04-20,2013,4,Jas O'Carroll,West,Office Supplies,Paper,22.72,4,0.00,10.22
US-2013-115819,2013-04-20,2013,4,Jas O'Carroll,West,Office Supplies,Binders,9.34,3,0.20,3.27
US-2013-161396,2013-04-20,2013,4,Gary Mitchum,East,Furniture,Tables,205.18,2,0.40,-58.13
US-2013-161396,2013-04-20,2013,4,Gary Mitchum,East,Office Supplies,Paper,419.40,5,0.20,146.79
CA-2013-146423,2013-04-22,2013,4,Brian Thompson,East,Office Supplies,Art,15.48,3,0.00,4.49
CA-2013-146423,2013-04-22,2013,4,Brian Thompson,East,Office Supplies,Paper,51.84,8,0.00,24.88
CA-2013-151498,2013-04-22,2013,4,Duane Noonan,West,Office Supplies,Binders,8.32,5,0.20,2.81
US-2013-103646,2013-04-22,2013,4,Sibella Parks,Central,Office Supplies,Storage,102.34,4,0.20,-12.79
US-2013-103646,2013-04-22,2013,4,Sibella Parks,Central,Office Supplies,Appliances,48.79,3,0.80,-126.86
US-2013-103646,2013-04-22,2013,4,Sibella Parks,Central,Office Supplies,Binders,44.85,8,0.80,-67.27
CA-2013-101329,2013-04-23,2013,4,Michael Moore,East,Office Supplies,Art,32.13,9,0.00,8.35
CA-2013-101329,2013-04-23,2013,4,Michael Moore,East,Office Supplies,Art,2.88,1,0.00,0.81
CA-2013-109057,2013-04-23,2013,4,Tonja Turnell,Central,Office Supplies,Storage,23.95,2,0.20,2.40
CA-2013-109869,2013-04-23,2013,4,Tanja Norvell,West,Furniture,Furnishings,23.56,5,0.20,7.07
CA-2013-109869,2013-04-23,2013,4,Tanja Norvell,West,Furniture,Tables,1272.63,6,0.50,-814.48
CA-2013-109869,2013-04-23,2013,4,Tanja Norvell,West,Office Supplies,Binders,28.49,5,0.70,-20.89
CA-2013-109869,2013-04-23,2013,4,Tanja Norvell,West,Office Supplies,Supplies,185.38,2,0.20,-34.76
CA-2013-109869,2013-04-23,2013,4,Tanja Norvell,West,Office Supplies,Appliances,78.27,2,0.20,5.87
CA-2013-113061,2013-04-23,2013,4,Ed Ludwig,Central,Furniture,Furnishings,86.62,2,0.00,8.66
CA-2013-147578,2013-04-23,2013,4,Paul Gonzalez,West,Furniture,Furnishings,31.56,3,0.00,10.41
CA-2013-124149,2013-04-24,2013,4,Max Jones,East,Office Supplies,Paper,108.34,6,0.20,37.92
CA-2013-124149,2013-04-24,2013,4,Max Jones,East,Office Supplies,Storage,55.92,5,0.20,6.29
CA-2013-124149,2013-04-24,2013,4,Max Jones,East,Office Supplies,Paper,78.30,2,0.20,29.36
CA-2013-126270,2013-04-24,2013,4,Art Ferguson,West,Office Supplies,Binders,18.09,7,0.20,6.56
CA-2013-126270,2013-04-24,2013,4,Art Ferguson,West,Office Supplies,Envelopes,71.97,3,0.00,35.99
CA-2013-130001,2013-04-24,2013,4,Heather Kirkland,South,Office Supplies,Paper,36.24,5,0.20,11.33
CA-2013-162138,2013-04-24,2013,4,Grace Kelly,West,Office Supplies,Binders,251.52,6,0.20,81.74
CA-2013-162138,2013-04-24,2013,4,Grace Kelly,West,Technology,Accessories,99.99,1,0.00,35.00
CA-2013-138933,2013-04-25,2013,4,Jack Lebron,West,Office Supplies,Binders,3.98,1,0.20,1.39
CA-2013-149279,2013-04-25,2013,4,Craig Leslie,West,Office Supplies,Paper,15.55,3,0.20,5.44
CA-2013-149279,2013-04-25,2013,4,Craig Leslie,West,Furniture,Chairs,1325.76,6,0.20,149.15
CA-2013-149279,2013-04-25,2013,4,Craig Leslie,West,Office Supplies,Binders,3.11,2,0.70,-2.18
CA-2013-168081,2013-04-25,2013,4,Cathy Armstrong,Central,Technology,Accessories,258.70,3,0.20,64.67
US-2013-150147,2013-04-26,2013,4,John Lucas,East,Technology,Phones,82.80,2,0.40,-20.70
US-2013-150147,2013-04-26,2013,4,John Lucas,East,Office Supplies,Binders,20.72,2,0.70,-13.82
US-2013-150147,2013-04-26,2013,4,John Lucas,East,Office Supplies,Binders,4.90,3,0.70,-3.43
CA-2013-139556,2013-04-27,2013,4,Dennis Bolton,East,Furniture,Chairs,434.65,3,0.10,62.78
CA-2013-137204,2013-04-29,2013,4,Bill Overfelt,West,Furniture,Chairs,41.57,2,0.20,2.60
CA-2013-152814,2013-04-29,2013,4,Erica Hernandez,West,Office Supplies,Paper,29.47,3,0.20,9.95
CA-2013-161816,2013-04-29,2013,4,Nona Balk,Central,Technology,Phones,369.58,3,0.20,41.58
CA-2013-161816,2013-04-29,2013,4,Nona Balk,Central,Office Supplies,Labels,15.71,4,0.20,5.70
CA-2013-167605,2013-04-29,2013,4,Rob Beeghly,Central,Furniture,Furnishings,30.34,2,0.60,-31.86
CA-2013-144792,2013-05-01,2013,5,Ken Dana,West,Furniture,Furnishings,111.89,7,0.20,22.38
CA-2013-154788,2013-05-01,2013,5,John Lee,East,Office Supplies,Binders,7.71,2,0.20,2.80
US-2013-120460,2013-05-01,2013,5,Ben Ferrer,Central,Furniture,Furnishings,22.61,3,0.60,-10.17
CA-2013-101525,2013-05-02,2013,5,Chris McAfee,South,Office Supplies,Paper,109.92,2,0.00,53.86
CA-2013-101525,2013-05-02,2013,5,Chris McAfee,South,Office Supplies,Paper,19.44,3,0.00,9.33
CA-2013-101525,2013-05-02,2013,5,Chris McAfee,South,Office Supplies,Art,11.16,2,0.00,4.35
CA-2013-164784,2013-05-02,2013,5,Herbert Flentye,South,Office Supplies,Labels,3.98,1,0.20,1.29
CA-2013-164784,2013-05-02,2013,5,Herbert Flentye,South,Furniture,Tables,370.62,3,0.40,-142.07
CA-2013-164784,2013-05-02,2013,5,Herbert Flentye,South,Office Supplies,Binders,2.74,2,0.70,-2.01
CA-2013-104311,2013-05-03,2013,5,Adam Shillingsburg,Central,Office Supplies,Storage,18.94,3,0.20,-3.79
CA-2013-104311,2013-05-03,2013,5,Adam Shillingsburg,Central,Office Supplies,Storage,12.67,3,0.20,-3.17
CA-2013-104311,2013-05-03,2013,5,Adam Shillingsburg,Central,Office Supplies,Labels,5.04,2,0.20,1.76
CA-2013-109400,2013-05-03,2013,5,Nick Radford,Central,Furniture,Chairs,366.74,4,0.30,-110.02
CA-2013-146836,2013-05-03,2013,5,Cindy Chapman,East,Office Supplies,Storage,44.94,3,0.00,12.58
CA-2013-146836,2013-05-03,2013,5,Cindy Chapman,East,Office Supplies,Binders,45.58,3,0.20,15.95
CA-2013-148698,2013-05-03,2013,5,Bryan Davis,Central,Office Supplies,Art,86.35,3,0.20,5.40
CA-2013-154060,2013-05-03,2013,5,Dan Lawera,South,Furniture,Chairs,187.06,9,0.20,11.69
CA-2013-158155,2013-05-03,2013,5,Edward Hooks,East,Furniture,Furnishings,12.56,2,0.00,4.02
CA-2013-158155,2013-05-03,2013,5,Edward Hooks,East,Office Supplies,Binders,90.48,3,0.20,33.93
CA-2013-158155,2013-05-03,2013,5,Edward Hooks,East,Office Supplies,Paper,13.08,2,0.00,6.02
CA-2013-158155,2013-05-03,2013,5,Edward Hooks,East,Furniture,Furnishings,214.70,5,0.00,83.73
CA-2013-129280,2013-05-04,2013,5,Susan MacKendrick,East,Technology,Accessories,132.52,5,0.20,34.79
CA-2013-129280,2013-05-04,2013,5,Susan MacKendrick,East,Office Supplies,Storage,195.64,5,0.20,-44.02
CA-2013-129280,2013-05-04,2013,5,Susan MacKendrick,East,Furniture,Furnishings,51.97,2,0.20,10.39
CA-2013-129280,2013-05-04,2013,5,Susan MacKendrick,East,Technology,Accessories,431.98,3,0.20,-75.60
CA-2013-129280,2013-05-04,2013,5,Susan MacKendrick,East,Technology,Machines,224.94,3,0.70,-164.95
CA-2013-129280,2013-05-04,2013,5,Susan MacKendrick,East,Office Supplies,Labels,6.00,2,0.20,2.10
CA-2013-163398,2013-05-04,2013,5,Christy Brittain,Central,Office Supplies,Binders,2.18,1,0.80,-3.60
CA-2013-163398,2013-05-04,2013,5,Christy Brittain,Central,Office Supplies,Art,27.38,7,0.20,2.74
CA-2013-163398,2013-05-04,2013,5,Christy Brittain,Central,Office Supplies,Appliances,26.41,3,0.80,-71.30
CA-2013-105662,2013-05-06,2013,5,Rick Bensley,South,Office Supplies,Paper,93.25,4,0.20,31.47
CA-2013-105662,2013-05-06,2013,5,Rick Bensley,South,Technology,Phones,177.48,3,0.20,19.97
CA-2013-112676,2013-05-06,2013,5,Patrick Jones,South,Office Supplies,Paper,14.35,3,0.20,5.20
CA-2013-126165,2013-05-06,2013,5,Amy Hunt,West,Furniture,Tables,71.09,2,0.20,-1.78
CA-2013-137729,2013-05-06,2013,5,Barry Franz,West,Office Supplies,Storage,5.98,1,0.00,1.02
CA-2013-137729,2013-05-06,2013,5,Barry Franz,West,Technology,Phones,246.17,3,0.20,21.54
CA-2013-145247,2013-05-06,2013,5,Natalie DeCherney,South,Office Supplies,Paper,79.14,3,0.00,36.40
CA-2013-160500,2013-05-06,2013,5,Darrin Martin,West,Office Supplies,Binders,6.72,5,0.20,2.35
CA-2013-160500,2013-05-06,2013,5,Darrin Martin,West,Furniture,Tables,298.78,3,0.20,7.47
US-2013-102239,2013-05-06,2013,5,Lindsay Williams,West,Furniture,Tables,1685.88,6,0.00,320.32
US-2013-102239,2013-05-06,2013,5,Lindsay Williams,West,Office Supplies,Binders,5.73,2,0.20,2.00
US-2013-147991,2013-05-06,2013,5,Zuschuss Donatelli,South,Furniture,Furnishings,16.72,5,0.20,3.34
CA-2013-118052,2013-05-07,2013,5,Brad Eason,East,Office Supplies,Fasteners,7.22,2,0.20,1.71
CA-2013-118052,2013-05-07,2013,5,Brad Eason,East,Office Supplies,Paper,49.57,2,0.20,15.49
CA-2013-118052,2013-05-07,2013,5,Brad Eason,East,Furniture,Furnishings,54.71,7,0.20,11.63
CA-2013-137393,2013-05-07,2013,5,Gene McClure,West,Furniture,Furnishings,41.60,4,0.00,14.14
CA-2013-139234,2013-05-07,2013,5,Art Ferguson,Central,Office Supplies,Binders,3.21,2,0.80,-5.29
CA-2013-139234,2013-05-07,2013,5,Art Ferguson,Central,Technology,Accessories,26.18,2,0.20,-3.27
US-2013-146857,2013-05-07,2013,5,Brad Eason,Central,Office Supplies,Appliances,54.48,1,0.00,15.25
CA-2013-128818,2013-05-08,2013,5,Caroline Jumper,East,Office Supplies,Binders,85.23,7,0.20,30.90
CA-2013-128818,2013-05-08,2013,5,Caroline Jumper,East,Office Supplies,Labels,44.40,3,0.00,22.20
CA-2013-128818,2013-05-08,2013,5,Caroline Jumper,East,Furniture,Chairs,442.76,4,0.10,59.04
CA-2013-128818,2013-05-08,2013,5,Caroline Jumper,East,Technology,Machines,3999.95,5,0.00,1159.99
CA-2013-128818,2013-05-08,2013,5,Caroline Jumper,East,Technology,Accessories,199.95,5,0.00,21.99
CA-2013-128818,2013-05-08,2013,5,Caroline Jumper,East,Furniture,Furnishings,63.68,8,0.00,28.02
CA-2013-106530,2013-05-09,2013,5,Clay Ludtke,East,Office Supplies,Storage,1006.06,3,0.20,88.03
CA-2013-106530,2013-05-09,2013,5,Clay Ludtke,East,Office Supplies,Paper,10.69,2,0.20,3.74
CA-2013-106530,2013-05-09,2013,5,Clay Ludtke,East,Office Supplies,Paper,10.37,2,0.20,3.63
CA-2013-106530,2013-05-09,2013,5,Clay Ludtke,East,Office Supplies,Storage,25.12,2,0.20,1.57
CA-2013-106530,2013-05-09,2013,5,Clay Ludtke,East,Technology,Accessories,58.11,2,0.20,7.26
CA-2013-111696,2013-05-09,2013,5,Trudy Brown,West,Office Supplies,Paper,17.94,3,0.00,8.07
CA-2013-164672,2013-05-09,2013,5,George Bell,East,Furniture,Furnishings,211.96,2,0.00,42.39
CA-2013-109176,2013-05-10,2013,5,Julia West,East,Office Supplies,Envelopes,9.34,1,0.20,3.50
CA-2013-109176,2013-05-10,2013,5,Julia West,East,Office Supplies,Art,79.36,5,0.20,9.92
CA-2013-112382,2013-05-10,2013,5,Mick Brown,Central,Technology,Phones,19.14,2,0.20,1.91
CA-2013-159765,2013-05-10,2013,5,Thea Hendricks,South,Office Supplies,Art,27.86,7,0.00,9.19
CA-2013-161158,2013-05-10,2013,5,Paul Stevenson,East,Office Supplies,Art,8.00,5,0.00,3.44
CA-2013-169166,2013-05-10,2013,5,Sonia Sunley,West,Technology,Accessories,93.98,2,0.00,13.16
US-2013-144057,2013-05-10,2013,5,Cynthia Voltz,Central,Office Supplies,Storage,856.66,6,0.20,107.08
US-2013-144057,2013-05-10,2013,5,Cynthia Voltz,Central,Office Supplies,Binders,13.18,4,0.80,-20.44
US-2013-144057,2013-05-10,2013,5,Cynthia Voltz,Central,Office Supplies,Appliances,48.78,4,0.80,-131.72
US-2013-144057,2013-05-10,2013,5,Cynthia Voltz,Central,Office Supplies,Paper,76.64,2,0.20,26.82
US-2013-144057,2013-05-10,2013,5,Cynthia Voltz,Central,Office Supplies,Binders,18.53,6,0.80,-27.79
US-2013-159093,2013-05-10,2013,5,Ricardo Sperren,West,Office Supplies,Paper,32.04,4,0.00,14.42
CA-2013-117625,2013-05-11,2013,5,Gene McClure,Central,Office Supplies,Envelopes,7.07,2,0.20,2.39
CA-2013-133816,2013-05-11,2013,5,Christopher Schild,East,Technology,Phones,743.99,2,0.40,-124.00
CA-2013-161543,2013-05-11,2013,5,Roger Demir,West,Office Supplies,Paper,11.96,2,0.00,5.86
CA-2013-162733,2013-05-12,2013,5,Ted Trevino,West,Office Supplies,Paper,5.98,1,0.00,2.69
CA-2013-100510,2013-05-13,2013,5,Harry Marie,East,Furniture,Furnishings,10.02,3,0.00,4.41
CA-2013-100510,2013-05-13,2013,5,Harry Marie,East,Technology,Phones,631.96,4,0.00,303.34
CA-2013-109911,2013-05-13,2013,5,Vivek Grady,South,Office Supplies,Art,10.96,4,0.00,2.96
CA-2013-167416,2013-05-13,2013,5,Jill Matthias,West,Office Supplies,Envelopes,54.90,5,0.00,26.90
US-2013-101196,2013-05-13,2013,5,Filia McAdams,East,Office Supplies,Storage,82.37,2,0.20,-19.56
US-2013-123610,2013-05-13,2013,5,Vivian Mathis,West,Technology,Accessories,120.00,6,0.00,46.80
US-2013-123610,2013-05-13,2013,5,Vivian Mathis,West,Office Supplies,Appliances,8.67,1,0.00,2.34
CA-2013-108224,2013-05-15,2013,5,Tiffany House,West,Technology,Accessories,185.53,7,0.20,48.70
CA-2013-141019,2013-05-15,2013,5,Logan Haushalter,East,Furniture,Furnishings,79.38,1,0.20,29.77
US-2013-148901,2013-05-15,2013,5,Michael Kennedy,South,Office Supplies,Binders,57.58,3,0.70,-44.15
US-2013-148901,2013-05-15,2013,5,Michael Kennedy,South,Office Supplies,Paper,31.10,6,0.20,10.89
US-2013-148901,2013-05-15,2013,5,Michael Kennedy,South,Furniture,Furnishings,30.19,3,0.20,8.30
US-2013-148901,2013-05-15,2013,5,Michael Kennedy,South,Technology,Phones,43.60,5,0.20,4.36
US-2013-148901,2013-05-15,2013,5,Michael Kennedy,South,Office Supplies,Art,4.77,2,0.20,0.42
US-2013-148901,2013-05-15,2013,5,Michael Kennedy,South,Office Supplies,Binders,10.38,2,0.70,-7.61
US-2013-148901,2013-05-15,2013,5,Michael Kennedy,South,Office Supplies,Binders,13.39,8,0.70,-9.82
CA-2013-141180,2013-05-16,2013,5,Darren Powers,South,Office Supplies,Binders,7.76,4,0.70,-5.18
CA-2013-152408,2013-05-16,2013,5,Thomas Thornton,East,Office Supplies,Binders,13.78,3,0.20,4.48
CA-2013-165673,2013-05-16,2013,5,Michael Nguyen,East,Office Supplies,Paper,15.23,4,0.20,5.52
US-2013-146570,2013-05-16,2013,5,Steve Nguyen,South,Office Supplies,Binders,511.84,8,0.00,240.56
US-2013-146570,2013-05-16,2013,5,Steve Nguyen,South,Office Supplies,Art,91.96,4,0.00,25.75
US-2013-146570,2013-05-16,2013,5,Steve Nguyen,South,Office Supplies,Art,8.34,3,0.00,2.17
CA-2013-122133,2013-05-17,2013,5,Jim Radford,East,Office Supplies,Storage,552.56,4,0.00,0.00
CA-2013-130638,2013-05-17,2013,5,Sanjit Chand,West,Furniture,Furnishings,282.84,4,0.00,19.80
CA-2013-130638,2013-05-17,2013,5,Sanjit Chand,West,Office Supplies,Labels,27.72,9,0.00,13.31
CA-2013-133144,2013-05-17,2013,5,Denny Ordway,West,Office Supplies,Paper,17.34,3,0.00,8.50
CA-2013-158435,2013-05-18,2013,5,Arthur Gainer,East,Office Supplies,Supplies,65.17,7,0.00,18.90
CA-2013-158435,2013-05-18,2013,5,Arthur Gainer,East,Office Supplies,Labels,14.62,2,0.00,6.87
CA-2013-158435,2013-05-18,2013,5,Arthur Gainer,East,Furniture,Furnishings,173.24,4,0.00,17.32
US-2013-117037,2013-05-18,2013,5,Luke Weiss,Central,Office Supplies,Binders,2.89,1,0.80,-4.77
US-2013-117037,2013-05-18,2013,5,Luke Weiss,Central,Office Supplies,Fasteners,7.90,3,0.20,2.47
US-2013-117037,2013-05-18,2013,5,Luke Weiss,Central,Furniture,Furnishings,22.61,3,0.60,-10.17
US-2013-117037,2013-05-18,2013,5,Luke Weiss,Central,Office Supplies,Paper,30.53,8,0.20,9.54
US-2013-150567,2013-05-18,2013,5,Roy Phan,South,Office Supplies,Binders,2.95,2,0.70,-2.16
US-2013-150567,2013-05-18,2013,5,Roy Phan,South,Office Supplies,Binders,27.02,6,0.70,-21.61
CA-2013-122728,2013-05-19,2013,5,Eric Barreto,West,Office Supplies,Storage,104.28,3,0.00,26.07
CA-2013-122728,2013-05-19,2013,5,Eric Barreto,West,Office Supplies,Paper,17.94,3,0.00,8.79
CA-2013-126935,2013-05-20,2013,5,Bill Tyler,West,Office Supplies,Binders,9.58,1,0.20,3.35
CA-2013-138282,2013-05-20,2013,5,Anna Häberlin,West,Office Supplies,Appliances,87.84,8,0.00,23.72
CA-2013-157245,2013-05-20,2013,5,Laurel Elliston,South,Furniture,Chairs,641.96,2,0.00,179.75
CA-2013-169943,2013-05-20,2013,5,Bradley Nguyen,East,Office Supplies,Appliances,242.90,5,0.00,70.44
CA-2013-169943,2013-05-20,2013,5,Bradley Nguyen,East,Office Supplies,Storage,454.90,5,0.00,0.00
CA-2013-169943,2013-05-20,2013,5,Bradley Nguyen,East,Furniture,Furnishings,35.92,4,0.00,15.09
CA-2013-169943,2013-05-20,2013,5,Bradley Nguyen,East,Furniture,Furnishings,39.76,8,0.00,12.33
CA-2013-169943,2013-05-20,2013,5,Bradley Nguyen,East,Office Supplies,Binders,47.74,4,0.20,14.92
US-2013-152835,2013-05-20,2013,5,Roy Phan,Central,Office Supplies,Art,21.40,5,0.00,6.21
CA-2013-105256,2013-05-21,2013,5,Joe Kamberova,South,Technology,Phones,1363.96,5,0.20,85.25
CA-2013-108567,2013-05-21,2013,5,Dean Braden,South,Office Supplies,Binders,2.69,2,0.70,-2.25
CA-2013-115917,2013-05-21,2013,5,Rick Bensley,West,Furniture,Furnishings,1049.20,5,0.00,272.79
CA-2013-115917,2013-05-21,2013,5,Rick Bensley,West,Office Supplies,Binders,15.42,4,0.20,5.01
CA-2013-146010,2013-05-21,2013,5,Eugene Hildebrand,West,Office Supplies,Binders,40.64,7,0.70,-32.51
CA-2013-107202,2013-05-22,2013,5,Linda Cazamias,West,Technology,Machines,2396.40,10,0.20,179.73
CA-2013-114209,2013-05-22,2013,5,Alejandro Savely,Central,Office Supplies,Binders,1.96,2,0.80,-3.24
CA-2013-114209,2013-05-22,2013,5,Alejandro Savely,Central,Office Supplies,Paper,82.66,9,0.20,31.00
CA-2013-125920,2013-05-22,2013,5,Sally Hughsby,Central,Office Supplies,Binders,3.80,3,0.80,-5.89
CA-2013-127642,2013-05-22,2013,5,Christine Phan,East,Office Supplies,Paper,111.96,2,0.00,54.86
US-2013-139486,2013-05-22,2013,5,Logan Haushalter,West,Technology,Phones,55.18,3,0.20,-12.41
US-2013-139486,2013-05-22,2013,5,Logan Haushalter,West,Technology,Accessories,66.26,2,0.00,27.17
CA-2013-146934,2013-05-23,2013,5,Art Ferguson,East,Technology,Phones,345.00,5,0.00,86.25
CA-2013-146934,2013-05-23,2013,5,Art Ferguson,East,Furniture,Tables,174.29,2,0.30,-19.92
CA-2013-146934,2013-05-23,2013,5,Art Ferguson,East,Office Supplies,Appliances,662.84,4,0.00,172.34
CA-2013-146934,2013-05-23,2013,5,Art Ferguson,East,Technology,Accessories,95.10,5,0.00,30.43
CA-2013-146934,2013-05-23,2013,5,Art Ferguson,East,Office Supplies,Envelopes,26.88,6,0.00,12.90
CA-2013-146934,2013-05-23,2013,5,Art Ferguson,East,Technology,Phones,257.98,2,0.00,74.81
CA-2013-154081,2013-05-23,2013,5,Jim Epp,West,Technology,Phones,222.38,2,0.20,22.24
CA-2013-159653,2013-05-23,2013,5,Jeremy Farry,South,Office Supplies,Labels,14.73,3,0.00,7.22
CA-2013-133725,2013-05-24,2013,5,Ken Lonsdale,Central,Technology,Phones,1979.93,9,0.20,148.49
CA-2013-142762,2013-05-24,2013,5,Lisa DeCherney,West,Furniture,Furnishings,37.05,3,0.00,16.30
CA-2013-143714,2013-05-24,2013,5,Christopher Conant,East,Technology,Copiers,8399.98,4,0.40,1120.00
CA-2013-143714,2013-05-24,2013,5,Christopher Conant,East,Office Supplies,Binders,6.29,1,0.70,-4.20
CA-2013-143714,2013-05-24,2013,5,Christopher Conant,East,Office Supplies,Paper,10.37,2,0.20,3.63
CA-2013-143714,2013-05-24,2013,5,Christopher Conant,East,Technology,Phones,122.38,3,0.40,-24.48
CA-2013-154403,2013-05-24,2013,5,Anne Pryor,South,Office Supplies,Paper,4.98,1,0.00,2.44
CA-2013-136126,2013-05-25,2013,5,Eugene Hildebrand,South,Office Supplies,Supplies,69.50,5,0.00,20.16
CA-2013-136126,2013-05-25,2013,5,Eugene Hildebrand,South,Office Supplies,Paper,191.60,4,0.00,91.97
CA-2013-138583,2013-05-25,2013,5,Dennis Pardue,East,Office Supplies,Art,16.66,3,0.20,3.33
CA-2013-139269,2013-05-26,2013,5,Julia Barnett,South,Furniture,Furnishings,24.96,4,0.00,6.24
CA-2013-139269,2013-05-26,2013,5,Julia Barnett,South,Office Supplies,Paper,19.36,2,0.00,9.29
CA-2013-139269,2013-05-26,2013,5,Julia Barnett,South,Office Supplies,Storage,1267.65,9,0.00,152.12
CA-2013-113236,2013-05-27,2013,5,Cathy Prescott,South,Office Supplies,Storage,184.70,6,0.20,13.85
CA-2013-113236,2013-05-27,2013,5,Cathy Prescott,South,Technology,Accessories,47.92,2,0.20,11.98
CA-2013-119186,2013-05-27,2013,5,Maurice Satty,Central,Office Supplies,Paper,10.37,2,0.20,3.63
CA-2013-119186,2013-05-27,2013,5,Maurice Satty,Central,Furniture,Chairs,388.43,5,0.30,-88.78
CA-2013-119186,2013-05-27,2013,5,Maurice Satty,Central,Office Supplies,Paper,14.35,3,0.20,5.20
CA-2013-119186,2013-05-27,2013,5,Maurice Satty,Central,Technology,Accessories,63.99,1,0.20,-7.20
CA-2013-132409,2013-05-27,2013,5,Tiffany House,East,Office Supplies,Art,1.50,1,0.20,0.17
CA-2013-132409,2013-05-27,2013,5,Tiffany House,East,Office Supplies,Appliances,34.85,2,0.20,6.53
CA-2013-148852,2013-05-27,2013,5,Stewart Visinsky,West,Office Supplies,Fasteners,5.94,3,0.00,0.00
CA-2013-148852,2013-05-27,2013,5,Stewart Visinsky,West,Office Supplies,Paper,45.36,7,0.00,21.77
CA-2013-148852,2013-05-27,2013,5,Stewart Visinsky,West,Technology,Phones,211.17,4,0.20,23.76
CA-2013-148852,2013-05-27,2013,5,Stewart Visinsky,West,Furniture,Chairs,484.70,6,0.20,-84.82
CA-2013-148852,2013-05-27,2013,5,Stewart Visinsky,West,Technology,Machines,371.98,3,0.20,116.24
CA-2013-149237,2013-05-27,2013,5,Chris McAfee,Central,Furniture,Furnishings,26.94,3,0.00,11.31
CA-2013-157266,2013-05-27,2013,5,Toby Braunhardt,East,Office Supplies,Paper,19.44,3,0.00,9.33
CA-2013-157266,2013-05-27,2013,5,Toby Braunhardt,East,Office Supplies,Binders,9.64,2,0.00,4.43
CA-2013-157266,2013-05-27,2013,5,Toby Braunhardt,East,Office Supplies,Paper,12.70,2,0.00,5.84
CA-2013-157266,2013-05-27,2013,5,Toby Braunhardt,East,Furniture,Furnishings,41.37,3,0.00,17.38
CA-2013-101791,2013-05-28,2013,5,Brian Stugart,Central,Furniture,Furnishings,25.18,3,0.60,-33.36
CA-2013-101791,2013-05-28,2013,5,Brian Stugart,Central,Furniture,Furnishings,5.58,2,0.60,-1.68
CA-2013-101791,2013-05-28,2013,5,Brian Stugart,Central,Office Supplies,Storage,1297.37,9,0.20,97.30
CA-2013-122903,2013-05-28,2013,5,Laura Armstrong,Central,Furniture,Chairs,3504.90,5,0.00,700.98
CA-2013-122903,2013-05-28,2013,5,Laura Armstrong,Central,Office Supplies,Paper,144.12,3,0.00,69.18
CA-2013-122903,2013-05-28,2013,5,Laura Armstrong,Central,Office Supplies,Paper,314.55,3,0.00,150.98
CA-2013-136994,2013-05-28,2013,5,Lynn Smith,West,Office Supplies,Paper,13.38,2,0.00,6.15
CA-2013-113747,2013-05-29,2013,5,Valerie Dominguez,South,Office Supplies,Art,185.88,6,0.00,50.19
CA-2013-121377,2013-05-29,2013,5,Tanja Norvell,Central,Technology,Phones,286.40,1,0.20,25.06
CA-2013-134803,2013-05-29,2013,5,Clay Ludtke,West,Office Supplies,Appliances,262.24,2,0.00,78.67
CA-2013-134803,2013-05-29,2013,5,Clay Ludtke,West,Office Supplies,Paper,182.72,8,0.00,84.05
CA-2013-134803,2013-05-29,2013,5,Clay Ludtke,West,Technology,Accessories,131.60,7,0.00,7.90
CA-2013-134803,2013-05-29,2013,5,Clay Ludtke,West,Office Supplies,Binders,22.72,4,0.20,7.38
CA-2013-134803,2013-05-29,2013,5,Clay Ludtke,West,Technology,Machines,558.40,2,0.20,41.88
CA-2013-138695,2013-05-29,2013,5,Kimberly Carter,South,Furniture,Chairs,390.27,8,0.20,-24.39
CA-2013-138695,2013-05-29,2013,5,Kimberly Carter,South,Office Supplies,Paper,62.19,13,0.20,19.44
CA-2013-155565,2013-05-29,2013,5,Edward Hooks,East,Office Supplies,Supplies,54.90,5,0.00,15.37
CA-2013-156573,2013-05-30,2013,5,Raymond Buch,South,Office Supplies,Binders,11.28,3,0.70,-8.65
CA-2013-156573,2013-05-30,2013,5,Raymond Buch,South,Office Supplies,Art,4.45,2,0.20,0.33
CA-2013-156573,2013-05-30,2013,5,Raymond Buch,South,Furniture,Furnishings,44.76,3,0.20,14.55
CA-2013-168753,2013-05-30,2013,5,Rob Lucas,South,Technology,Phones,979.95,5,0.00,274.39
CA-2013-168753,2013-05-30,2013,5,Rob Lucas,South,Office Supplies,Binders,22.75,5,0.00,11.38
CA-2013-108210,2013-05-31,2013,5,Annie Thurman,Central,Technology,Phones,79.96,5,0.20,8.00
CA-2013-108210,2013-05-31,2013,5,Annie Thurman,Central,Technology,Accessories,223.96,5,0.20,11.20
CA-2013-113831,2013-05-31,2013,5,Anna Häberlin,South,Furniture,Tables,2275.50,10,0.00,386.84
CA-2013-113831,2013-05-31,2013,5,Anna Häberlin,South,Technology,Accessories,1979.70,6,0.00,653.30
CA-2013-113831,2013-05-31,2013,5,Anna Häberlin,South,Office Supplies,Labels,62.10,6,0.00,29.81
CA-2013-129728,2013-05-31,2013,5,Jason Gross,West,Furniture,Furnishings,167.84,8,0.00,11.75
CA-2013-145499,2013-05-31,2013,5,Robert Waldorf,South,Office Supplies,Binders,3.28,2,0.70,-2.63
CA-2013-147473,2013-05-31,2013,5,Nancy Lomonaco,West,Office Supplies,Paper,38.88,6,0.00,18.66
CA-2013-152730,2013-05-31,2013,5,Eugene Moren,Central,Office Supplies,Appliances,364.74,3,0.00,109.42
CA-2013-152730,2013-05-31,2013,5,Eugene Moren,Central,Furniture,Furnishings,47.40,5,0.00,21.33
CA-2013-152730,2013-05-31,2013,5,Eugene Moren,Central,Office Supplies,Storage,49.76,4,0.00,13.93
CA-2013-152730,2013-05-31,2013,5,Eugene Moren,Central,Office Supplies,Art,5.56,2,0.00,1.45
CA-2013-152730,2013-05-31,2013,5,Eugene Moren,Central,Office Supplies,Paper,629.10,6,0.00,301.97
CA-2013-152730,2013-05-31,2013,5,Eugene Moren,Central,Office Supplies,Art,14.70,5,0.00,3.97
CA-2013-152730,2013-05-31,2013,5,Eugene Moren,Central,Office Supplies,Paper,45.36,7,0.00,21.77
CA-2013-152730,2013-05-31,2013,5,Eugene Moren,Central,Technology,Phones,125.99,1,0.00,35.28
CA-2013-153682,2013-05-31,2013,5,Brooke Gillingham,East,Technology,Copiers,839.99,2,0.40,70.00
CA-2013-158547,2013-05-31,2013,5,Justin MacKendrick,East,Office Supplies,Appliances,123.92,5,0.20,9.29
CA-2013-166380,2013-05-31,2013,5,Edward Becker,South,Office Supplies,Envelopes,26.55,9,0.00,12.74
CA-2013-166380,2013-05-31,2013,5,Edward Becker,South,Technology,Accessories,111.98,2,0.00,26.88
US-2013-105578,2013-05-31,2013,5,Maribeth Yedwab,West,Office Supplies,Binders,22.62,2,0.70,-15.08
US-2013-105578,2013-05-31,2013,5,Maribeth Yedwab,West,Office Supplies,Binders,14.95,2,0.70,-11.96
US-2013-105578,2013-05-31,2013,5,Maribeth Yedwab,West,Furniture,Chairs,801.57,2,0.20,50.10
US-2013-105578,2013-05-31,2013,5,Maribeth Yedwab,West,Office Supplies,Binders,2.38,3,0.70,-1.90
US-2013-105578,2013-05-31,2013,5,Maribeth Yedwab,West,Office Supplies,Paper,32.79,1,0.20,11.89
CA-2013-150483,2013-06-01,2013,6,Beth Paige,Central,Furniture,Furnishings,32.06,3,0.60,-12.83
CA-2013-150483,2013-06-01,2013,6,Beth Paige,Central,Office Supplies,Paper,18.50,4,0.20,6.70
CA-2013-150483,2013-06-01,2013,6,Beth Paige,Central,Furniture,Chairs,191.08,3,0.30,-38.22
CA-2013-150483,2013-06-01,2013,6,Beth Paige,Central,Office Supplies,Paper,10.37,2,0.20,3.63
CA-2013-168844,2013-06-01,2013,6,Neoma Murray,East,Office Supplies,Binders,7.15,3,0.20,2.32
CA-2013-168844,2013-06-01,2013,6,Neoma Murray,East,Technology,Phones,179.70,6,0.00,88.05
US-2013-119046,2013-06-03,2013,6,Edward Hooks,West,Office Supplies,Paper,30.18,3,0.00,13.88
US-2013-119046,2013-06-03,2013,6,Edward Hooks,West,Office Supplies,Binders,51.65,12,0.20,18.72
US-2013-119046,2013-06-03,2013,6,Edward Hooks,West,Office Supplies,Binders,11.23,3,0.20,3.93
US-2013-128293,2013-06-03,2013,6,Karen Carlisle,East,Office Supplies,Storage,64.78,1,0.20,-12.96
CA-2013-164889,2013-06-04,2013,6,Christine Phan,West,Furniture,Tables,71.09,2,0.20,-1.78
CA-2013-119823,2013-06-05,2013,6,Karen Daniels,South,Office Supplies,Paper,75.88,2,0.00,35.66
CA-2013-157749,2013-06-05,2013,6,Ken Lonsdale,Central,Office Supplies,Paper,25.92,5,0.20,9.40
CA-2013-157749,2013-06-05,2013,6,Ken Lonsdale,Central,Furniture,Furnishings,419.68,5,0.60,-356.73
CA-2013-157749,2013-06-05,2013,6,Ken Lonsdale,Central,Furniture,Furnishings,11.69,3,0.60,-4.68
CA-2013-157749,2013-06-05,2013,6,Ken Lonsdale,Central,Technology,Phones,31.98,2,0.20,11.19
CA-2013-157749,2013-06-05,2013,6,Ken Lonsdale,Central,Furniture,Tables,177.23,5,0.50,-120.51
CA-2013-157749,2013-06-05,2013,6,Ken Lonsdale,Central,Furniture,Furnishings,4.04,3,0.60,-2.83
CA-2013-157749,2013-06-05,2013,6,Ken Lonsdale,Central,Office Supplies,Art,7.41,2,0.20,1.20
CA-2013-165848,2013-06-05,2013,6,Edward Nazzal,East,Office Supplies,Paper,14.94,3,0.00,7.02
CA-2013-165848,2013-06-05,2013,6,Edward Nazzal,East,Technology,Machines,1349.85,3,0.00,364.46
CA-2013-165848,2013-06-05,2013,6,Edward Nazzal,East,Furniture,Bookcases,136.78,1,0.20,5.13
CA-2013-165848,2013-06-05,2013,6,Edward Nazzal,East,Furniture,Furnishings,61.12,4,0.00,20.78
CA-2013-110982,2013-06-06,2013,6,Chloris Kastensmidt,West,Office Supplies,Binders,21.55,6,0.20,7.00
CA-2013-110982,2013-06-06,2013,6,Chloris Kastensmidt,West,Office Supplies,Appliances,58.24,4,0.00,15.72
CA-2013-149671,2013-06-06,2013,6,Ken Brennan,West,Office Supplies,Supplies,61.38,6,0.00,15.96
CA-2013-165169,2013-06-06,2013,6,Janet Lee,East,Office Supplies,Storage,360.38,2,0.00,93.70
CA-2013-165169,2013-06-06,2013,6,Janet Lee,East,Office Supplies,Art,11.16,2,0.00,2.79
CA-2013-165169,2013-06-06,2013,6,Janet Lee,East,Office Supplies,Labels,14.94,3,0.00,6.87
US-2013-134908,2013-06-06,2013,6,Joni Sundaresam,East,Office Supplies,Storage,124.61,4,0.20,-23.36
US-2013-134908,2013-06-06,2013,6,Joni Sundaresam,East,Office Supplies,Labels,7.56,3,0.20,2.65
CA-2013-108350,2013-06-07,2013,6,Scot Coram,East,Office Supplies,Paper,105.52,4,0.00,48.54
CA-2013-112830,2013-06-07,2013,6,Liz Preis,East,Furniture,Furnishings,466.32,3,0.20,34.97
CA-2013-112830,2013-06-07,2013,6,Liz Preis,East,Furniture,Furnishings,82.64,2,0.20,0.00
CA-2013-125318,2013-06-07,2013,6,Roy Collins,Central,Technology,Phones,328.22,4,0.20,28.72
CA-2013-127369,2013-06-07,2013,6,Dave Brooks,East,Office Supplies,Storage,714.30,5,0.00,207.15
CA-2013-160717,2013-06-07,2013,6,Maria Etezadi,West,Technology,Phones,3023.93,9,0.20,226.79
CA-2013-160717,2013-06-07,2013,6,Maria Etezadi,West,Technology,Accessories,26.96,2,0.00,3.77
CA-2013-160717,2013-06-07,2013,6,Maria Etezadi,West,Technology,Phones,477.60,3,0.20,161.19
US-2013-155971,2013-06-07,2013,6,Ross Baird,West,Office Supplies,Labels,22.05,7,0.00,10.58
US-2013-155971,2013-06-07,2013,6,Ross Baird,West,Office Supplies,Paper,99.90,5,0.00,46.95
US-2013-167472,2013-06-07,2013,6,Clytie Kelty,South,Technology,Accessories,179.94,6,0.00,75.57
US-2013-167472,2013-06-07,2013,6,Clytie Kelty,South,Technology,Accessories,26.85,3,0.00,5.10
US-2013-167472,2013-06-07,2013,6,Clytie Kelty,South,Technology,Accessories,323.37,3,0.00,129.35
US-2013-167472,2013-06-07,2013,6,Clytie Kelty,South,Office Supplies,Paper,59.94,3,0.00,28.17
US-2013-167472,2013-06-07,2013,6,Clytie Kelty,South,Office Supplies,Binders,64.14,3,0.00,30.79
US-2013-167472,2013-06-07,2013,6,Clytie Kelty,South,Office Supplies,Binders,11.67,3,0.00,5.60
US-2013-167472,2013-06-07,2013,6,Clytie Kelty,South,Office Supplies,Paper,12.96,2,0.00,6.22
CA-2013-103163,2013-06-08,2013,6,Frank Merwin,West,Office Supplies,Binders,4.78,1,0.20,1.55
CA-2013-103163,2013-06-08,2013,6,Frank Merwin,West,Office Supplies,Paper,4.73,1,0.00,2.32
CA-2013-107475,2013-06-08,2013,6,Roy Skaria,East,Office Supplies,Fasteners,9.65,6,0.20,3.50
CA-2013-120558,2013-06-08,2013,6,Ross DeVincentis,East,Office Supplies,Paper,32.40,5,0.00,15.55
CA-2013-122448,2013-06-10,2013,6,Dean Braden,West,Furniture,Chairs,122.35,3,0.20,13.76
CA-2013-147368,2013-06-10,2013,6,Toby Carlisle,South,Technology,Machines,695.70,2,0.50,-27.83
CA-2013-154662,2013-06-10,2013,6,Benjamin Farhat,Central,Furniture,Tables,692.94,3,0.00,173.24
US-2013-139710,2013-06-10,2013,6,Greg Matthias,West,Technology,Phones,177.48,3,0.20,19.97
CA-2013-113243,2013-06-11,2013,6,Olvera Toch,West,Office Supplies,Labels,20.70,2,0.00,9.94
CA-2013-113243,2013-06-11,2013,6,Olvera Toch,West,Furniture,Tables,1335.68,4,0.20,-217.05
CA-2013-113243,2013-06-11,2013,6,Olvera Toch,West,Office Supplies,Paper,32.40,5,0.00,15.55
CA-2013-121993,2013-06-11,2013,6,Joy Bell-,East,Office Supplies,Labels,23.62,8,0.20,7.97
CA-2013-118745,2013-06-12,2013,6,Seth Vernon,West,Furniture,Tables,902.71,3,0.20,33.85
CA-2013-127775,2013-06-12,2013,6,Erica Smith,East,Technology,Accessories,239.97,3,0.00,71.99
CA-2013-142405,2013-06-12,2013,6,Sanjit Engle,West,Office Supplies,Labels,14.62,2,0.00,6.87
CA-2013-142405,2013-06-12,2013,6,Sanjit Engle,West,Office Supplies,Binders,53.98,14,0.20,17.54
CA-2013-142405,2013-06-12,2013,6,Sanjit Engle,West,Technology,Accessories,389.97,3,0.00,132.59
CA-2013-169922,2013-06-12,2013,6,Mary Zewe,Central,Office Supplies,Binders,1.34,4,0.80,-2.15
CA-2013-169922,2013-06-12,2013,6,Mary Zewe,Central,Office Supplies,Binders,8.27,4,0.80,-13.65
CA-2013-169922,2013-06-12,2013,6,Mary Zewe,Central,Furniture,Furnishings,12.54,7,0.60,-9.09
CA-2013-103730,2013-06-13,2013,6,Steven Cartwright,East,Furniture,Furnishings,47.04,3,0.00,18.35
CA-2013-103730,2013-06-13,2013,6,Steven Cartwright,East,Office Supplies,Binders,30.84,4,0.00,13.88
CA-2013-103730,2013-06-13,2013,6,Steven Cartwright,East,Office Supplies,Storage,226.56,6,0.00,63.44
CA-2013-103730,2013-06-13,2013,6,Steven Cartwright,East,Office Supplies,Envelopes,115.02,9,0.00,51.76
CA-2013-103730,2013-06-13,2013,6,Steven Cartwright,East,Technology,Phones,68.04,7,0.00,19.73
CA-2013-104633,2013-06-13,2013,6,Erin Ashbrook,West,Office Supplies,Paper,185.88,6,0.00,83.65
CA-2013-104633,2013-06-13,2013,6,Erin Ashbrook,West,Office Supplies,Paper,12.96,2,0.00,6.22
CA-2013-120824,2013-06-13,2013,6,Arthur Wiediger,Central,Office Supplies,Appliances,64.38,4,0.80,-160.96
CA-2013-120824,2013-06-13,2013,6,Arthur Wiediger,Central,Furniture,Furnishings,6.98,2,0.60,-4.54
CA-2013-120824,2013-06-13,2013,6,Arthur Wiediger,Central,Office Supplies,Art,11.26,8,0.20,3.94
CA-2013-120824,2013-06-13,2013,6,Arthur Wiediger,Central,Office Supplies,Paper,15.55,3,0.20,5.64
CA-2013-120824,2013-06-13,2013,6,Arthur Wiediger,Central,Furniture,Chairs,379.37,2,0.30,-119.23
CA-2013-120824,2013-06-13,2013,6,Arthur Wiediger,Central,Office Supplies,Storage,67.54,9,0.20,6.75
CA-2013-120824,2013-06-13,2013,6,Arthur Wiediger,Central,Office Supplies,Binders,1.52,2,0.80,-2.67
CA-2013-127208,2013-06-13,2013,6,Stewart Carmichael,South,Office Supplies,Appliances,208.16,1,0.00,56.20
CA-2013-127208,2013-06-13,2013,6,Stewart Carmichael,South,Office Supplies,Binders,16.74,3,0.00,8.04
CA-2013-138688,2013-06-13,2013,6,Darrin Van Huff,West,Office Supplies,Labels,14.62,2,0.00,6.87
CA-2013-139941,2013-06-13,2013,6,Christy Brittain,East,Office Supplies,Paper,92.94,3,0.00,41.82
CA-2013-139941,2013-06-13,2013,6,Christy Brittain,East,Office Supplies,Appliances,52.56,3,0.00,18.40
CA-2013-147375,2013-06-13,2013,6,Philisse Overcash,Central,Technology,Machines,1007.98,3,0.30,43.20
CA-2013-147375,2013-06-13,2013,6,Philisse Overcash,Central,Office Supplies,Paper,313.49,7,0.20,113.64
CA-2013-164035,2013-06-13,2013,6,Craig Reiter,Central,Office Supplies,Paper,23.12,5,0.20,8.38
CA-2013-126795,2013-06-14,2013,6,Greg Tran,East,Office Supplies,Binders,33.57,2,0.20,11.75
CA-2013-136287,2013-06-14,2013,6,Sonia Sunley,Central,Office Supplies,Labels,18.90,3,0.00,8.69
CA-2013-155005,2013-06-14,2013,6,Sample Company A,Central,Technology,Phones,377.97,3,0.00,94.49
CA-2013-107216,2013-06-15,2013,6,Paul Van Hugh,West,Office Supplies,Art,7.04,4,0.00,2.04
CA-2013-107216,2013-06-15,2013,6,Paul Van Hugh,West,Furniture,Furnishings,8.73,3,0.00,4.10
CA-2013-107216,2013-06-15,2013,6,Paul Van Hugh,West,Technology,Accessories,29.29,1,0.00,9.67
CA-2013-107216,2013-06-15,2013,6,Paul Van Hugh,West,Office Supplies,Art,8.64,3,0.00,2.51
CA-2013-128223,2013-06-15,2013,6,Ed Braxton,West,Furniture,Tables,1293.49,7,0.20,80.84
CA-2013-132304,2013-06-15,2013,6,Anthony Rawles,West,Furniture,Tables,1115.17,7,0.00,334.55
CA-2013-133872,2013-06-15,2013,6,Vivian Mathis,South,Office Supplies,Binders,39.94,4,0.70,-26.62
CA-2013-133872,2013-06-15,2013,6,Vivian Mathis,South,Technology,Accessories,18.46,2,0.20,2.31
CA-2013-155747,2013-06-15,2013,6,Jim Sink,East,Furniture,Tables,337.18,2,0.40,-118.01
US-2013-108497,2013-06-15,2013,6,Marc Harrigan,West,Furniture,Bookcases,599.17,5,0.15,35.25
CA-2013-152765,2013-06-16,2013,6,Lynn Smith,Central,Office Supplies,Paper,173.49,7,0.20,54.22
CA-2013-137127,2013-06-17,2013,6,Jennifer Jackson,East,Office Supplies,Labels,9.45,3,0.00,4.54
CA-2013-140977,2013-06-17,2013,6,James Lanier,South,Technology,Machines,91.48,1,0.50,-1.83
CA-2013-148593,2013-06-17,2013,6,Bill Donatelli,West,Office Supplies,Paper,46.35,5,0.00,21.78
CA-2013-107146,2013-06-18,2013,6,Lena Creighton,West,Furniture,Furnishings,266.35,3,0.20,-13.32
CA-2013-107146,2013-06-18,2013,6,Lena Creighton,West,Furniture,Chairs,483.14,4,0.20,54.35
CA-2013-111682,2013-06-18,2013,6,Ted Butterfield,East,Office Supplies,Storage,208.56,6,0.00,52.14
CA-2013-111682,2013-06-18,2013,6,Ted Butterfield,East,Office Supplies,Paper,32.40,5,0.00,15.55
CA-2013-111682,2013-06-18,2013,6,Ted Butterfield,East,Furniture,Chairs,319.41,5,0.10,7.10
CA-2013-111682,2013-06-18,2013,6,Ted Butterfield,East,Office Supplies,Paper,14.56,2,0.00,6.99
CA-2013-111682,2013-06-18,2013,6,Ted Butterfield,East,Technology,Accessories,30.00,2,0.00,3.30
CA-2013-111682,2013-06-18,2013,6,Ted Butterfield,East,Office Supplies,Binders,48.48,4,0.20,16.36
CA-2013-111682,2013-06-18,2013,6,Ted Butterfield,East,Office Supplies,Art,1.68,1,0.00,0.84
CA-2013-123512,2013-06-18,2013,6,Mike Vittorini,West,Furniture,Bookcases,239.67,2,0.15,14.10
CA-2013-123512,2013-06-18,2013,6,Mike Vittorini,West,Office Supplies,Labels,22.50,6,0.00,10.80
CA-2013-123512,2013-06-18,2013,6,Mike Vittorini,West,Office Supplies,Paper,219.84,4,0.00,107.72
CA-2013-129861,2013-06-18,2013,6,Denise Monton,East,Furniture,Tables,376.87,3,0.40,-213.56
CA-2013-133613,2013-06-18,2013,6,Christine Phan,East,Office Supplies,Binders,7.96,2,0.00,3.74
CA-2013-133613,2013-06-18,2013,6,Christine Phan,East,Technology,Phones,566.97,3,0.00,153.08
CA-2013-133613,2013-06-18,2013,6,Christine Phan,East,Office Supplies,Art,9.84,3,0.00,2.85
CA-2013-145842,2013-06-18,2013,6,Fred McMath,East,Office Supplies,Storage,40.74,3,0.00,0.41
CA-2013-159345,2013-06-18,2013,6,Ivan Gibson,West,Office Supplies,Paper,111.96,2,0.00,54.86
CA-2013-131744,2013-06-19,2013,6,Stewart Carmichael,East,Office Supplies,Paper,6.85,2,0.20,2.14
CA-2013-131744,2013-06-19,2013,6,Stewart Carmichael,East,Office Supplies,Binders,4.63,2,0.70,-3.86
CA-2013-131744,2013-06-19,2013,6,Stewart Carmichael,East,Office Supplies,Appliances,453.60,3,0.20,90.72
US-2013-163461,2013-06-19,2013,6,Bobby Trafton,Central,Office Supplies,Paper,76.86,2,0.20,26.90
CA-2013-105760,2013-06-20,2013,6,Karen Carlisle,West,Office Supplies,Paper,17.12,2,0.00,8.05
CA-2013-108581,2013-06-21,2013,6,Erin Ashbrook,Central,Technology,Accessories,95.97,4,0.20,26.39
CA-2013-108581,2013-06-21,2013,6,Erin Ashbrook,Central,Office Supplies,Paper,10.37,2,0.20,3.63
CA-2013-140081,2013-06-21,2013,6,Catherine Glotzbach,East,Office Supplies,Paper,45.06,8,0.20,15.21
CA-2013-140081,2013-06-21,2013,6,Catherine Glotzbach,East,Office Supplies,Binders,29.72,6,0.70,-21.79
CA-2013-140081,2013-06-21,2013,6,Catherine Glotzbach,East,Office Supplies,Paper,15.55,3,0.20,5.44
CA-2013-140081,2013-06-21,2013,6,Catherine Glotzbach,East,Office Supplies,Appliances,447.70,2,0.20,33.58
CA-2013-141397,2013-06-21,2013,6,Roy Collins,West,Office Supplies,Paper,46.76,7,0.00,22.44
CA-2013-141397,2013-06-21,2013,6,Roy Collins,West,Office Supplies,Binders,17.71,3,0.20,6.42
CA-2013-141397,2013-06-21,2013,6,Roy Collins,West,Office Supplies,Appliances,21.78,2,0.00,5.66
CA-2013-141397,2013-06-21,2013,6,Roy Collins,West,Office Supplies,Storage,161.94,3,0.00,9.72
CA-2013-141397,2013-06-21,2013,6,Roy Collins,West,Furniture,Chairs,161.57,2,0.20,-8.08
CA-2013-149965,2013-06-21,2013,6,Bill Shonely,Central,Technology,Accessories,6.90,1,0.00,0.55
CA-2013-149965,2013-06-21,2013,6,Bill Shonely,Central,Furniture,Furnishings,57.69,3,0.00,23.65
CA-2013-152534,2013-06-21,2013,6,Dave Poirier,West,Office Supplies,Art,5.16,2,0.00,1.34
CA-2013-152534,2013-06-21,2013,6,Dave Poirier,West,Office Supplies,Paper,38.88,6,0.00,18.66
CA-2013-169194,2013-06-21,2013,6,Lena Hernandez,East,Technology,Accessories,45.00,3,0.00,4.95
CA-2013-169194,2013-06-21,2013,6,Lena Hernandez,East,Technology,Phones,21.80,2,0.00,6.10
CA-2013-119865,2013-06-22,2013,6,Adam Shillingsburg,East,Office Supplies,Binders,36.56,5,0.20,12.80
CA-2013-119865,2013-06-22,2013,6,Adam Shillingsburg,East,Office Supplies,Binders,186.14,6,0.20,60.50
CA-2013-119865,2013-06-22,2013,6,Adam Shillingsburg,East,Furniture,Bookcases,353.57,2,0.20,-44.20
CA-2013-168361,2013-06-22,2013,6,Ken Brennan,Central,Office Supplies,Binders,0.84,1,0.80,-1.34
CA-2013-140382,2013-06-24,2013,6,Ruben Dartt,West,Office Supplies,Storage,93.68,4,0.00,25.29
CA-2013-140382,2013-06-24,2013,6,Ruben Dartt,West,Office Supplies,Labels,21.93,3,0.00,10.31
CA-2013-140382,2013-06-24,2013,6,Ruben Dartt,West,Technology,Phones,862.34,7,0.20,97.01
CA-2013-140382,2013-06-24,2013,6,Ruben Dartt,West,Office Supplies,Paper,19.98,1,0.00,9.39
CA-2013-140501,2013-06-24,2013,6,Irene Maddox,East,Office Supplies,Labels,122.12,4,0.00,56.18
CA-2013-140501,2013-06-24,2013,6,Irene Maddox,East,Office Supplies,Labels,18.45,5,0.00,8.67
CA-2013-140501,2013-06-24,2013,6,Irene Maddox,East,Office Supplies,Storage,324.90,5,0.00,38.99
CA-2013-140501,2013-06-24,2013,6,Irene Maddox,East,Office Supplies,Paper,146.73,3,0.00,68.96
CA-2013-140501,2013-06-24,2013,6,Irene Maddox,East,Office Supplies,Fasteners,3.96,2,0.00,1.47
US-2013-142685,2013-06-24,2013,6,Maureen Gnade,East,Office Supplies,Supplies,835.17,7,0.00,16.70
US-2013-154256,2013-06-24,2013,6,Sally Matthias,East,Office Supplies,Labels,25.83,7,0.00,12.14
CA-2013-100300,2013-06-25,2013,6,Max Jones,West,Technology,Machines,4476.80,4,0.20,503.64
CA-2013-100300,2013-06-25,2013,6,Max Jones,West,Office Supplies,Paper,104.85,1,0.00,50.33
CA-2013-100300,2013-06-25,2013,6,Max Jones,West,Office Supplies,Appliances,241.44,3,0.00,72.43
CA-2013-101987,2013-06-25,2013,6,Hunter Lopez,Central,Technology,Phones,440.91,9,0.00,123.45
CA-2013-130680,2013-06-25,2013,6,Bill Donatelli,West,Technology,Phones,38.24,4,0.20,-9.56
CA-2013-166240,2013-06-25,2013,6,Dave Hallsten,Central,Office Supplies,Appliances,8.71,2,0.80,-19.60
CA-2013-101693,2013-06-26,2013,6,Logan Currie,Central,Furniture,Chairs,85.25,2,0.30,-6.09
CA-2013-101693,2013-06-26,2013,6,Logan Currie,Central,Furniture,Furnishings,32.71,2,0.60,-26.17
CA-2013-118913,2013-06-26,2013,6,Alan Shonely,West,Office Supplies,Appliances,60.81,3,0.00,17.03
US-2013-152051,2013-06-26,2013,6,Theresa Swint,East,Furniture,Chairs,422.06,3,0.30,-18.09
US-2013-152051,2013-06-26,2013,6,Theresa Swint,East,Office Supplies,Binders,38.09,4,0.70,-27.93
US-2013-152051,2013-06-26,2013,6,Theresa Swint,East,Office Supplies,Storage,254.35,6,0.20,-50.87
CA-2013-100790,2013-06-27,2013,6,John Grady,East,Office Supplies,Art,14.70,5,0.00,6.62
CA-2013-100790,2013-06-27,2013,6,John Grady,East,Office Supplies,Storage,704.25,5,0.00,84.51
CA-2013-102127,2013-06-27,2013,6,Victoria Pisteka,East,Technology,Accessories,20.97,3,0.00,9.02
CA-2013-102127,2013-06-27,2013,6,Victoria Pisteka,East,Technology,Accessories,139.96,4,0.00,9.80
CA-2013-102127,2013-06-27,2013,6,Victoria Pisteka,East,Furniture,Furnishings,37.74,3,0.00,12.83
CA-2013-114951,2013-06-27,2013,6,Duane Noonan,West,Furniture,Furnishings,22.14,3,0.00,6.42
CA-2013-118101,2013-06-27,2013,6,Skye Norling,Central,Office Supplies,Paper,368.91,9,0.00,180.77
CA-2013-118101,2013-06-27,2013,6,Skye Norling,Central,Office Supplies,Binders,8.02,1,0.00,3.77
CA-2013-118101,2013-06-27,2013,6,Skye Norling,Central,Office Supplies,Storage,171.04,4,0.00,44.47
CA-2013-119445,2013-06-27,2013,6,Gene McClure,East,Office Supplies,Storage,14.90,5,0.00,1.04
CA-2013-144015,2013-06-27,2013,6,Adam Hart,West,Office Supplies,Supplies,231.72,2,0.00,11.59
CA-2013-144015,2013-06-27,2013,6,Adam Hart,West,Office Supplies,Fasteners,17.90,5,0.00,8.95
CA-2013-144015,2013-06-27,2013,6,Adam Hart,West,Office Supplies,Paper,12.48,2,0.00,5.62
CA-2013-152331,2013-06-27,2013,6,Lela Donovan,Central,Office Supplies,Art,5.30,3,0.20,0.46
CA-2013-160234,2013-06-27,2013,6,Phillip Flathmann,South,Technology,Phones,135.95,1,0.00,39.43
US-2013-158708,2013-06-27,2013,6,Alejandro Ballentine,Central,Technology,Accessories,13.62,2,0.20,3.57
CA-2013-153577,2013-06-28,2013,6,Katharine Harms,Central,Office Supplies,Paper,37.46,7,0.20,12.18
CA-2013-153577,2013-06-28,2013,6,Katharine Harms,Central,Furniture,Chairs,539.66,3,0.30,-7.71
CA-2013-161928,2013-06-28,2013,6,Anna Chung,West,Technology,Phones,201.58,2,0.20,12.60
CA-2013-110044,2013-06-29,2013,6,Roland Fjeld,Central,Technology,Phones,359.98,3,0.20,36.00
CA-2013-154767,2013-06-29,2013,6,Becky Pak,East,Furniture,Chairs,121.96,2,0.00,20.73
CA-2013-154767,2013-06-29,2013,6,Becky Pak,East,Office Supplies,Appliances,8.74,2,0.00,2.27
CA-2013-154767,2013-06-29,2013,6,Becky Pak,East,Office Supplies,Paper,61.96,2,0.00,27.88
CA-2013-154767,2013-06-29,2013,6,Becky Pak,East,Office Supplies,Binders,7.96,2,0.00,3.74
CA-2013-154767,2013-06-29,2013,6,Becky Pak,East,Office Supplies,Appliances,275.24,4,0.00,121.11
CA-2013-161095,2013-06-29,2013,6,Chris Selesnick,West,Office Supplies,Binders,7.75,3,0.20,2.81
CA-2013-161095,2013-06-29,2013,6,Chris Selesnick,West,Office Supplies,Binders,33.57,2,0.20,11.75
CA-2013-140543,2013-06-30,2013,6,Corey-Lock,South,Office Supplies,Storage,191.88,6,0.00,19.19
CA-2013-135594,2013-07-01,2013,7,Adrian Hane,Central,Technology,Accessories,50.12,7,0.20,-0.63
CA-2013-162355,2013-07-01,2013,7,Philip Fox,South,Office Supplies,Art,35.97,3,0.00,9.71
CA-2013-162355,2013-07-01,2013,7,Philip Fox,South,Furniture,Bookcases,1266.86,7,0.00,291.38
CA-2013-139997,2013-07-02,2013,7,Eugene Moren,West,Technology,Copiers,1499.95,5,0.00,449.99
CA-2013-152163,2013-07-02,2013,7,Jay Fein,South,Office Supplies,Binders,14.20,2,0.00,6.53
CA-2013-152163,2013-07-02,2013,7,Jay Fein,South,Office Supplies,Paper,12.96,2,0.00,6.22
CA-2013-152163,2013-07-02,2013,7,Jay Fein,South,Office Supplies,Binders,58.34,2,0.00,28.00
US-2013-126431,2013-07-02,2013,7,Stephanie Ulpright,East,Office Supplies,Labels,30.53,1,0.00,14.04
US-2013-126431,2013-07-02,2013,7,Stephanie Ulpright,East,Technology,Accessories,30.84,3,0.00,6.17
US-2013-126431,2013-07-02,2013,7,Stephanie Ulpright,East,Office Supplies,Paper,75.06,9,0.00,33.78
US-2013-158680,2013-07-02,2013,7,Nick Zandusky,West,Office Supplies,Binders,2.50,1,0.20,0.90
CA-2013-101469,2013-07-03,2013,7,Katherine Hughes,South,Office Supplies,Art,7.70,2,0.00,3.16
CA-2013-102813,2013-07-03,2013,7,Erin Ashbrook,Central,Furniture,Chairs,528.43,5,0.30,0.00
CA-2013-102813,2013-07-03,2013,7,Erin Ashbrook,Central,Office Supplies,Paper,41.47,8,0.20,14.52
CA-2013-149314,2013-07-03,2013,7,George Bell,West,Furniture,Chairs,195.18,1,0.20,19.52
CA-2013-104983,2013-07-04,2013,7,Filia McAdams,East,Office Supplies,Paper,123.92,5,0.20,38.73
CA-2013-130029,2013-07-04,2013,7,Guy Thornton,West,Office Supplies,Paper,12.96,2,0.00,6.22
CA-2013-130029,2013-07-04,2013,7,Guy Thornton,West,Office Supplies,Fasteners,3.96,2,0.00,0.08
CA-2013-168543,2013-07-04,2013,7,Dean Katz,East,Office Supplies,Appliances,706.86,7,0.00,197.92
CA-2013-103107,2013-07-05,2013,7,Rick Bensley,West,Furniture,Furnishings,25.40,5,0.00,8.64
CA-2013-103107,2013-07-05,2013,7,Rick Bensley,West,Technology,Phones,177.48,3,0.20,19.97
CA-2013-103107,2013-07-05,2013,7,Rick Bensley,West,Technology,Phones,71.98,3,0.20,9.00
CA-2013-147137,2013-07-05,2013,7,Anna Andreadi,West,Furniture,Furnishings,25.40,5,0.00,8.64
CA-2013-147137,2013-07-05,2013,7,Anna Andreadi,West,Office Supplies,Envelopes,43.96,2,0.00,20.66
CA-2013-147137,2013-07-05,2013,7,Anna Andreadi,West,Furniture,Bookcases,1279.17,5,0.15,225.74
CA-2013-147137,2013-07-05,2013,7,Anna Andreadi,West,Office Supplies,Storage,27.92,4,0.00,0.56
CA-2013-100965,2013-07-08,2013,7,Raymond Messe,West,Furniture,Furnishings,215.65,5,0.00,73.32
CA-2013-106397,2013-07-08,2013,7,Max Jones,West,Office Supplies,Paper,12.96,2,0.00,6.22
CA-2013-106397,2013-07-08,2013,7,Max Jones,West,Office Supplies,Art,45.98,2,0.00,12.87
CA-2013-114713,2013-07-08,2013,7,Steve Chapman,South,Office Supplies,Supplies,45.58,7,0.20,5.13
CA-2013-129308,2013-07-08,2013,7,Chad Cunningham,East,Office Supplies,Labels,10.08,2,0.20,3.28
CA-2013-129308,2013-07-08,2013,7,Chad Cunningham,East,Technology,Phones,59.99,1,0.40,-13.00
CA-2013-129308,2013-07-08,2013,7,Chad Cunningham,East,Office Supplies,Binders,5.72,5,0.70,-4.76
CA-2013-129308,2013-07-08,2013,7,Chad Cunningham,East,Office Supplies,Binders,9.42,5,0.70,-7.85
CA-2013-135265,2013-07-08,2013,7,Christopher Conant,West,Furniture,Chairs,287.97,4,0.20,-3.60
CA-2013-135265,2013-07-08,2013,7,Christopher Conant,West,Technology,Copiers,2799.96,5,0.20,944.99
CA-2013-135265,2013-07-08,2013,7,Christopher Conant,West,Office Supplies,Paper,48.94,1,0.00,24.47
CA-2013-159940,2013-07-08,2013,7,Barry Französisch,Central,Furniture,Furnishings,60.29,8,0.60,-27.13
CA-2013-159940,2013-07-08,2013,7,Barry Französisch,Central,Office Supplies,Fasteners,2.63,1,0.20,0.82
CA-2013-159940,2013-07-08,2013,7,Barry Französisch,Central,Office Supplies,Paper,23.69,9,0.20,7.70
CA-2013-159940,2013-07-08,2013,7,Barry Französisch,Central,Furniture,Chairs,253.37,2,0.30,-14.48
CA-2013-112109,2013-07-09,2013,7,Joe Elijah,West,Office Supplies,Binders,19.97,2,0.70,-13.31
CA-2013-112109,2013-07-09,2013,7,Joe Elijah,West,Office Supplies,Storage,33.49,7,0.20,-1.26
CA-2013-112109,2013-07-09,2013,7,Joe Elijah,West,Office Supplies,Binders,8.74,4,0.70,-6.12
CA-2013-112109,2013-07-09,2013,7,Joe Elijah,West,Furniture,Chairs,662.88,3,0.20,74.57
CA-2013-152471,2013-07-09,2013,7,Zuschuss Donatelli,South,Technology,Phones,823.96,5,0.20,51.50
CA-2013-152471,2013-07-09,2013,7,Zuschuss Donatelli,South,Office Supplies,Paper,15.98,2,0.20,5.00
CA-2013-152520,2013-07-09,2013,7,Thea Hudgings,East,Office Supplies,Paper,12.96,2,0.00,6.22
CA-2013-155474,2013-07-09,2013,7,Chris Cortes,West,Technology,Phones,107.98,1,0.20,9.45
CA-2013-155474,2013-07-09,2013,7,Chris Cortes,West,Office Supplies,Binders,19.30,3,0.20,6.03
CA-2013-156685,2013-07-09,2013,7,Scot Coram,Central,Technology,Phones,863.64,9,0.20,107.96
CA-2013-156685,2013-07-09,2013,7,Scot Coram,Central,Office Supplies,Art,47.62,3,0.20,3.57
CA-2013-136329,2013-07-10,2013,7,Jonathan Doherty,East,Furniture,Chairs,408.01,2,0.10,72.53
CA-2013-136329,2013-07-10,2013,7,Jonathan Doherty,East,Furniture,Furnishings,165.28,4,0.00,14.88
CA-2013-126613,2013-07-11,2013,7,Allen Armold,West,Office Supplies,Storage,16.77,2,0.20,1.47
CA-2013-134222,2013-07-11,2013,7,Nick Zandusky,West,Office Supplies,Binders,44.86,6,0.70,-35.88
CA-2013-164924,2013-07-11,2013,7,Erin Ashbrook,East,Technology,Machines,341.99,3,0.70,-319.19
US-2013-131149,2013-07-11,2013,7,Logan Haushalter,Central,Office Supplies,Storage,338.04,3,0.20,-33.80
US-2013-131149,2013-07-11,2013,7,Logan Haushalter,Central,Office Supplies,Art,154.24,4,0.20,17.35
CA-2013-103891,2013-07-13,2013,7,Kristen Hastings,West,Technology,Phones,95.76,6,0.20,7.18
CA-2013-101378,2013-07-15,2013,7,Rob Haberlin,South,Technology,Accessories,29.00,2,0.00,7.25
CA-2013-101966,2013-07-15,2013,7,Bryan Mills,Central,Technology,Phones,419.94,7,0.20,52.49
CA-2013-109953,2013-07-15,2013,7,Raymond Buch,West,Technology,Phones,110.38,3,0.20,12.42
CA-2013-109953,2013-07-15,2013,7,Raymond Buch,West,Office Supplies,Appliances,151.62,7,0.00,50.03
CA-2013-109953,2013-07-15,2013,7,Raymond Buch,West,Furniture,Furnishings,30.80,4,0.00,10.16
CA-2013-115483,2013-07-15,2013,7,John Stevenson,Central,Office Supplies,Paper,219.84,5,0.20,79.69
CA-2013-117282,2013-07-15,2013,7,Dan Reichenbach,East,Office Supplies,Binders,14.16,2,0.20,5.13
CA-2013-120180,2013-07-15,2013,7,Theone Pippenger,East,Office Supplies,Supplies,11.63,2,0.20,1.02
CA-2013-136924,2013-07-15,2013,7,Erin Smith,West,Technology,Phones,380.86,8,0.20,38.09
CA-2013-137050,2013-07-15,2013,7,Steven Ward,East,Office Supplies,Storage,11.21,1,0.00,3.36
CA-2013-137050,2013-07-15,2013,7,Steven Ward,East,Office Supplies,Binders,9.14,3,0.20,3.20
CA-2013-137050,2013-07-15,2013,7,Steven Ward,East,Office Supplies,Fasteners,14.07,7,0.00,6.89
CA-2013-137050,2013-07-15,2013,7,Steven Ward,East,Office Supplies,Art,41.86,7,0.00,10.47
CA-2013-137050,2013-07-15,2013,7,Steven Ward,East,Office Supplies,Binders,8.54,2,0.20,2.88
CA-2013-137050,2013-07-15,2013,7,Steven Ward,East,Furniture,Bookcases,579.14,4,0.20,21.72
CA-2013-157588,2013-07-15,2013,7,Anemone Ratner,South,Office Supplies,Binders,36.40,5,0.00,17.11
CA-2013-157588,2013-07-15,2013,7,Anemone Ratner,South,Furniture,Furnishings,51.75,1,0.00,15.53
CA-2013-169215,2013-07-15,2013,7,Richard Eichhorn,East,Office Supplies,Fasteners,29.61,9,0.00,13.32
CA-2013-122322,2013-07-16,2013,7,Rick Huthwaite,West,Office Supplies,Supplies,44.40,5,0.00,12.43
US-2013-168095,2013-07-16,2013,7,Mark Cousins,West,Furniture,Chairs,230.28,3,0.20,23.03
US-2013-168095,2013-07-16,2013,7,Mark Cousins,West,Office Supplies,Paper,105.52,5,0.20,34.29
CA-2013-130050,2013-07-17,2013,7,Mark Cousins,Central,Furniture,Furnishings,9.55,3,0.60,-3.82
CA-2013-157000,2013-07-17,2013,7,Alice McCarthy,Central,Office Supplies,Storage,37.22,3,0.20,3.72
CA-2013-157000,2013-07-17,2013,7,Alice McCarthy,Central,Office Supplies,Paper,20.02,3,0.20,6.26
CA-2013-157161,2013-07-17,2013,7,Jonathan Doherty,South,Office Supplies,Envelopes,10.20,5,0.00,4.79
CA-2013-157161,2013-07-17,2013,7,Jonathan Doherty,South,Office Supplies,Art,22.32,3,0.00,5.58
CA-2013-157161,2013-07-17,2013,7,Jonathan Doherty,South,Office Supplies,Binders,24.10,5,0.00,11.09
CA-2013-157161,2013-07-17,2013,7,Jonathan Doherty,South,Technology,Accessories,75.98,2,0.00,18.24
CA-2013-157161,2013-07-17,2013,7,Jonathan Doherty,South,Office Supplies,Binders,6.46,2,0.00,3.17
CA-2013-157161,2013-07-17,2013,7,Jonathan Doherty,South,Office Supplies,Paper,60.12,9,0.00,28.86
US-2013-100720,2013-07-17,2013,7,Chloris Kastensmidt,East,Technology,Phones,143.98,3,0.40,-28.80
US-2013-100720,2013-07-17,2013,7,Chloris Kastensmidt,East,Technology,Phones,494.38,4,0.40,-115.35
US-2013-100720,2013-07-17,2013,7,Chloris Kastensmidt,East,Office Supplies,Supplies,5.84,2,0.20,0.73
CA-2013-101343,2013-07-18,2013,7,Ruben Ausman,West,Office Supplies,Storage,77.88,2,0.00,3.89
CA-2013-116603,2013-07-18,2013,7,Annie Thurman,East,Office Supplies,Appliances,45.96,2,0.00,13.79
CA-2013-121671,2013-07-18,2013,7,Andrew Allen,Central,Office Supplies,Paper,21.93,3,0.00,10.09
CA-2013-121671,2013-07-18,2013,7,Andrew Allen,Central,Office Supplies,Storage,242.94,3,0.00,4.86
CA-2013-121671,2013-07-18,2013,7,Andrew Allen,Central,Office Supplies,Paper,7.64,1,0.00,3.74
CA-2013-121671,2013-07-18,2013,7,Andrew Allen,Central,Office Supplies,Paper,51.84,8,0.00,25.40
CA-2013-121671,2013-07-18,2013,7,Andrew Allen,Central,Office Supplies,Storage,265.17,1,0.00,47.73
CA-2013-131835,2013-07-18,2013,7,Matt Collister,East,Office Supplies,Appliances,162.64,2,0.00,45.54
CA-2013-131835,2013-07-18,2013,7,Matt Collister,East,Technology,Phones,597.00,3,0.00,280.59
CA-2013-131835,2013-07-18,2013,7,Matt Collister,East,Office Supplies,Paper,55.48,1,0.00,26.63
US-2013-139087,2013-07-18,2013,7,Dennis Kane,West,Furniture,Furnishings,12.42,3,0.00,4.47
US-2013-139087,2013-07-18,2013,7,Dennis Kane,West,Technology,Accessories,428.40,3,0.00,89.96
US-2013-139087,2013-07-18,2013,7,Dennis Kane,West,Furniture,Furnishings,24.75,5,0.00,10.89
US-2013-139087,2013-07-18,2013,7,Dennis Kane,West,Office Supplies,Labels,87.71,7,0.00,41.22
US-2013-139087,2013-07-18,2013,7,Dennis Kane,West,Office Supplies,Storage,69.52,2,0.00,17.38
US-2013-139087,2013-07-18,2013,7,Dennis Kane,West,Technology,Phones,20.78,2,0.20,-4.68
US-2013-139087,2013-07-18,2013,7,Dennis Kane,West,Office Supplies,Binders,12.82,3,0.20,4.17
CA-2013-102561,2013-07-19,2013,7,Neil Knudson,East,Office Supplies,Art,11.26,8,0.20,1.27
CA-2013-102561,2013-07-19,2013,7,Neil Knudson,East,Office Supplies,Storage,284.08,10,0.20,24.86
CA-2013-102561,2013-07-19,2013,7,Neil Knudson,East,Office Supplies,Paper,18.50,4,0.20,6.70
CA-2013-114727,2013-07-19,2013,7,Linda Southworth,West,Furniture,Chairs,544.01,3,0.20,40.80
CA-2013-114727,2013-07-19,2013,7,Linda Southworth,West,Office Supplies,Binders,1.87,3,0.70,-1.44
CA-2013-114727,2013-07-19,2013,7,Linda Southworth,West,Furniture,Chairs,854.35,3,0.20,10.68
CA-2013-114727,2013-07-19,2013,7,Linda Southworth,West,Office Supplies,Storage,593.57,2,0.20,0.00
CA-2013-114727,2013-07-19,2013,7,Linda Southworth,West,Office Supplies,Storage,338.04,3,0.20,-33.80
CA-2013-124681,2013-07-19,2013,7,Susan Vittorini,Central,Technology,Accessories,15.58,3,0.20,3.31
CA-2013-157763,2013-07-19,2013,7,Katharine Harms,South,Furniture,Chairs,140.81,1,0.00,39.43
CA-2013-161676,2013-07-19,2013,7,Jennifer Patt,West,Office Supplies,Supplies,33.80,5,0.20,4.23
CA-2013-162110,2013-07-19,2013,7,Nora Paige,West,Technology,Phones,55.99,1,0.20,3.50
CA-2013-157217,2013-07-20,2013,7,Tracy Collins,West,Technology,Phones,35.98,2,0.20,4.50
CA-2013-157217,2013-07-20,2013,7,Tracy Collins,West,Technology,Accessories,389.97,3,0.00,132.59
CA-2013-163776,2013-07-20,2013,7,Joy Smith,South,Furniture,Furnishings,185.58,6,0.00,76.09
CA-2013-163776,2013-07-20,2013,7,Joy Smith,South,Office Supplies,Binders,77.56,2,0.00,35.68
CA-2013-163776,2013-07-20,2013,7,Joy Smith,South,Office Supplies,Storage,87.92,4,0.00,0.88
CA-2013-163776,2013-07-20,2013,7,Joy Smith,South,Office Supplies,Paper,245.94,6,0.00,120.51
CA-2013-163776,2013-07-20,2013,7,Joy Smith,South,Office Supplies,Binders,8.60,1,0.00,4.04
CA-2013-163776,2013-07-20,2013,7,Joy Smith,South,Furniture,Bookcases,504.90,5,0.00,126.23
CA-2013-137939,2013-07-21,2013,7,Pauline Johnson,East,Technology,Phones,89.95,5,0.00,43.18
CA-2013-141957,2013-07-22,2013,7,Jason Gross,East,Office Supplies,Art,18.66,2,0.20,1.40
CA-2013-141957,2013-07-22,2013,7,Jason Gross,East,Office Supplies,Binders,11.09,7,0.70,-8.13
CA-2013-141957,2013-07-22,2013,7,Jason Gross,East,Office Supplies,Storage,66.69,1,0.20,4.17
CA-2013-141957,2013-07-22,2013,7,Jason Gross,East,Office Supplies,Storage,99.49,2,0.20,8.71
CA-2013-142895,2013-07-22,2013,7,Beth Paige,South,Office Supplies,Labels,6.26,3,0.20,2.04
CA-2013-142895,2013-07-22,2013,7,Beth Paige,South,Furniture,Chairs,363.92,5,0.20,0.00
CA-2013-146521,2013-07-22,2013,7,Corey Catlett,East,Office Supplies,Binders,1.94,1,0.70,-1.29
CA-2013-160941,2013-07-22,2013,7,Damala Kotsonis,West,Office Supplies,Envelopes,419.90,5,0.00,197.35
CA-2013-160941,2013-07-22,2013,7,Damala Kotsonis,West,Office Supplies,Labels,3.15,1,0.00,1.51
CA-2013-114307,2013-07-23,2013,7,Maureen Fritzler,East,Office Supplies,Appliances,37.68,2,0.00,10.55
CA-2013-114307,2013-07-23,2013,7,Maureen Fritzler,East,Office Supplies,Paper,51.84,8,0.00,24.88
CA-2013-114307,2013-07-23,2013,7,Maureen Fritzler,East,Furniture,Furnishings,27.42,3,0.00,9.32
CA-2013-114307,2013-07-23,2013,7,Maureen Fritzler,East,Office Supplies,Binders,5.40,3,0.00,2.59
CA-2013-122392,2013-07-23,2013,7,Caroline Jumper,East,Office Supplies,Art,4.16,2,0.20,0.36
CA-2013-122392,2013-07-23,2013,7,Caroline Jumper,East,Furniture,Furnishings,11.65,2,0.20,3.35
CA-2013-140613,2013-07-23,2013,7,Kristina Nunn,West,Office Supplies,Supplies,86.20,5,0.00,25.00
CA-2013-144855,2013-07-23,2013,7,Dionis Lloyd,West,Office Supplies,Labels,6.30,2,0.00,3.02
US-2013-111290,2013-07-23,2013,7,Dennis Kane,Central,Technology,Accessories,109.95,1,0.00,36.28
US-2013-111290,2013-07-23,2013,7,Dennis Kane,Central,Office Supplies,Storage,965.85,5,0.00,135.22
US-2013-111290,2013-07-23,2013,7,Dennis Kane,Central,Office Supplies,Art,29.20,5,0.00,10.51
US-2013-111290,2013-07-23,2013,7,Dennis Kane,Central,Office Supplies,Paper,32.40,5,0.00,15.55
CA-2013-111318,2013-07-24,2013,7,Ivan Liston,Central,Technology,Phones,115.14,8,0.20,11.51
CA-2013-112256,2013-07-24,2013,7,Chloris Kastensmidt,Central,Office Supplies,Art,4.45,2,0.20,0.33
CA-2013-112256,2013-07-24,2013,7,Chloris Kastensmidt,Central,Office Supplies,Paper,5.18,1,0.20,1.81
CA-2013-112256,2013-07-24,2013,7,Chloris Kastensmidt,Central,Office Supplies,Art,175.92,5,0.20,15.39
CA-2013-112256,2013-07-24,2013,7,Chloris Kastensmidt,Central,Office Supplies,Binders,4.75,4,0.80,-8.32
CA-2013-112256,2013-07-24,2013,7,Chloris Kastensmidt,Central,Office Supplies,Supplies,13.34,2,0.20,1.00
CA-2013-162404,2013-07-24,2013,7,Neil Französisch,Central,Office Supplies,Binders,11.42,4,0.80,-18.84
CA-2013-165316,2013-07-24,2013,7,Jennifer Braxton,South,Office Supplies,Art,35.22,2,0.20,2.64
CA-2013-165316,2013-07-24,2013,7,Jennifer Braxton,South,Office Supplies,Appliances,23.70,2,0.20,6.52
CA-2013-165316,2013-07-24,2013,7,Jennifer Braxton,South,Technology,Machines,265.48,1,0.50,-111.50
CA-2013-102498,2013-07-25,2013,7,James Galang,South,Office Supplies,Art,73.20,5,0.00,21.23
CA-2013-162943,2013-07-25,2013,7,Darren Budd,East,Furniture,Chairs,253.76,2,0.10,31.02
CA-2013-103037,2013-07-26,2013,7,Ken Heidel,Central,Office Supplies,Labels,15.71,4,0.20,5.70
CA-2013-104157,2013-07-26,2013,7,Meg Tillman,South,Office Supplies,Storage,7.89,1,0.00,0.32
CA-2013-104157,2013-07-26,2013,7,Meg Tillman,South,Office Supplies,Paper,65.50,5,0.00,32.10
CA-2013-104157,2013-07-26,2013,7,Meg Tillman,South,Furniture,Tables,2430.08,8,0.00,388.81
CA-2013-111115,2013-07-26,2013,7,Larry Blacks,West,Office Supplies,Fasteners,21.48,6,0.00,10.74
CA-2013-115525,2013-07-26,2013,7,Rick Reed,East,Office Supplies,Appliances,243.88,5,0.20,27.44
CA-2013-126158,2013-07-26,2013,7,Sanjit Chand,West,Office Supplies,Binders,119.62,8,0.20,40.37
CA-2013-126158,2013-07-26,2013,7,Sanjit Chand,West,Furniture,Furnishings,255.76,4,0.00,81.84
CA-2013-126158,2013-07-26,2013,7,Sanjit Chand,West,Furniture,Chairs,241.57,2,0.20,18.12
CA-2013-126158,2013-07-26,2013,7,Sanjit Chand,West,Furniture,Furnishings,69.30,9,0.00,22.87
CA-2013-128307,2013-07-26,2013,7,Bill Eplett,Central,Office Supplies,Envelopes,20.94,1,0.20,7.07
CA-2013-147417,2013-07-26,2013,7,Christy Brittain,East,Technology,Copiers,1439.98,4,0.40,192.00
CA-2013-149335,2013-07-26,2013,7,Becky Castell,West,Office Supplies,Art,37.17,9,0.00,11.15
CA-2013-149454,2013-07-26,2013,7,Katherine Murray,South,Office Supplies,Binders,10.44,1,0.00,4.80
US-2013-115441,2013-07-26,2013,7,Sally Hughsby,Central,Office Supplies,Paper,20.62,2,0.00,9.69
US-2013-115441,2013-07-26,2013,7,Sally Hughsby,Central,Technology,Accessories,124.25,7,0.00,48.46
US-2013-115441,2013-07-26,2013,7,Sally Hughsby,Central,Technology,Phones,297.55,5,0.00,83.31
US-2013-115441,2013-07-26,2013,7,Sally Hughsby,Central,Furniture,Chairs,403.56,4,0.00,96.85
US-2013-115441,2013-07-26,2013,7,Sally Hughsby,Central,Furniture,Furnishings,95.20,5,0.00,27.61
CA-2013-107783,2013-07-29,2013,7,Olvera Toch,East,Furniture,Bookcases,177.45,5,0.50,-78.08
CA-2013-107783,2013-07-29,2013,7,Olvera Toch,East,Office Supplies,Binders,1369.76,6,0.70,-913.18
CA-2013-107783,2013-07-29,2013,7,Olvera Toch,East,Office Supplies,Appliances,9.48,3,0.20,0.71
CA-2013-140046,2013-07-29,2013,7,Khloe Miller,West,Office Supplies,Labels,18.90,3,0.00,8.69
CA-2013-143924,2013-07-29,2013,7,Steve Carroll,Central,Office Supplies,Fasteners,20.44,7,0.00,9.20
CA-2013-143924,2013-07-29,2013,7,Steve Carroll,Central,Office Supplies,Paper,109.92,2,0.00,53.86
US-2013-105452,2013-07-29,2013,7,Barry Franz,Central,Furniture,Furnishings,24.70,5,0.60,-9.88
US-2013-105452,2013-07-29,2013,7,Barry Franz,Central,Furniture,Furnishings,302.72,5,0.60,-378.40
CA-2013-116344,2013-07-30,2013,7,Jack O'Briant,East,Office Supplies,Storage,84.78,2,0.20,-16.96
CA-2013-164574,2013-07-30,2013,7,Ritsa Hightower,South,Office Supplies,Storage,704.76,5,0.20,26.43
CA-2013-164574,2013-07-30,2013,7,Ritsa Hightower,South,Office Supplies,Binders,27.40,3,0.70,-20.09
US-2013-131891,2013-07-30,2013,7,Pierre Wener,South,Office Supplies,Binders,2.21,3,0.70,-1.48
CA-2013-112025,2013-07-31,2013,7,Lindsay Shagiari,Central,Office Supplies,Binders,9.26,3,0.80,-13.90
CA-2013-112585,2013-07-31,2013,7,Rob Williams,West,Office Supplies,Appliances,715.64,2,0.00,178.91
CA-2013-137743,2013-07-31,2013,7,Katherine Hughes,Central,Office Supplies,Labels,9.25,4,0.20,3.12
CA-2013-137743,2013-07-31,2013,7,Katherine Hughes,Central,Office Supplies,Storage,1036.62,2,0.20,51.83
CA-2013-133550,2013-08-01,2013,8,Ken Lonsdale,Central,Office Supplies,Appliances,283.14,4,0.10,72.36
CA-2013-133550,2013-08-01,2013,8,Ken Lonsdale,Central,Technology,Phones,635.96,4,0.00,165.35
CA-2013-133550,2013-08-01,2013,8,Ken Lonsdale,Central,Technology,Phones,118.99,1,0.00,33.32
CA-2013-133550,2013-08-01,2013,8,Ken Lonsdale,Central,Furniture,Furnishings,272.94,3,0.00,30.02
CA-2013-144148,2013-08-01,2013,8,Anna Häberlin,West,Furniture,Tables,863.13,7,0.20,-32.37
CA-2013-132990,2013-08-02,2013,8,Khloe Miller,East,Furniture,Furnishings,19.31,2,0.20,3.14
CA-2013-144337,2013-08-02,2013,8,Susan Gilcrest,Central,Office Supplies,Paper,19.65,2,0.20,6.63
CA-2013-155978,2013-08-02,2013,8,Thomas Seio,West,Technology,Phones,1039.73,2,0.20,90.98
CA-2013-155978,2013-08-02,2013,8,Thomas Seio,West,Office Supplies,Appliances,45.96,2,0.00,13.79
CA-2013-156265,2013-08-03,2013,8,Barry Französisch,West,Furniture,Tables,136.46,2,0.20,15.35
CA-2013-156265,2013-08-03,2013,8,Barry Französisch,West,Technology,Phones,333.58,3,0.20,33.36
CA-2013-156265,2013-08-03,2013,8,Barry Französisch,West,Office Supplies,Binders,12.54,2,0.20,4.70
CA-2013-104150,2013-08-04,2013,8,Alex Grayson,Central,Office Supplies,Envelopes,81.54,3,0.00,38.32
CA-2013-104150,2013-08-04,2013,8,Alex Grayson,Central,Technology,Accessories,167.28,12,0.00,23.42
CA-2013-110254,2013-08-05,2013,8,Max Ludwig,South,Office Supplies,Supplies,35.06,2,0.00,10.52
CA-2013-110254,2013-08-05,2013,8,Max Ludwig,South,Office Supplies,Labels,4.13,1,0.00,1.90
CA-2013-110254,2013-08-05,2013,8,Max Ludwig,South,Furniture,Furnishings,109.80,9,0.00,46.12
CA-2013-110254,2013-08-05,2013,8,Max Ludwig,South,Office Supplies,Labels,9.82,2,0.00,4.81
CA-2013-111913,2013-08-05,2013,8,Linda Cazamias,West,Technology,Phones,302.38,2,0.20,30.24
CA-2013-111913,2013-08-05,2013,8,Linda Cazamias,West,Office Supplies,Binders,20.95,3,0.20,7.07
CA-2013-111913,2013-08-05,2013,8,Linda Cazamias,West,Office Supplies,Binders,11.78,3,0.20,3.98
US-2013-128195,2013-08-05,2013,8,Ralph Arnett,Central,Office Supplies,Binders,3.98,5,0.80,-6.57
US-2013-102232,2013-08-06,2013,8,Maureen Fritzler,South,Office Supplies,Art,197.05,7,0.00,59.12
CA-2013-105263,2013-08-07,2013,8,Liz MacKendrick,East,Office Supplies,Art,38.34,9,0.00,15.72
CA-2013-151092,2013-08-07,2013,8,Vivek Gonzalez,West,Technology,Phones,211.17,4,0.20,18.48
CA-2013-158869,2013-08-07,2013,8,Anna Häberlin,East,Office Supplies,Paper,70.88,2,0.00,33.31
CA-2013-148516,2013-08-08,2013,8,Dorothy Wardle,West,Technology,Accessories,179.97,3,0.00,86.39
CA-2013-107328,2013-08-09,2013,8,Cathy Armstrong,West,Furniture,Tables,513.02,2,0.20,12.83
CA-2013-107328,2013-08-09,2013,8,Cathy Armstrong,West,Office Supplies,Appliances,487.92,6,0.00,136.62
CA-2013-107328,2013-08-09,2013,8,Cathy Armstrong,West,Office Supplies,Binders,15.24,5,0.20,5.33
CA-2013-121034,2013-08-09,2013,8,Jill Fjeld,Central,Office Supplies,Fasteners,11.17,4,0.20,3.63
CA-2013-121034,2013-08-09,2013,8,Jill Fjeld,Central,Office Supplies,Paper,53.95,3,0.20,17.53
CA-2013-130078,2013-08-09,2013,8,Charles Crestani,Central,Office Supplies,Paper,10.56,2,0.00,4.75
CA-2013-169026,2013-08-09,2013,8,Corinna Mitchell,South,Office Supplies,Fasteners,23.34,3,0.00,0.23
CA-2013-118934,2013-08-10,2013,8,Gary Hansen,South,Office Supplies,Binders,4.34,3,0.70,-3.04
CA-2013-118934,2013-08-10,2013,8,Gary Hansen,South,Office Supplies,Binders,11.88,5,0.70,-7.92
US-2013-113649,2013-08-10,2013,8,Helen Andreada,South,Office Supplies,Paper,30.82,9,0.20,9.63
US-2013-113649,2013-08-10,2013,8,Helen Andreada,South,Technology,Phones,44.78,2,0.20,4.48
US-2013-113649,2013-08-10,2013,8,Helen Andreada,South,Office Supplies,Appliances,569.54,4,0.20,64.07
CA-2013-128671,2013-08-12,2013,8,Michelle Tran,Central,Office Supplies,Paper,32.40,5,0.00,15.55
CA-2013-128671,2013-08-12,2013,8,Michelle Tran,Central,Office Supplies,Binders,41.86,7,0.00,19.26
CA-2013-128671,2013-08-12,2013,8,Michelle Tran,Central,Office Supplies,Binders,77.56,2,0.00,35.68
CA-2013-105459,2013-08-13,2013,8,Nora Preis,East,Furniture,Tables,209.15,2,0.40,-66.23
CA-2013-105459,2013-08-13,2013,8,Nora Preis,East,Office Supplies,Storage,1591.02,6,0.00,286.38
CA-2013-118073,2013-08-13,2013,8,Cindy Schnelling,South,Furniture,Tables,562.29,7,0.45,-255.59
CA-2013-143910,2013-08-13,2013,8,Becky Castell,East,Furniture,Chairs,145.76,2,0.10,-8.10
CA-2013-155845,2013-08-13,2013,8,Chris McAfee,Central,Technology,Accessories,1399.94,7,0.20,52.50
CA-2013-167584,2013-08-13,2013,8,Lena Cacioppo,Central,Office Supplies,Paper,6.48,1,0.00,3.11
US-2013-144477,2013-08-13,2013,8,Deborah Brumfield,East,Office Supplies,Art,37.31,4,0.20,2.80
CA-2013-125843,2013-08-14,2013,8,Roy Französisch,South,Office Supplies,Binders,22.32,4,0.00,10.71
CA-2013-125843,2013-08-14,2013,8,Roy Französisch,South,Office Supplies,Labels,103.60,7,0.00,51.80
CA-2013-155670,2013-08-14,2013,8,Erin Mull,South,Office Supplies,Binders,11.23,8,0.70,-8.24
CA-2013-155670,2013-08-14,2013,8,Erin Mull,South,Office Supplies,Paper,10.27,3,0.20,3.21
CA-2013-156251,2013-08-14,2013,8,Theresa Swint,Central,Furniture,Bookcases,241.96,2,0.00,24.20
CA-2013-156251,2013-08-14,2013,8,Theresa Swint,Central,Office Supplies,Binders,8.52,3,0.00,4.17
US-2013-141264,2013-08-14,2013,8,Carol Triggs,Central,Office Supplies,Supplies,185.38,2,0.20,-34.76
US-2013-141264,2013-08-14,2013,8,Carol Triggs,Central,Office Supplies,Appliances,58.92,1,0.80,-153.20
US-2013-156692,2013-08-14,2013,8,Hunter Glantz,South,Office Supplies,Appliances,17.34,2,0.00,4.68
US-2013-156692,2013-08-14,2013,8,Hunter Glantz,South,Technology,Accessories,71.98,2,0.00,15.12
CA-2013-119515,2013-08-15,2013,8,Toby Ritter,South,Office Supplies,Paper,15.55,3,0.20,5.44
CA-2013-136021,2013-08-15,2013,8,Jill Matthias,West,Office Supplies,Paper,15.54,3,0.00,7.61
CA-2013-136021,2013-08-15,2013,8,Jill Matthias,West,Technology,Machines,105.55,6,0.20,35.62
CA-2013-136770,2013-08-15,2013,8,Stephanie Phelps,East,Technology,Phones,259.90,2,0.40,-56.31
CA-2013-136770,2013-08-15,2013,8,Stephanie Phelps,East,Technology,Phones,247.19,2,0.40,-49.44
CA-2013-136770,2013-08-15,2013,8,Stephanie Phelps,East,Technology,Accessories,279.96,5,0.20,48.99
CA-2013-118626,2013-08-16,2013,8,John Castell,South,Technology,Phones,705.54,7,0.20,70.55
CA-2013-154690,2013-08-16,2013,8,Christopher Conant,South,Furniture,Chairs,225.30,2,0.20,22.53
CA-2013-166163,2013-08-16,2013,8,Craig Yedwab,West,Technology,Phones,71.98,3,0.20,7.20
CA-2013-166163,2013-08-16,2013,8,Craig Yedwab,West,Office Supplies,Labels,3.15,1,0.00,1.51
CA-2013-167241,2013-08-16,2013,8,Bill Donatelli,West,Furniture,Furnishings,312.03,3,0.00,43.68
CA-2013-167241,2013-08-16,2013,8,Bill Donatelli,West,Office Supplies,Storage,17.94,3,0.00,3.05
CA-2013-167241,2013-08-16,2013,8,Bill Donatelli,West,Technology,Phones,165.60,3,0.20,10.35
CA-2013-167241,2013-08-16,2013,8,Bill Donatelli,West,Office Supplies,Paper,37.52,4,0.00,18.01
US-2013-123470,2013-08-16,2013,8,Max Engle,West,Office Supplies,Binders,18.88,3,0.70,-13.85
US-2013-123470,2013-08-16,2013,8,Max Engle,West,Office Supplies,Appliances,122.33,3,0.20,12.23
CA-2013-113117,2013-08-17,2013,8,Jeremy Pistek,West,Office Supplies,Paper,32.40,5,0.00,15.55
CA-2013-148096,2013-08-17,2013,8,Anthony O'Donnell,West,Furniture,Tables,161.28,2,0.20,12.10
CA-2013-150343,2013-08-17,2013,8,Pete Kriz,West,Office Supplies,Envelopes,10.86,3,0.00,5.10
US-2013-157308,2013-08-18,2013,8,Neoma Murray,West,Office Supplies,Binders,15.71,4,0.20,5.70
CA-2013-113551,2013-08-19,2013,8,Natalie Fritzler,Central,Office Supplies,Binders,2.07,1,0.80,-3.41
CA-2013-113551,2013-08-19,2013,8,Natalie Fritzler,Central,Office Supplies,Paper,83.84,8,0.20,30.39
CA-2013-128916,2013-08-19,2013,8,Matt Abelman,Central,Furniture,Furnishings,9.55,3,0.60,-3.82
CA-2013-128916,2013-08-19,2013,8,Matt Abelman,Central,Furniture,Furnishings,5.34,4,0.60,-2.14
CA-2013-136133,2013-08-19,2013,8,Helen Wasserman,East,Office Supplies,Appliances,355.32,9,0.00,99.49
CA-2013-153353,2013-08-19,2013,8,Greg Guthrie,East,Technology,Phones,39.99,1,0.00,11.60
CA-2013-101980,2013-08-20,2013,8,Resi Pölking,East,Office Supplies,Binders,146.69,6,0.20,55.01
CA-2013-101980,2013-08-20,2013,8,Resi Pölking,East,Office Supplies,Binders,276.78,2,0.20,89.95
CA-2013-101980,2013-08-20,2013,8,Resi Pölking,East,Office Supplies,Binders,25.32,5,0.20,9.18
CA-2013-151141,2013-08-21,2013,8,Dianna Wilson,Central,Technology,Phones,14.78,2,0.00,3.99
CA-2013-122581,2013-08-22,2013,8,Jay Kimmel,East,Furniture,Chairs,573.17,7,0.10,63.69
CA-2013-123414,2013-08-22,2013,8,Stephanie Ulpright,South,Office Supplies,Labels,9.22,4,0.20,3.34
CA-2013-123414,2013-08-22,2013,8,Stephanie Ulpright,South,Office Supplies,Supplies,28.05,2,0.20,3.51
CA-2013-167983,2013-08-22,2013,8,Rachel Payne,West,Office Supplies,Binders,33.44,10,0.20,11.70
US-2013-126452,2013-08-22,2013,8,Scot Coram,West,Office Supplies,Binders,12.67,2,0.20,4.75
US-2013-126452,2013-08-22,2013,8,Scot Coram,West,Technology,Phones,91.96,5,0.20,-20.69
US-2013-126452,2013-08-22,2013,8,Scot Coram,West,Technology,Accessories,254.97,3,0.00,91.79
US-2013-126452,2013-08-22,2013,8,Scot Coram,West,Technology,Phones,31.98,2,0.20,-8.00
US-2013-126452,2013-08-22,2013,8,Scot Coram,West,Furniture,Tables,2887.06,9,0.20,180.44
US-2013-126452,2013-08-22,2013,8,Scot Coram,West,Office Supplies,Paper,12.96,2,0.00,6.22
US-2013-126452,2013-08-22,2013,8,Scot Coram,West,Office Supplies,Paper,47.52,9,0.00,21.38
US-2013-146066,2013-08-22,2013,8,Rick Bensley,East,Furniture,Tables,815.29,9,0.40,-339.71
CA-2013-130484,2013-08-23,2013,8,Sheri Gordon,West,Office Supplies,Binders,26.35,8,0.70,-18.45
CA-2013-137239,2013-08-23,2013,8,Craig Reiter,East,Office Supplies,Appliances,113.55,2,0.20,8.52
CA-2013-137239,2013-08-23,2013,8,Craig Reiter,East,Office Supplies,Binders,3.32,2,0.70,-2.65
CA-2013-137239,2013-08-23,2013,8,Craig Reiter,East,Office Supplies,Envelopes,134.29,2,0.20,45.32
CA-2013-140256,2013-08-23,2013,8,Pauline Webber,West,Office Supplies,Art,5.76,2,0.00,1.67
US-2013-106313,2013-08-23,2013,8,Deirdre Greer,West,Office Supplies,Paper,19.44,3,0.00,9.33
US-2013-141880,2013-08-23,2013,8,Tony Chapman,West,Furniture,Furnishings,98.33,3,0.20,9.83
US-2013-148334,2013-08-23,2013,8,Dorothy Dickinson,Central,Office Supplies,Binders,4.31,2,0.80,-6.90
CA-2013-150350,2013-08-24,2013,8,Maxwell Schwartz,West,Technology,Machines,837.60,3,0.20,62.82
CA-2013-150350,2013-08-24,2013,8,Maxwell Schwartz,West,Office Supplies,Envelopes,135.90,5,0.00,63.87
CA-2013-150350,2013-08-24,2013,8,Maxwell Schwartz,West,Office Supplies,Paper,34.68,6,0.00,16.99
CA-2013-150350,2013-08-24,2013,8,Maxwell Schwartz,West,Furniture,Chairs,532.70,6,0.20,-39.95
CA-2013-150350,2013-08-24,2013,8,Maxwell Schwartz,West,Office Supplies,Appliances,43.10,5,0.00,11.21
CA-2013-150350,2013-08-24,2013,8,Maxwell Schwartz,West,Office Supplies,Supplies,15.88,4,0.00,0.16
CA-2013-158001,2013-08-24,2013,8,Jennifer Patt,East,Office Supplies,Art,21.30,5,0.00,8.73
CA-2013-158001,2013-08-24,2013,8,Jennifer Patt,East,Office Supplies,Appliances,1040.80,5,0.00,281.02
CA-2013-158001,2013-08-24,2013,8,Jennifer Patt,East,Office Supplies,Art,29.34,6,0.00,7.92
US-2013-117793,2013-08-24,2013,8,Matt Abelman,Central,Office Supplies,Labels,25.20,4,0.00,11.59
US-2013-117793,2013-08-24,2013,8,Matt Abelman,Central,Office Supplies,Labels,37.59,3,0.00,17.67
US-2013-117793,2013-08-24,2013,8,Matt Abelman,Central,Office Supplies,Storage,14.97,1,0.00,4.19
US-2013-117793,2013-08-24,2013,8,Matt Abelman,Central,Technology,Accessories,1.98,2,0.00,0.89
US-2013-160528,2013-08-24,2013,8,Mick Hernandez,Central,Office Supplies,Storage,727.30,8,0.20,-172.73
US-2013-160528,2013-08-24,2013,8,Mick Hernandez,Central,Furniture,Furnishings,22.61,3,0.60,-10.17
US-2013-160528,2013-08-24,2013,8,Mick Hernandez,Central,Technology,Accessories,666.40,7,0.20,-33.32
CA-2013-105585,2013-08-27,2013,8,Roland Fjeld,West,Office Supplies,Fasteners,10.23,3,0.00,4.91
CA-2013-105585,2013-08-27,2013,8,Roland Fjeld,West,Office Supplies,Paper,154.90,5,0.00,69.71
CA-2013-114601,2013-08-27,2013,8,Andrew Allen,Central,Office Supplies,Paper,11.56,2,0.00,5.66
CA-2013-114601,2013-08-27,2013,8,Andrew Allen,Central,Technology,Phones,209.97,3,0.00,58.79
CA-2013-114601,2013-08-27,2013,8,Andrew Allen,Central,Furniture,Tables,447.84,4,0.00,98.52
CA-2013-114601,2013-08-27,2013,8,Andrew Allen,Central,Technology,Accessories,479.97,3,0.00,163.19
CA-2013-114601,2013-08-27,2013,8,Andrew Allen,Central,Office Supplies,Art,8.64,3,0.00,2.51
CA-2013-128594,2013-08-27,2013,8,Don Jones,West,Furniture,Chairs,1603.14,4,0.20,100.20
CA-2013-132094,2013-08-27,2013,8,Vivek Grady,East,Office Supplies,Art,5.47,3,0.20,1.64
CA-2013-132094,2013-08-27,2013,8,Vivek Grady,East,Technology,Accessories,47.98,2,0.20,13.20
CA-2013-148201,2013-08-27,2013,8,Charles Crestani,West,Office Supplies,Paper,6.48,1,0.00,3.11
CA-2013-152289,2013-08-27,2013,8,Linda Cazamias,Central,Technology,Accessories,159.98,2,0.20,44.00
CA-2013-152289,2013-08-27,2013,8,Linda Cazamias,Central,Furniture,Chairs,1024.72,6,0.30,-29.28
CA-2013-160598,2013-08-27,2013,8,Stuart Van,South,Office Supplies,Paper,31.01,1,0.20,11.24
CA-2013-163174,2013-08-27,2013,8,Xylona Preis,South,Furniture,Furnishings,186.54,3,0.00,41.04
US-2013-100405,2013-08-27,2013,8,Tom Stivers,West,Office Supplies,Art,8.26,2,0.00,3.80
US-2013-102141,2013-08-27,2013,8,Ken Dana,East,Office Supplies,Binders,146.69,8,0.20,45.84
US-2013-127425,2013-08-27,2013,8,Dan Reichenbach,East,Technology,Phones,33.00,6,0.00,8.25
US-2013-127425,2013-08-27,2013,8,Dan Reichenbach,East,Technology,Accessories,249.95,5,0.00,87.48
US-2013-163538,2013-08-27,2013,8,Shirley Schmidt,Central,Technology,Accessories,47.97,3,0.00,14.87
CA-2013-116764,2013-08-28,2013,8,Elizabeth Moffitt,South,Office Supplies,Labels,9.22,4,0.20,3.34
CA-2013-117919,2013-08-28,2013,8,Todd Boyes,Central,Office Supplies,Storage,14.16,1,0.20,1.06
CA-2013-117919,2013-08-28,2013,8,Todd Boyes,Central,Office Supplies,Paper,79.92,5,0.20,27.97
CA-2013-145982,2013-08-28,2013,8,Ted Butterfield,East,Office Supplies,Paper,122.97,3,0.00,60.26
CA-2013-145982,2013-08-28,2013,8,Ted Butterfield,East,Furniture,Tables,244.62,1,0.30,20.97
CA-2013-145982,2013-08-28,2013,8,Ted Butterfield,East,Technology,Phones,59.97,3,0.00,28.79
CA-2013-145982,2013-08-28,2013,8,Ted Butterfield,East,Office Supplies,Paper,81.54,9,0.00,36.69
CA-2013-145982,2013-08-28,2013,8,Ted Butterfield,East,Office Supplies,Fasteners,11.68,4,0.00,5.26
CA-2013-145982,2013-08-28,2013,8,Ted Butterfield,East,Office Supplies,Binders,29.00,5,0.00,13.92
US-2013-146710,2013-08-28,2013,8,Sung Shariari,Central,Office Supplies,Supplies,51.52,5,0.20,-10.95
US-2013-146710,2013-08-28,2013,8,Sung Shariari,Central,Office Supplies,Paper,3.53,1,0.20,1.15
US-2013-146710,2013-08-28,2013,8,Sung Shariari,Central,Office Supplies,Paper,4.62,1,0.20,1.68
US-2013-146710,2013-08-28,2013,8,Sung Shariari,Central,Office Supplies,Supplies,55.17,4,0.20,6.21
CA-2013-137652,2013-08-29,2013,8,Edward Becker,East,Office Supplies,Binders,18.43,8,0.70,-12.29
CA-2013-145303,2013-08-29,2013,8,Tom Prescott,Central,Office Supplies,Binders,13.14,9,0.80,-21.68
CA-2013-145303,2013-08-29,2013,8,Tom Prescott,Central,Office Supplies,Binders,10.02,4,0.80,-16.54
CA-2013-145303,2013-08-29,2013,8,Tom Prescott,Central,Furniture,Bookcases,156.37,2,0.32,-52.89
US-2013-144211,2013-08-29,2013,8,Chad Sievert,West,Office Supplies,Paper,15.48,3,0.20,5.61
US-2013-144211,2013-08-29,2013,8,Chad Sievert,West,Technology,Phones,108.58,3,0.20,8.14
CA-2013-128727,2013-08-30,2013,8,Meg O'Connel,East,Technology,Phones,22.00,4,0.00,5.50
CA-2013-158568,2013-08-30,2013,8,Rick Bensley,Central,Office Supplies,Paper,64.62,7,0.20,22.62
CA-2013-158568,2013-08-30,2013,8,Rick Bensley,Central,Technology,Accessories,95.98,3,0.20,-10.80
CA-2013-158568,2013-08-30,2013,8,Rick Bensley,Central,Office Supplies,Binders,1.79,3,0.80,-3.04
CA-2013-159912,2013-08-30,2013,8,George Bell,East,Furniture,Tables,241.92,4,0.40,-56.45
CA-2013-159912,2013-08-30,2013,8,George Bell,East,Furniture,Bookcases,163.88,4,0.50,-81.94
CA-2013-159912,2013-08-30,2013,8,George Bell,East,Office Supplies,Binders,3.49,2,0.70,-2.79
CA-2013-159912,2013-08-30,2013,8,George Bell,East,Office Supplies,Fasteners,10.58,7,0.20,-2.38
CA-2013-161207,2013-08-30,2013,8,Adam Bellavance,East,Office Supplies,Supplies,27.93,3,0.00,8.10
CA-2013-165995,2013-08-31,2013,8,Bruce Geld,West,Furniture,Furnishings,47.04,4,0.00,15.99
CA-2013-165995,2013-08-31,2013,8,Bruce Geld,West,Technology,Phones,339.96,5,0.20,42.50
US-2013-141544,2013-08-31,2013,8,Patrick O'Brill,East,Technology,Phones,290.90,3,0.40,-67.88
US-2013-141544,2013-08-31,2013,8,Patrick O'Brill,East,Office Supplies,Storage,54.22,2,0.20,3.39
US-2013-141544,2013-08-31,2013,8,Patrick O'Brill,East,Furniture,Chairs,786.74,4,0.30,-258.50
US-2013-141544,2013-08-31,2013,8,Patrick O'Brill,East,Office Supplies,Labels,100.24,10,0.20,33.83
US-2013-141544,2013-08-31,2013,8,Patrick O'Brill,East,Office Supplies,Binders,37.76,6,0.70,-27.69
CA-2013-117408,2013-09-01,2013,9,Theone Pippenger,Central,Office Supplies,Storage,23.97,2,0.20,2.40
CA-2013-116526,2013-09-02,2013,9,Joseph Airdo,Central,Office Supplies,Binders,24.10,5,0.00,11.09
CA-2013-116526,2013-09-02,2013,9,Joseph Airdo,Central,Technology,Phones,8.78,1,0.00,2.28
CA-2013-116526,2013-09-02,2013,9,Joseph Airdo,Central,Office Supplies,Appliances,376.74,4,0.10,71.16
CA-2013-116526,2013-09-02,2013,9,Joseph Airdo,Central,Office Supplies,Binders,29.52,4,0.00,14.46
CA-2013-116526,2013-09-02,2013,9,Joseph Airdo,Central,Office Supplies,Art,11.96,2,0.00,2.99
CA-2013-116526,2013-09-02,2013,9,Joseph Airdo,Central,Office Supplies,Binders,26.40,5,0.00,12.67
CA-2013-120859,2013-09-02,2013,9,Cynthia Voltz,West,Office Supplies,Envelopes,21.88,2,0.00,10.94
CA-2013-124583,2013-09-02,2013,9,Laurel Beltran,West,Office Supplies,Envelopes,12.78,1,0.00,5.75
CA-2013-129714,2013-09-02,2013,9,Adam Bellavance,East,Technology,Accessories,6.79,1,0.00,2.31
CA-2013-129714,2013-09-02,2013,9,Adam Bellavance,East,Office Supplies,Paper,24.56,2,0.00,11.54
CA-2013-129714,2013-09-02,2013,9,Adam Bellavance,East,Office Supplies,Binders,3.05,1,0.20,1.07
CA-2013-129714,2013-09-02,2013,9,Adam Bellavance,East,Office Supplies,Paper,49.12,4,0.00,23.09
CA-2013-129714,2013-09-02,2013,9,Adam Bellavance,East,Office Supplies,Binders,4355.17,4,0.20,1415.43
CA-2013-151561,2013-09-02,2013,9,Patrick Gardner,East,Technology,Accessories,468.90,6,0.00,206.32
CA-2013-151561,2013-09-02,2013,9,Patrick Gardner,East,Technology,Accessories,72.48,2,0.00,30.44
CA-2013-151561,2013-09-02,2013,9,Patrick Gardner,East,Office Supplies,Supplies,10.95,3,0.00,3.29
CA-2013-151561,2013-09-02,2013,9,Patrick Gardner,East,Furniture,Furnishings,191.82,3,0.00,61.38
CA-2013-155481,2013-09-02,2013,9,Dean Katz,East,Office Supplies,Paper,30.48,6,0.20,9.91
CA-2013-155481,2013-09-02,2013,9,Dean Katz,East,Technology,Phones,23.99,2,0.40,-4.80
CA-2013-155481,2013-09-02,2013,9,Dean Katz,East,Office Supplies,Fasteners,16.69,7,0.20,5.42
CA-2013-106278,2013-09-03,2013,9,Becky Martin,West,Furniture,Chairs,215.98,3,0.20,-2.70
CA-2013-106278,2013-09-03,2013,9,Becky Martin,West,Office Supplies,Envelopes,65.94,3,0.00,30.99
CA-2013-106950,2013-09-03,2013,9,Joe Elijah,South,Office Supplies,Binders,22.91,7,0.70,-17.57
CA-2013-106950,2013-09-03,2013,9,Joe Elijah,South,Office Supplies,Appliances,309.46,9,0.20,34.81
CA-2013-106950,2013-09-03,2013,9,Joe Elijah,South,Office Supplies,Art,19.46,4,0.20,3.40
CA-2013-106950,2013-09-03,2013,9,Joe Elijah,South,Furniture,Tables,472.52,3,0.40,-149.63
CA-2013-106950,2013-09-03,2013,9,Joe Elijah,South,Technology,Accessories,1012.68,3,0.20,303.80
CA-2013-106950,2013-09-03,2013,9,Joe Elijah,South,Office Supplies,Binders,17.22,5,0.70,-12.63
CA-2013-112739,2013-09-03,2013,9,Ross DeVincentis,Central,Office Supplies,Binders,8.61,8,0.80,-13.34
CA-2013-112739,2013-09-03,2013,9,Ross DeVincentis,Central,Technology,Accessories,159.56,5,0.20,33.91
CA-2013-113096,2013-09-03,2013,9,Sam Zeldin,West,Office Supplies,Storage,46.53,3,0.00,12.10
CA-2013-116540,2013-09-03,2013,9,Sonia Sunley,Central,Office Supplies,Fasteners,1.81,1,0.00,0.65
CA-2013-116540,2013-09-03,2013,9,Sonia Sunley,Central,Office Supplies,Binders,8.26,2,0.00,3.88
CA-2013-126732,2013-09-03,2013,9,Lena Radford,West,Furniture,Furnishings,94.68,9,0.00,31.24
CA-2013-126732,2013-09-03,2013,9,Lena Radford,West,Office Supplies,Storage,23.67,3,0.00,0.95
CA-2013-126732,2013-09-03,2013,9,Lena Radford,West,Technology,Phones,1091.17,4,0.20,68.20
CA-2013-126732,2013-09-03,2013,9,Lena Radford,West,Office Supplies,Art,18.69,7,0.00,5.23
CA-2013-126732,2013-09-03,2013,9,Lena Radford,West,Furniture,Tables,568.73,3,0.20,28.44
CA-2013-126732,2013-09-03,2013,9,Lena Radford,West,Office Supplies,Binders,7.31,1,0.20,2.56
CA-2013-129847,2013-09-03,2013,9,Tom Ashbrook,Central,Furniture,Furnishings,84.27,2,0.60,-75.84
CA-2013-130407,2013-09-03,2013,9,Karen Daniels,East,Office Supplies,Art,75.48,2,0.00,19.62
CA-2013-130407,2013-09-03,2013,9,Karen Daniels,East,Furniture,Furnishings,39.98,2,0.00,10.00
CA-2013-144764,2013-09-03,2013,9,Rob Lucas,Central,Office Supplies,Labels,29.24,5,0.20,9.87
CA-2013-144764,2013-09-03,2013,9,Rob Lucas,Central,Office Supplies,Storage,35.17,2,0.20,-8.35
CA-2013-144764,2013-09-03,2013,9,Rob Lucas,Central,Technology,Machines,1362.90,3,0.30,-19.47
CA-2013-166429,2013-09-03,2013,9,Toby Gnade,West,Technology,Copiers,999.98,2,0.00,449.99
CA-2013-132143,2013-09-04,2013,9,Filia McAdams,East,Office Supplies,Paper,48.16,7,0.00,22.15
CA-2013-153185,2013-09-04,2013,9,Matt Hagelstein,East,Office Supplies,Paper,30.96,6,0.20,11.22
CA-2013-158099,2013-09-04,2013,9,Paul Knutson,East,Office Supplies,Binders,1141.47,5,0.70,-760.98
CA-2013-158099,2013-09-04,2013,9,Paul Knutson,East,Technology,Phones,280.78,3,0.40,-46.80
CA-2013-159737,2013-09-04,2013,9,Carlos Soltero,Central,Office Supplies,Binders,8.81,3,0.80,-14.97
CA-2013-163986,2013-09-04,2013,9,Jennifer Jackson,Central,Office Supplies,Storage,54.50,5,0.00,14.17
US-2013-100566,2013-09-04,2013,9,Julie Kriz,Central,Furniture,Furnishings,83.95,3,0.60,-90.25
US-2013-101616,2013-09-04,2013,9,Craig Yedwab,South,Office Supplies,Binders,87.28,8,0.00,41.02
US-2013-104815,2013-09-04,2013,9,Rob Beeghly,Central,Furniture,Bookcases,198.74,4,0.30,0.00
US-2013-147711,2013-09-04,2013,9,Herbert Flentye,East,Furniture,Bookcases,344.94,3,0.00,31.04
US-2013-147711,2013-09-04,2013,9,Herbert Flentye,East,Furniture,Furnishings,14.76,2,0.00,4.28
US-2013-147711,2013-09-04,2013,9,Herbert Flentye,East,Office Supplies,Binders,12.76,2,0.00,5.87
US-2013-147711,2013-09-04,2013,9,Herbert Flentye,East,Office Supplies,Labels,58.48,8,0.00,27.49
CA-2013-117604,2013-09-05,2013,9,Jeremy Pistek,South,Office Supplies,Paper,239.50,5,0.00,114.96
CA-2013-123120,2013-09-05,2013,9,Christina VanderZanden,East,Furniture,Furnishings,63.94,1,0.00,24.94
CA-2013-123120,2013-09-05,2013,9,Christina VanderZanden,East,Office Supplies,Binders,60.60,5,0.20,20.45
CA-2013-123120,2013-09-05,2013,9,Christina VanderZanden,East,Office Supplies,Supplies,22.72,4,0.00,6.59
CA-2013-129630,2013-09-05,2013,9,Ionia McGrath,West,Furniture,Furnishings,24.27,3,0.00,8.74
CA-2013-129630,2013-09-05,2013,9,Ionia McGrath,West,Technology,Copiers,2799.96,5,0.20,944.99
CA-2013-131205,2013-09-05,2013,9,Anna Andreadi,South,Furniture,Furnishings,42.60,3,0.00,16.61
CA-2013-131205,2013-09-05,2013,9,Anna Andreadi,South,Office Supplies,Binders,113.94,6,0.00,54.69
CA-2013-131205,2013-09-05,2013,9,Anna Andreadi,South,Office Supplies,Storage,129.92,4,0.00,5.20
CA-2013-131205,2013-09-05,2013,9,Anna Andreadi,South,Office Supplies,Art,5.28,3,0.00,2.53
CA-2013-142524,2013-09-05,2013,9,Mick Brown,Central,Office Supplies,Envelopes,16.56,2,0.00,7.78
CA-2013-142524,2013-09-05,2013,9,Mick Brown,Central,Technology,Accessories,279.95,5,0.00,67.19
CA-2013-149783,2013-09-05,2013,9,Delfina Latchford,South,Office Supplies,Paper,12.19,3,0.20,4.11
CA-2013-149783,2013-09-05,2013,9,Delfina Latchford,South,Office Supplies,Appliances,87.17,2,0.20,8.72
CA-2013-149783,2013-09-05,2013,9,Delfina Latchford,South,Office Supplies,Art,31.74,2,0.20,8.33
CA-2013-168774,2013-09-05,2013,9,Roy Phan,Central,Office Supplies,Storage,535.41,3,0.00,160.62
CA-2013-169971,2013-09-05,2013,9,Ivan Liston,Central,Office Supplies,Art,3.91,1,0.20,1.03
CA-2013-169971,2013-09-05,2013,9,Ivan Liston,Central,Office Supplies,Art,62.38,3,0.20,7.02
CA-2013-110366,2013-09-06,2013,9,Jonathan Doherty,East,Furniture,Furnishings,82.80,2,0.20,10.35
CA-2013-115756,2013-09-06,2013,9,Pete Kriz,Central,Furniture,Furnishings,12.22,1,0.00,3.67
CA-2013-115756,2013-09-06,2013,9,Pete Kriz,Central,Office Supplies,Storage,194.94,3,0.00,23.39
CA-2013-115756,2013-09-06,2013,9,Pete Kriz,Central,Office Supplies,Storage,70.95,3,0.00,20.58
CA-2013-115756,2013-09-06,2013,9,Pete Kriz,Central,Office Supplies,Paper,91.36,4,0.00,42.03
CA-2013-115756,2013-09-06,2013,9,Pete Kriz,Central,Furniture,Chairs,242.94,3,0.00,29.15
CA-2013-115756,2013-09-06,2013,9,Pete Kriz,Central,Office Supplies,Labels,22.05,7,0.00,10.58
CA-2013-133319,2013-09-06,2013,9,Mark Van Huff,East,Office Supplies,Paper,192.16,4,0.00,92.24
CA-2013-136231,2013-09-06,2013,9,Darrin Martin,South,Office Supplies,Envelopes,23.47,3,0.20,7.63
CA-2013-136231,2013-09-06,2013,9,Darrin Martin,South,Office Supplies,Binders,86.06,7,0.70,-63.11
CA-2013-136231,2013-09-06,2013,9,Darrin Martin,South,Technology,Phones,108.78,2,0.20,6.80
CA-2013-136231,2013-09-06,2013,9,Darrin Martin,South,Office Supplies,Paper,10.27,3,0.20,3.21
CA-2013-136595,2013-09-06,2013,9,Elizabeth Moffitt,Central,Furniture,Furnishings,21.20,3,0.60,-11.66
CA-2013-137673,2013-09-06,2013,9,Marina Lichtenstein,West,Technology,Accessories,116.00,8,0.00,29.00
CA-2013-139409,2013-09-06,2013,9,Fred Wasserman,East,Technology,Phones,43.60,4,0.00,12.21
CA-2013-140774,2013-09-06,2013,9,Brad Eason,Central,Office Supplies,Art,107.94,3,0.00,26.99
CA-2013-144540,2013-09-06,2013,9,Gary Hansen,Central,Office Supplies,Appliances,62.79,3,0.80,-166.39
CA-2013-144540,2013-09-06,2013,9,Gary Hansen,Central,Office Supplies,Fasteners,28.44,9,0.20,4.27
CA-2013-149195,2013-09-06,2013,9,Don Miller,Central,Office Supplies,Paper,25.92,5,0.20,9.07
CA-2013-149195,2013-09-06,2013,9,Don Miller,Central,Office Supplies,Fasteners,15.81,8,0.20,5.34
CA-2013-149195,2013-09-06,2013,9,Don Miller,Central,Office Supplies,Paper,10.37,2,0.20,3.76
CA-2013-151372,2013-09-06,2013,9,Joseph Holt,West,Office Supplies,Paper,96.08,2,0.00,46.12
CA-2013-151372,2013-09-06,2013,9,Joseph Holt,West,Office Supplies,Binders,11.68,2,0.20,3.94
CA-2013-151372,2013-09-06,2013,9,Joseph Holt,West,Office Supplies,Fasteners,4.36,2,0.00,1.79
CA-2013-154536,2013-09-06,2013,9,Jasper Cacioppo,East,Office Supplies,Binders,9.56,5,0.70,-7.33
CA-2013-158778,2013-09-06,2013,9,Dean Braden,East,Furniture,Furnishings,58.25,9,0.20,11.65
CA-2013-158778,2013-09-06,2013,9,Dean Braden,East,Furniture,Chairs,71.25,2,0.30,-19.34
CA-2013-158778,2013-09-06,2013,9,Dean Braden,East,Office Supplies,Art,7.87,3,0.20,0.59
CA-2013-158778,2013-09-06,2013,9,Dean Braden,East,Furniture,Chairs,887.27,3,0.30,-63.38
CA-2013-160815,2013-09-06,2013,9,Toby Ritter,Central,Technology,Phones,278.40,3,0.00,80.74
CA-2013-162383,2013-09-06,2013,9,Maribeth Dona,East,Office Supplies,Binders,8.95,2,0.70,-7.46
CA-2013-162383,2013-09-06,2013,9,Maribeth Dona,East,Office Supplies,Binders,8.86,6,0.70,-6.49
CA-2013-162383,2013-09-06,2013,9,Maribeth Dona,East,Furniture,Chairs,85.25,2,0.30,-1.22
CA-2013-164490,2013-09-06,2013,9,Stephanie Ulpright,Central,Office Supplies,Paper,9.25,2,0.20,3.35
US-2013-121013,2013-09-06,2013,9,Michael Moore,South,Office Supplies,Labels,25.06,2,0.00,11.78
US-2013-121013,2013-09-06,2013,9,Michael Moore,South,Furniture,Tables,1652.94,3,0.00,314.06
US-2013-148110,2013-09-06,2013,9,Anthony Rawles,Central,Furniture,Chairs,347.80,7,0.30,-24.84
US-2013-152373,2013-09-06,2013,9,Pete Takahito,Central,Office Supplies,Storage,93.46,3,0.20,-17.52
CA-2013-102981,2013-09-07,2013,9,Mary O'Rourke,East,Technology,Accessories,31.86,2,0.00,11.15
CA-2013-102981,2013-09-07,2013,9,Mary O'Rourke,East,Furniture,Bookcases,722.35,3,0.20,90.29
CA-2013-123932,2013-09-07,2013,9,Yoseph Carroll,Central,Office Supplies,Paper,41.92,4,0.20,15.20
CA-2013-123932,2013-09-07,2013,9,Yoseph Carroll,Central,Technology,Phones,329.58,2,0.20,37.08
CA-2013-133123,2013-09-07,2013,9,Karl Braun,South,Office Supplies,Envelopes,95.95,3,0.20,29.99
CA-2013-133123,2013-09-07,2013,9,Karl Braun,South,Office Supplies,Binders,3.20,2,0.70,-2.46
CA-2013-145240,2013-09-07,2013,9,Bruce Geld,Central,Office Supplies,Storage,10.78,1,0.20,0.81
CA-2013-149223,2013-09-07,2013,9,Elpida Rittenbach,Central,Office Supplies,Appliances,77.88,6,0.00,22.59
CA-2013-103709,2013-09-09,2013,9,Liz Preis,West,Office Supplies,Art,14.88,2,0.00,3.72
CA-2013-103709,2013-09-09,2013,9,Liz Preis,West,Office Supplies,Paper,34.24,8,0.00,15.41
CA-2013-103709,2013-09-09,2013,9,Liz Preis,West,Office Supplies,Storage,261.74,2,0.00,65.44
CA-2013-108868,2013-09-09,2013,9,Ken Black,Central,Office Supplies,Art,70.37,2,0.20,6.16
CA-2013-108868,2013-09-09,2013,9,Ken Black,Central,Technology,Phones,59.96,5,0.20,21.74
CA-2013-108987,2013-09-09,2013,9,Anna Gayman,Central,Office Supplies,Storage,35.95,3,0.20,3.60
CA-2013-108987,2013-09-09,2013,9,Anna Gayman,Central,Furniture,Bookcases,2396.27,4,0.32,-317.15
CA-2013-108987,2013-09-09,2013,9,Anna Gayman,Central,Office Supplies,Storage,131.14,4,0.20,-32.78
CA-2013-108987,2013-09-09,2013,9,Anna Gayman,Central,Technology,Accessories,57.58,2,0.20,0.72
CA-2013-110009,2013-09-09,2013,9,Toby Ritter,West,Furniture,Furnishings,43.13,1,0.00,14.66
CA-2013-110009,2013-09-09,2013,9,Toby Ritter,West,Office Supplies,Paper,30.87,7,0.00,14.20
CA-2013-113516,2013-09-09,2013,9,Valerie Mitchum,West,Office Supplies,Binders,33.02,2,0.20,11.56
CA-2013-113516,2013-09-09,2013,9,Valerie Mitchum,West,Office Supplies,Binders,67.14,4,0.20,23.50
CA-2013-131499,2013-09-09,2013,9,Michael Grace,East,Office Supplies,Appliances,207.48,1,0.00,62.24
CA-2013-153101,2013-09-09,2013,9,Pauline Johnson,West,Furniture,Tables,146.04,1,0.20,-12.78
CA-2013-155138,2013-09-09,2013,9,Jill Matthias,South,Technology,Accessories,35.17,4,0.20,8.35
CA-2013-155138,2013-09-09,2013,9,Jill Matthias,South,Office Supplies,Paper,64.70,3,0.20,23.46
US-2013-114174,2013-09-09,2013,9,Anne Pryor,East,Furniture,Bookcases,173.94,3,0.00,13.92
US-2013-114174,2013-09-09,2013,9,Anne Pryor,East,Office Supplies,Labels,14.76,4,0.00,6.94
US-2013-115455,2013-09-09,2013,9,Sanjit Engle,Central,Furniture,Furnishings,14.14,2,0.60,-7.77
US-2013-115455,2013-09-09,2013,9,Sanjit Engle,Central,Furniture,Tables,601.47,3,0.50,-300.74
CA-2013-110023,2013-09-10,2013,9,Troy Staebel,East,Office Supplies,Binders,14.62,2,0.20,5.48
CA-2013-112893,2013-09-10,2013,9,Annie Thurman,West,Office Supplies,Binders,55.36,4,0.20,18.68
CA-2013-137176,2013-09-10,2013,9,Daniel Byrd,Central,Furniture,Furnishings,15.01,4,0.60,-12.01
CA-2013-112277,2013-09-11,2013,9,Steve Chapman,South,Technology,Phones,519.68,7,0.20,58.46
CA-2013-126102,2013-09-11,2013,9,Dianna Vittorini,West,Office Supplies,Binders,276.78,2,0.20,89.95
CA-2013-146206,2013-09-11,2013,9,Kean Thornton,Central,Furniture,Tables,300.93,5,0.30,-34.39
CA-2013-146206,2013-09-11,2013,9,Kean Thornton,Central,Technology,Phones,719.96,5,0.20,54.00
CA-2013-164350,2013-09-11,2013,9,Catherine Glotzbach,South,Office Supplies,Art,67.56,3,0.20,8.45
CA-2013-165918,2013-09-11,2013,9,Bryan Davis,West,Office Supplies,Labels,7.38,2,0.00,3.47
CA-2013-165918,2013-09-11,2013,9,Bryan Davis,West,Office Supplies,Binders,14.26,3,0.20,4.46
CA-2013-165918,2013-09-11,2013,9,Bryan Davis,West,Office Supplies,Paper,81.98,2,0.00,40.17
CA-2013-165918,2013-09-11,2013,9,Bryan Davis,West,Office Supplies,Binders,39.62,3,0.20,13.87
US-2013-118780,2013-09-11,2013,9,Parhena Norris,East,Office Supplies,Storage,59.48,2,0.00,8.92
US-2013-118780,2013-09-11,2013,9,Parhena Norris,East,Office Supplies,Paper,6.69,1,0.00,3.08
CA-2013-102162,2013-09-12,2013,9,Jill Fjeld,South,Technology,Copiers,1599.92,8,0.00,751.96
CA-2013-102162,2013-09-12,2013,9,Jill Fjeld,South,Office Supplies,Envelopes,11.09,1,0.00,5.43
CA-2013-116561,2013-09-12,2013,9,Eugene Barchas,West,Office Supplies,Storage,332.94,3,0.00,6.66
CA-2013-116561,2013-09-12,2013,9,Eugene Barchas,West,Office Supplies,Binders,39.87,2,0.20,12.96
CA-2013-121223,2013-09-12,2013,9,Giulietta Dortch,East,Office Supplies,Paper,8.45,2,0.20,2.64
CA-2013-121223,2013-09-12,2013,9,Giulietta Dortch,East,Technology,Phones,728.95,9,0.40,-157.94
CA-2013-130225,2013-09-12,2013,9,Ryan Crowe,Central,Office Supplies,Envelopes,99.57,2,0.20,33.60
CA-2013-143476,2013-09-12,2013,9,Linda Cazamias,West,Office Supplies,Art,2.91,2,0.20,0.91
CA-2013-143476,2013-09-12,2013,9,Linda Cazamias,West,Office Supplies,Paper,20.74,4,0.20,7.26
CA-2013-143476,2013-09-12,2013,9,Linda Cazamias,West,Office Supplies,Paper,9.57,2,0.20,2.99
CA-2013-145625,2013-09-12,2013,9,Kelly Collister,West,Office Supplies,Paper,7.61,1,0.00,3.58
CA-2013-145625,2013-09-12,2013,9,Kelly Collister,West,Technology,Accessories,3347.37,13,0.00,636.00
CA-2013-150007,2013-09-12,2013,9,Adam Shillingsburg,Central,Office Supplies,Labels,6.00,2,0.20,2.10
CA-2013-150007,2013-09-12,2013,9,Adam Shillingsburg,Central,Office Supplies,Binders,1.91,3,0.80,-3.24
CA-2013-153157,2013-09-12,2013,9,Trudy Brown,Central,Technology,Phones,224.75,5,0.00,62.93
CA-2013-164154,2013-09-12,2013,9,Nick Zandusky,East,Office Supplies,Binders,22.43,3,0.70,-17.94
CA-2013-164154,2013-09-12,2013,9,Nick Zandusky,East,Office Supplies,Storage,37.52,5,0.20,3.75
CA-2013-113082,2013-09-13,2013,9,Matt Collister,East,Furniture,Furnishings,40.48,2,0.00,14.57
CA-2013-123946,2013-09-13,2013,9,Anthony Johnson,South,Technology,Accessories,20.70,3,0.00,1.66
CA-2013-123946,2013-09-13,2013,9,Anthony Johnson,South,Office Supplies,Fasteners,11.34,3,0.00,5.22
CA-2013-123946,2013-09-13,2013,9,Anthony Johnson,South,Office Supplies,Storage,67.90,5,0.00,0.68
CA-2013-123946,2013-09-13,2013,9,Anthony Johnson,South,Furniture,Chairs,1059.12,4,0.00,307.14
CA-2013-128811,2013-09-13,2013,9,Sarah Foster,West,Office Supplies,Fasteners,10.47,3,0.00,4.82
CA-2013-128811,2013-09-13,2013,9,Sarah Foster,West,Office Supplies,Labels,11.07,3,0.00,5.20
CA-2013-128811,2013-09-13,2013,9,Sarah Foster,West,Office Supplies,Binders,20.70,4,0.20,7.76
CA-2013-142902,2013-09-13,2013,9,Ben Peterman,West,Furniture,Furnishings,15.14,4,0.20,3.59
CA-2013-142902,2013-09-13,2013,9,Ben Peterman,West,Furniture,Chairs,466.77,2,0.20,52.51
CA-2013-142902,2013-09-13,2013,9,Ben Peterman,West,Furniture,Furnishings,15.23,1,0.20,1.71
CA-2013-142902,2013-09-13,2013,9,Ben Peterman,West,Office Supplies,Labels,6.26,3,0.20,2.04
CA-2013-151148,2013-09-13,2013,9,Philisse Overcash,West,Technology,Phones,146.95,3,0.20,9.18
CA-2013-151148,2013-09-13,2013,9,Philisse Overcash,West,Furniture,Chairs,83.14,4,0.20,5.20
CA-2013-152457,2013-09-13,2013,9,Steve Chapman,Central,Office Supplies,Paper,68.52,3,0.00,31.52
CA-2013-105732,2013-09-14,2013,9,Alejandro Grove,Central,Office Supplies,Storage,40.74,3,0.00,0.41
CA-2013-105732,2013-09-14,2013,9,Alejandro Grove,Central,Office Supplies,Labels,14.40,5,0.00,7.06
CA-2013-105732,2013-09-14,2013,9,Alejandro Grove,Central,Technology,Phones,149.95,5,0.00,41.99
CA-2013-105732,2013-09-14,2013,9,Alejandro Grove,Central,Office Supplies,Supplies,16.90,2,0.00,5.07
CA-2013-105732,2013-09-14,2013,9,Alejandro Grove,Central,Office Supplies,Paper,17.61,3,0.00,8.45
CA-2013-105732,2013-09-14,2013,9,Alejandro Grove,Central,Office Supplies,Appliances,378.00,2,0.00,136.08
CA-2013-105732,2013-09-14,2013,9,Alejandro Grove,Central,Office Supplies,Paper,17.64,3,0.00,8.64
CA-2013-105732,2013-09-14,2013,9,Alejandro Grove,Central,Office Supplies,Storage,373.08,6,0.00,100.73
CA-2013-105732,2013-09-14,2013,9,Alejandro Grove,Central,Furniture,Furnishings,1336.44,14,0.00,387.57
CA-2013-105732,2013-09-14,2013,9,Alejandro Grove,Central,Technology,Phones,29.97,3,0.00,0.30
CA-2013-153178,2013-09-15,2013,9,Clay Ludtke,East,Technology,Phones,437.85,3,0.00,131.36
CA-2013-153178,2013-09-15,2013,9,Clay Ludtke,East,Office Supplies,Binders,673.57,2,0.20,252.59
CA-2013-155439,2013-09-15,2013,9,Parhena Norris,South,Office Supplies,Paper,25.92,4,0.00,12.44
CA-2013-116911,2013-09-16,2013,9,Justin Deggeller,West,Office Supplies,Binders,20.42,4,0.20,6.64
CA-2013-116911,2013-09-16,2013,9,Justin Deggeller,West,Furniture,Tables,1128.39,3,0.00,259.53
CA-2013-149370,2013-09-16,2013,9,Dean Braden,East,Office Supplies,Paper,5.34,1,0.20,1.87
CA-2013-149797,2013-09-16,2013,9,Adam Hart,East,Office Supplies,Binders,841.57,2,0.20,294.55
CA-2013-160479,2013-09-16,2013,9,Angele Hood,West,Office Supplies,Art,35.40,5,0.00,13.45
US-2013-128678,2013-09-16,2013,9,Rob Beeghly,West,Office Supplies,Paper,21.40,5,0.00,10.06
US-2013-128678,2013-09-16,2013,9,Rob Beeghly,West,Office Supplies,Binders,48.66,7,0.20,15.82
CA-2013-123337,2013-09-17,2013,9,Keith Dawkins,West,Furniture,Bookcases,273.67,2,0.15,-12.88
CA-2013-123337,2013-09-17,2013,9,Keith Dawkins,West,Office Supplies,Appliances,17.48,4,0.00,4.54
CA-2013-162159,2013-09-17,2013,9,Corey Roper,South,Furniture,Chairs,121.78,2,0.00,30.45
US-2013-134369,2013-09-17,2013,9,Becky Castell,West,Office Supplies,Paper,12.96,2,0.00,6.35
CA-2013-105900,2013-09-18,2013,9,Brendan Sweed,Central,Office Supplies,Art,33.40,5,0.00,12.36
CA-2013-109806,2013-09-18,2013,9,Jim Sink,West,Office Supplies,Art,20.10,3,0.00,6.63
CA-2013-109806,2013-09-18,2013,9,Jim Sink,West,Technology,Phones,73.58,2,0.20,8.28
CA-2013-109806,2013-09-18,2013,9,Jim Sink,West,Office Supplies,Paper,6.48,1,0.00,3.11
CA-2013-111416,2013-09-18,2013,9,Luke Weiss,East,Office Supplies,Binders,232.40,5,0.20,78.44
CA-2013-131093,2013-09-18,2013,9,Troy Staebel,East,Office Supplies,Storage,295.40,5,0.20,-62.77
CA-2013-134208,2013-09-18,2013,9,Cindy Stewart,South,Technology,Machines,396.00,4,0.00,190.08
CA-2013-159730,2013-09-18,2013,9,Sanjit Jacobs,West,Furniture,Chairs,113.89,2,0.20,9.97
CA-2013-159730,2013-09-18,2013,9,Sanjit Jacobs,West,Technology,Phones,105.58,2,0.20,7.92
CA-2013-164091,2013-09-18,2013,9,Laura Armstrong,East,Technology,Phones,437.85,3,0.00,131.36
CA-2013-164091,2013-09-18,2013,9,Laura Armstrong,East,Furniture,Furnishings,109.48,2,0.00,33.94
US-2013-148957,2013-09-18,2013,9,Chuck Clark,West,Office Supplies,Labels,12.32,4,0.00,5.91
US-2013-152415,2013-09-18,2013,9,Patrick O'Donnell,East,Furniture,Furnishings,14.82,3,0.00,6.22
US-2013-152415,2013-09-18,2013,9,Patrick O'Donnell,East,Furniture,Furnishings,191.82,3,0.00,61.38
CA-2013-106075,2013-09-19,2013,9,Henry MacAllister,East,Office Supplies,Binders,4.62,1,0.20,1.73
CA-2013-110086,2013-09-19,2013,9,Bill Donatelli,West,Technology,Phones,239.98,2,0.20,24.00
CA-2013-111409,2013-09-19,2013,9,Patrick O'Brill,South,Office Supplies,Labels,3.00,1,0.20,1.05
CA-2013-120355,2013-09-19,2013,9,Magdelene Morse,East,Furniture,Chairs,631.78,2,0.10,140.40
CA-2013-120355,2013-09-19,2013,9,Magdelene Morse,East,Furniture,Furnishings,60.72,3,0.00,26.11
CA-2013-133935,2013-09-19,2013,9,Jane Waco,West,Furniture,Chairs,801.57,2,0.20,50.10
CA-2013-133935,2013-09-19,2013,9,Jane Waco,West,Office Supplies,Paper,368.91,9,0.00,180.77
CA-2013-133935,2013-09-19,2013,9,Jane Waco,West,Furniture,Chairs,885.53,9,0.20,-99.62
CA-2013-140928,2013-09-19,2013,9,Nona Balk,South,Furniture,Tables,383.44,4,0.45,-167.32
CA-2013-145905,2013-09-19,2013,9,Anne McFarland,South,Furniture,Chairs,350.98,1,0.00,84.24
CA-2013-145905,2013-09-19,2013,9,Anne McFarland,South,Office Supplies,Paper,13.08,2,0.00,6.02
CA-2013-145905,2013-09-19,2013,9,Anne McFarland,South,Office Supplies,Storage,900.08,4,0.00,117.01
CA-2013-157511,2013-09-19,2013,9,Seth Vernon,East,Furniture,Furnishings,5.35,3,0.20,1.61
CA-2013-157511,2013-09-19,2013,9,Seth Vernon,East,Furniture,Chairs,99.37,2,0.30,-7.10
CA-2013-157511,2013-09-19,2013,9,Seth Vernon,East,Office Supplies,Art,2.67,1,0.20,0.37
CA-2013-102932,2013-09-20,2013,9,Shirley Daniels,East,Office Supplies,Binders,25.44,6,0.00,12.72
CA-2013-102932,2013-09-20,2013,9,Shirley Daniels,East,Office Supplies,Supplies,27.93,3,0.00,8.10
CA-2013-120250,2013-09-20,2013,9,Anne Pryor,East,Furniture,Furnishings,25.63,3,0.20,3.84
CA-2013-130267,2013-09-20,2013,9,Scot Wooten,West,Office Supplies,Paper,159.88,7,0.00,73.54
CA-2013-142370,2013-09-20,2013,9,Theone Pippenger,South,Office Supplies,Supplies,5.04,2,0.00,0.15
CA-2013-142370,2013-09-20,2013,9,Theone Pippenger,South,Technology,Accessories,249.95,5,0.00,107.48
CA-2013-158610,2013-09-20,2013,9,Clytie Kelty,East,Office Supplies,Storage,69.52,2,0.00,17.38
CA-2013-168354,2013-09-20,2013,9,Rick Huthwaite,East,Office Supplies,Storage,1606.23,9,0.00,481.87
CA-2013-168354,2013-09-20,2013,9,Rick Huthwaite,East,Office Supplies,Paper,17.04,3,0.00,7.67
CA-2013-168354,2013-09-20,2013,9,Rick Huthwaite,East,Office Supplies,Binders,49.53,3,0.00,23.77
CA-2013-168354,2013-09-20,2013,9,Rick Huthwaite,East,Furniture,Chairs,872.32,4,0.00,244.25
CA-2013-168557,2013-09-20,2013,9,Frank Hawley,West,Office Supplies,Binders,8.93,2,0.20,3.12
US-2013-114888,2013-09-20,2013,9,Chuck Clark,West,Office Supplies,Binders,11.95,3,0.20,4.18
US-2013-114888,2013-09-20,2013,9,Chuck Clark,West,Office Supplies,Supplies,6.24,3,0.00,1.87
US-2013-156097,2013-09-20,2013,9,Eugene Hildebrand,Central,Furniture,Chairs,701.37,2,0.30,-50.10
US-2013-156097,2013-09-20,2013,9,Eugene Hildebrand,Central,Office Supplies,Binders,2.31,2,0.80,-3.46
CA-2013-100244,2013-09-21,2013,9,Greg Maxwell,West,Office Supplies,Paper,65.79,9,0.00,30.26
CA-2013-100244,2013-09-21,2013,9,Greg Maxwell,West,Office Supplies,Binders,271.98,2,0.20,88.39
CA-2013-100244,2013-09-21,2013,9,Greg Maxwell,West,Office Supplies,Art,11.76,4,0.00,3.18
CA-2013-100244,2013-09-21,2013,9,Greg Maxwell,West,Office Supplies,Paper,77.52,2,0.00,37.98
CA-2013-100244,2013-09-21,2013,9,Greg Maxwell,West,Office Supplies,Binders,48.64,2,0.20,15.81
CA-2013-126284,2013-09-21,2013,9,Edward Nazzal,Central,Office Supplies,Binders,83.70,5,0.00,41.01
CA-2013-134516,2013-09-21,2013,9,Filia McAdams,South,Furniture,Furnishings,17.09,2,0.20,1.07
CA-2013-134516,2013-09-21,2013,9,Filia McAdams,South,Furniture,Chairs,98.39,1,0.20,-11.07
CA-2013-145611,2013-09-21,2013,9,Helen Abelman,East,Office Supplies,Appliances,393.25,5,0.00,129.77
CA-2013-166772,2013-09-21,2013,9,Heather Jas,West,Furniture,Bookcases,163.88,2,0.00,40.97
CA-2013-109743,2013-09-23,2013,9,Sally Hughsby,South,Office Supplies,Art,40.78,3,0.20,4.59
CA-2013-109743,2013-09-23,2013,9,Sally Hughsby,South,Technology,Phones,63.94,8,0.20,5.59
CA-2013-116232,2013-09-23,2013,9,Amy Cox,South,Office Supplies,Binders,7.51,9,0.70,-6.00
CA-2013-116232,2013-09-23,2013,9,Amy Cox,South,Office Supplies,Labels,16.56,2,0.20,5.80
CA-2013-119641,2013-09-23,2013,9,Chris Selesnick,Central,Furniture,Furnishings,18.96,2,0.00,7.58
CA-2013-120257,2013-09-23,2013,9,Pierre Wener,East,Office Supplies,Art,7.87,3,0.20,0.89
CA-2013-125724,2013-09-23,2013,9,Suzanne McNair,West,Furniture,Furnishings,68.43,7,0.20,8.55
CA-2013-135965,2013-09-23,2013,9,Sam Zeldin,East,Office Supplies,Storage,128.34,6,0.00,37.22
CA-2013-151974,2013-09-23,2013,9,Robert Dilbeck,East,Office Supplies,Labels,16.52,5,0.20,5.37
CA-2013-158617,2013-09-23,2013,9,Anna Chung,Central,Office Supplies,Paper,35.88,6,0.00,16.15
CA-2013-166653,2013-09-23,2013,9,Nora Pelletier,East,Office Supplies,Envelopes,63.97,2,0.20,19.99
US-2013-155404,2013-09-23,2013,9,Ann Steele,South,Furniture,Furnishings,13.28,2,0.00,6.37
US-2013-157728,2013-09-23,2013,9,Ryan Crowe,Central,Office Supplies,Paper,35.56,7,0.00,16.71
US-2013-157728,2013-09-23,2013,9,Ryan Crowe,Central,Technology,Phones,97.98,2,0.00,27.43
CA-2013-101742,2013-09-24,2013,9,Clay Rozendal,East,Office Supplies,Binders,10.53,7,0.20,3.68
CA-2013-106656,2013-09-24,2013,9,Darrin Van Huff,West,Office Supplies,Envelopes,4.08,2,0.00,1.92
CA-2013-106656,2013-09-24,2013,9,Darrin Van Huff,West,Office Supplies,Labels,18.90,3,0.00,8.69
CA-2013-110730,2013-09-24,2013,9,Candace McMahon,West,Office Supplies,Supplies,13.68,2,0.00,3.69
CA-2013-124016,2013-09-24,2013,9,Joni Sundaresam,East,Office Supplies,Paper,11.95,3,0.20,4.03
CA-2013-124016,2013-09-24,2013,9,Joni Sundaresam,East,Furniture,Furnishings,28.00,4,0.20,7.70
CA-2013-124016,2013-09-24,2013,9,Joni Sundaresam,East,Office Supplies,Binders,12.20,7,0.70,-9.76
CA-2013-149979,2013-09-24,2013,9,Russell Applegate,South,Office Supplies,Storage,118.25,5,0.00,34.29
CA-2013-149979,2013-09-24,2013,9,Russell Applegate,South,Furniture,Chairs,368.97,3,0.00,81.17
CA-2013-159009,2013-09-24,2013,9,Dave Poirier,West,Office Supplies,Binders,13.22,4,0.20,4.46
CA-2013-159009,2013-09-24,2013,9,Dave Poirier,West,Furniture,Chairs,184.75,3,0.20,-20.78
US-2013-129469,2013-09-24,2013,9,Kelly Lampkin,East,Furniture,Furnishings,532.70,6,0.20,-26.64
US-2013-129469,2013-09-24,2013,9,Kelly Lampkin,East,Office Supplies,Art,4.91,2,0.20,0.31
CA-2013-100944,2013-09-25,2013,9,Edward Hooks,West,Office Supplies,Envelopes,304.90,5,0.00,143.30
CA-2013-100944,2013-09-25,2013,9,Edward Hooks,West,Furniture,Chairs,563.24,5,0.20,56.32
CA-2013-108875,2013-09-25,2013,9,Craig Leslie,West,Furniture,Furnishings,21.44,2,0.20,7.50
CA-2013-108875,2013-09-25,2013,9,Craig Leslie,West,Office Supplies,Storage,511.06,9,0.20,-95.82
CA-2013-132479,2013-09-25,2013,9,Michael Kennedy,Central,Office Supplies,Binders,442.37,7,0.80,-729.91
CA-2013-141551,2013-09-25,2013,9,Benjamin Patterson,Central,Office Supplies,Binders,6.38,1,0.00,2.93
CA-2013-141551,2013-09-25,2013,9,Benjamin Patterson,Central,Office Supplies,Paper,6.48,1,0.00,3.11
CA-2013-154235,2013-09-25,2013,9,Ruben Dartt,Central,Furniture,Furnishings,127.95,3,0.00,21.75
CA-2013-155187,2013-09-25,2013,9,Laura Armstrong,West,Office Supplies,Storage,41.96,2,0.00,2.94
CA-2013-155187,2013-09-25,2013,9,Laura Armstrong,West,Office Supplies,Paper,41.70,5,0.00,20.85
US-2013-134488,2013-09-25,2013,9,Pete Kriz,East,Furniture,Chairs,155.37,2,0.30,-13.32
US-2013-147340,2013-09-25,2013,9,Edward Becker,West,Furniture,Furnishings,63.20,5,0.00,23.38
CA-2013-101385,2013-09-26,2013,9,Julia West,West,Office Supplies,Art,16.56,4,0.00,6.96
CA-2013-113978,2013-09-26,2013,9,Tony Sayre,East,Office Supplies,Appliances,286.26,1,0.20,17.89
CA-2013-113978,2013-09-26,2013,9,Tony Sayre,East,Office Supplies,Storage,24.22,2,0.20,-4.84
CA-2013-113978,2013-09-26,2013,9,Tony Sayre,East,Office Supplies,Storage,331.54,3,0.20,-82.88
CA-2013-123722,2013-09-26,2013,9,Nicole Hansen,Central,Office Supplies,Labels,15.94,4,0.20,5.18
CA-2013-140417,2013-09-26,2013,9,Katrina Edelman,West,Office Supplies,Paper,60.05,9,0.20,22.52
CA-2013-140417,2013-09-26,2013,9,Katrina Edelman,West,Office Supplies,Binders,5.02,1,0.70,-3.52
CA-2013-148747,2013-09-26,2013,9,Aaron Smayling,West,Furniture,Bookcases,477.67,2,0.15,84.29
US-2013-122245,2013-09-26,2013,9,Adrian Barton,West,Furniture,Tables,393.17,3,0.50,-204.45
US-2013-124163,2013-09-26,2013,9,Steve Chapman,Central,Technology,Accessories,499.95,5,0.00,174.98
US-2013-124163,2013-09-26,2013,9,Steve Chapman,Central,Office Supplies,Art,3.04,1,0.00,1.03
US-2013-124163,2013-09-26,2013,9,Steve Chapman,Central,Furniture,Chairs,201.96,2,0.00,50.49
US-2013-124163,2013-09-26,2013,9,Steve Chapman,Central,Furniture,Furnishings,68.64,11,0.00,17.16
US-2013-125402,2013-09-26,2013,9,Dan Lawera,West,Office Supplies,Paper,10.90,5,0.00,5.12
US-2013-125402,2013-09-26,2013,9,Dan Lawera,West,Office Supplies,Labels,29.60,2,0.00,14.80
US-2013-125402,2013-09-26,2013,9,Dan Lawera,West,Office Supplies,Labels,4.98,1,0.00,2.29
US-2013-125402,2013-09-26,2013,9,Dan Lawera,West,Technology,Copiers,479.98,3,0.20,161.99
US-2013-125402,2013-09-26,2013,9,Dan Lawera,West,Technology,Phones,44.74,8,0.20,4.47
US-2013-125402,2013-09-26,2013,9,Dan Lawera,West,Office Supplies,Art,5.76,2,0.00,1.67
US-2013-125402,2013-09-26,2013,9,Dan Lawera,West,Furniture,Chairs,483.14,4,0.20,60.39
CA-2013-132017,2013-09-27,2013,9,Matt Hagelstein,Central,Office Supplies,Binders,6.82,2,0.80,-11.59
CA-2013-143406,2013-09-27,2013,9,Lisa Ryan,Central,Office Supplies,Appliances,93.03,2,0.80,-251.19
CA-2013-143406,2013-09-27,2013,9,Lisa Ryan,Central,Furniture,Chairs,454.97,5,0.30,-136.49
CA-2013-145898,2013-09-27,2013,9,Chuck Magee,West,Office Supplies,Storage,51.45,3,0.00,13.89
CA-2013-145898,2013-09-27,2013,9,Chuck Magee,West,Office Supplies,Labels,7.83,3,0.00,3.60
CA-2013-145898,2013-09-27,2013,9,Chuck Magee,West,Office Supplies,Art,35.40,5,0.00,13.45
CA-2013-145898,2013-09-27,2013,9,Chuck Magee,West,Office Supplies,Paper,29.90,5,0.00,13.46
CA-2013-157714,2013-09-27,2013,9,Charles Sheldon,Central,Office Supplies,Paper,9.99,1,0.00,4.50
CA-2013-165820,2013-09-27,2013,9,Dorothy Wardle,West,Office Supplies,Paper,12.96,2,0.00,6.22
CA-2013-169957,2013-09-27,2013,9,Steve Nguyen,West,Office Supplies,Appliances,236.88,6,0.00,66.33
CA-2013-169957,2013-09-27,2013,9,Steve Nguyen,West,Office Supplies,Paper,29.90,5,0.00,14.65
CA-2013-169957,2013-09-27,2013,9,Steve Nguyen,West,Technology,Accessories,100.00,4,0.00,21.00
US-2013-109260,2013-09-27,2013,9,Tanja Norvell,South,Technology,Accessories,431.98,3,0.20,-75.60
US-2013-146794,2013-09-27,2013,9,Sally Hughsby,West,Furniture,Bookcases,424.96,5,0.15,20.00
US-2013-149790,2013-09-27,2013,9,Shahid Collister,Central,Office Supplies,Binders,15.62,2,0.80,-25.00
US-2013-157945,2013-09-27,2013,9,Natalie Fritzler,Central,Furniture,Chairs,747.56,3,0.30,-96.11
US-2013-157945,2013-09-27,2013,9,Natalie Fritzler,Central,Office Supplies,Envelopes,8.93,2,0.20,3.35
CA-2013-123176,2013-09-28,2013,9,James Galang,South,Office Supplies,Paper,17.94,3,0.00,8.79
CA-2013-123176,2013-09-28,2013,9,James Galang,South,Office Supplies,Art,13.89,3,0.00,4.58
CA-2013-140249,2013-09-28,2013,9,Shaun Weien,West,Technology,Phones,1001.58,2,0.20,125.20
CA-2013-163202,2013-09-28,2013,9,Brian Moss,East,Office Supplies,Binders,2.91,3,0.70,-2.03
US-2013-110170,2013-09-28,2013,9,Harry Marie,Central,Furniture,Bookcases,956.66,7,0.32,-225.10
US-2013-134656,2013-09-29,2013,9,Muhammed MacIntyre,Central,Office Supplies,Paper,99.14,4,0.20,30.98
CA-2013-106621,2013-09-30,2013,9,Dario Medina,West,Office Supplies,Art,10.50,4,0.20,1.18
CA-2013-108056,2013-09-30,2013,9,Erin Smith,West,Technology,Phones,859.20,3,0.20,75.18
CA-2013-108616,2013-09-30,2013,9,Joe Kamberova,South,Technology,Accessories,209.97,3,0.00,71.39
CA-2013-108616,2013-09-30,2013,9,Joe Kamberova,South,Office Supplies,Binders,62.94,3,0.00,30.21
CA-2013-108616,2013-09-30,2013,9,Joe Kamberova,South,Office Supplies,Art,25.92,9,0.00,7.78
CA-2013-125794,2013-09-30,2013,9,Maris LaWare,West,Technology,Accessories,36.24,1,0.00,15.22
CA-2013-134362,2013-09-30,2013,9,Linda Southworth,East,Office Supplies,Labels,15.94,4,0.20,5.18
CA-2013-138037,2013-09-30,2013,9,Andy Reiter,West,Office Supplies,Binders,27.24,5,0.20,9.53
CA-2013-161781,2013-09-30,2013,9,Chad Cunningham,Central,Office Supplies,Art,40.88,7,0.00,10.63
US-2013-101497,2013-09-30,2013,9,Pamela Stobb,West,Office Supplies,Paper,18.97,1,0.00,9.11
CA-2013-106243,2013-10-01,2013,10,Greg Matthias,East,Furniture,Bookcases,523.92,5,0.20,-26.20
CA-2013-108644,2013-10-01,2013,10,Sarah Jordon,Central,Office Supplies,Binders,1.96,2,0.80,-3.24
CA-2013-111794,2013-10-02,2013,10,Hunter Glantz,Central,Technology,Accessories,79.51,3,0.20,20.87
CA-2013-111794,2013-10-02,2013,10,Hunter Glantz,Central,Office Supplies,Paper,28.35,1,0.20,9.57
CA-2013-116918,2013-10-02,2013,10,Jamie Kunitz,South,Office Supplies,Binders,5.39,4,0.70,-4.49
CA-2013-116918,2013-10-02,2013,10,Jamie Kunitz,South,Office Supplies,Art,30.98,8,0.20,5.03
CA-2013-139157,2013-10-02,2013,10,Greg Matthias,East,Furniture,Tables,330.59,1,0.40,-115.71
CA-2013-155992,2013-10-02,2013,10,Chris Cortes,Central,Technology,Phones,69.90,2,0.00,18.87
CA-2013-155992,2013-10-02,2013,10,Chris Cortes,Central,Furniture,Furnishings,41.85,5,0.00,10.88
CA-2013-157686,2013-10-02,2013,10,Brian DeCherney,West,Furniture,Chairs,194.85,4,0.20,12.18
CA-2013-118689,2013-10-03,2013,10,Tamara Chand,Central,Office Supplies,Storage,32.48,2,0.00,4.87
CA-2013-118689,2013-10-03,2013,10,Tamara Chand,Central,Technology,Copiers,17499.95,5,0.00,8399.98
CA-2013-118689,2013-10-03,2013,10,Tamara Chand,Central,Office Supplies,Binders,735.98,2,0.00,331.19
CA-2013-118689,2013-10-03,2013,10,Tamara Chand,Central,Office Supplies,Binders,34.37,7,0.00,16.84
CA-2013-118689,2013-10-03,2013,10,Tamara Chand,Central,Office Supplies,Art,33.96,2,0.00,9.51
CA-2013-118969,2013-10-03,2013,10,Liz Preis,West,Office Supplies,Binders,54.79,6,0.70,-40.18
CA-2013-134376,2013-10-03,2013,10,Tim Taslimi,East,Office Supplies,Appliances,61.44,3,0.00,16.59
CA-2013-101672,2013-10-04,2013,10,Daniel Byrd,West,Office Supplies,Labels,6.16,2,0.00,2.96
CA-2013-101672,2013-10-04,2013,10,Daniel Byrd,West,Furniture,Chairs,915.14,4,0.20,102.95
CA-2013-101672,2013-10-04,2013,10,Daniel Byrd,West,Office Supplies,Paper,8.56,2,0.00,3.85
CA-2013-101672,2013-10-04,2013,10,Daniel Byrd,West,Office Supplies,Paper,97.82,2,0.00,45.98
CA-2013-103919,2013-10-04,2013,10,Tracy Poddar,Central,Furniture,Furnishings,38.08,5,0.60,-29.51
CA-2013-140634,2013-10-04,2013,10,Hunter Lopez,Central,Office Supplies,Envelopes,15.65,2,0.20,5.09
CA-2013-144939,2013-10-04,2013,10,Emily Burns,East,Furniture,Chairs,599.29,6,0.10,93.22
CA-2013-121601,2013-10-05,2013,10,Mary O'Rourke,Central,Office Supplies,Envelopes,59.75,7,0.20,19.42
CA-2013-131296,2013-10-05,2013,10,Melanie Seite,East,Furniture,Tables,239.37,2,0.30,-23.94
CA-2013-145709,2013-10-05,2013,10,Anna Häberlin,South,Technology,Phones,52.68,3,0.20,19.76
CA-2013-145709,2013-10-05,2013,10,Anna Häberlin,South,Furniture,Furnishings,11.57,3,0.20,2.60
US-2013-140158,2013-10-05,2013,10,Daniel Raglin,East,Office Supplies,Binders,30.40,1,0.00,13.98
US-2013-140158,2013-10-05,2013,10,Daniel Raglin,East,Technology,Copiers,5399.91,9,0.00,2591.96
US-2013-140158,2013-10-05,2013,10,Daniel Raglin,East,Office Supplies,Storage,119.10,3,0.00,34.54
US-2013-115952,2013-10-07,2013,10,Jonathan Howell,Central,Office Supplies,Binders,28.85,5,0.00,14.43
US-2013-157490,2013-10-07,2013,10,Laurel Beltran,West,Technology,Machines,703.71,6,0.70,-938.28
US-2013-157490,2013-10-07,2013,10,Laurel Beltran,West,Office Supplies,Binders,17.90,4,0.70,-14.92
US-2013-157490,2013-10-07,2013,10,Laurel Beltran,West,Office Supplies,Binders,11.98,4,0.70,-9.18
US-2013-157490,2013-10-07,2013,10,Laurel Beltran,West,Technology,Accessories,67.96,5,0.20,0.85
CA-2013-127649,2013-10-08,2013,10,Dionis Lloyd,West,Technology,Machines,837.60,3,0.20,62.82
CA-2013-139808,2013-10-08,2013,10,Mick Crebagga,West,Office Supplies,Fasteners,93.36,12,0.00,0.93
CA-2013-155033,2013-10-08,2013,10,Cindy Chapman,West,Office Supplies,Paper,10.56,2,0.00,5.07
CA-2013-162614,2013-10-08,2013,10,Tim Brockman,West,Office Supplies,Binders,27.26,2,0.20,8.86
CA-2013-163216,2013-10-08,2013,10,Arthur Wiediger,East,Office Supplies,Labels,4.93,2,0.20,1.72
CA-2013-135636,2013-10-09,2013,10,Doug Bickford,South,Office Supplies,Storage,387.72,5,0.20,-67.85
CA-2013-149685,2013-10-09,2013,10,Peter McVee,Central,Office Supplies,Labels,60.14,6,0.20,20.30
US-2013-126844,2013-10-09,2013,10,Bart Watters,Central,Furniture,Furnishings,51.71,8,0.60,-32.32
US-2013-162026,2013-10-09,2013,10,Joel Eaton,West,Office Supplies,Paper,61.96,2,0.00,27.88
CA-2013-114748,2013-10-10,2013,10,Maria Zettner,West,Office Supplies,Art,1.41,1,0.20,0.16
CA-2013-114748,2013-10-10,2013,10,Maria Zettner,West,Furniture,Furnishings,169.57,2,0.20,0.00
CA-2013-116974,2013-10-10,2013,10,Michael Paige,East,Technology,Phones,23.98,4,0.40,-15.58
US-2013-128909,2013-10-10,2013,10,Sibella Parks,East,Office Supplies,Paper,19.14,4,0.20,5.98
US-2013-128909,2013-10-10,2013,10,Sibella Parks,East,Furniture,Furnishings,332.83,4,0.20,-24.96
CA-2013-126627,2013-10-11,2013,10,William Brown,Central,Furniture,Furnishings,14.00,4,0.60,-6.30
CA-2013-126627,2013-10-11,2013,10,William Brown,Central,Office Supplies,Binders,16.39,2,0.80,-26.23
CA-2013-157707,2013-10-11,2013,10,Corey Catlett,West,Furniture,Bookcases,90.88,3,0.70,-190.85
CA-2013-157707,2013-10-11,2013,10,Corey Catlett,West,Technology,Phones,15.99,1,0.20,-3.00
CA-2013-157707,2013-10-11,2013,10,Corey Catlett,West,Furniture,Chairs,120.78,1,0.20,13.59
US-2013-150357,2013-10-11,2013,10,Erica Bern,South,Office Supplies,Supplies,20.61,2,0.20,-4.38
US-2013-150357,2013-10-11,2013,10,Erica Bern,South,Office Supplies,Binders,4.10,3,0.70,-2.73
CA-2013-113390,2013-10-12,2013,10,Emily Phan,Central,Office Supplies,Art,5.34,2,0.20,0.67
CA-2013-113390,2013-10-12,2013,10,Emily Phan,Central,Office Supplies,Art,27.72,3,0.20,3.47
CA-2013-101161,2013-10-14,2013,10,Bart Watters,East,Office Supplies,Art,34.70,5,0.00,12.49
CA-2013-101161,2013-10-14,2013,10,Bart Watters,East,Office Supplies,Storage,99.87,3,0.00,23.97
CA-2013-101161,2013-10-14,2013,10,Bart Watters,East,Office Supplies,Paper,37.94,2,0.00,18.21
CA-2013-101161,2013-10-14,2013,10,Bart Watters,East,Office Supplies,Labels,24.90,5,0.00,11.45
CA-2013-101161,2013-10-14,2013,10,Bart Watters,East,Furniture,Furnishings,82.26,3,0.00,33.73
CA-2013-145583,2013-10-14,2013,10,Lena Creighton,West,Office Supplies,Paper,20.04,3,0.00,9.62
CA-2013-145583,2013-10-14,2013,10,Lena Creighton,West,Office Supplies,Paper,35.44,1,0.00,16.66
CA-2013-145583,2013-10-14,2013,10,Lena Creighton,West,Office Supplies,Art,11.52,4,0.00,3.46
CA-2013-145583,2013-10-14,2013,10,Lena Creighton,West,Office Supplies,Fasteners,4.02,2,0.00,1.97
CA-2013-145583,2013-10-14,2013,10,Lena Creighton,West,Office Supplies,Binders,76.18,3,0.20,26.66
CA-2013-145583,2013-10-14,2013,10,Lena Creighton,West,Office Supplies,Supplies,65.88,6,0.00,18.45
CA-2013-145583,2013-10-14,2013,10,Lena Creighton,West,Furniture,Furnishings,43.12,14,0.00,20.70
CA-2013-154018,2013-10-14,2013,10,Helen Andreada,Central,Technology,Accessories,191.98,3,0.20,24.00
CA-2013-154018,2013-10-14,2013,10,Helen Andreada,Central,Office Supplies,Paper,8.29,2,0.20,3.00
CA-2013-154018,2013-10-14,2013,10,Helen Andreada,Central,Furniture,Furnishings,139.92,5,0.60,-150.41
CA-2013-154018,2013-10-14,2013,10,Helen Andreada,Central,Office Supplies,Art,15.87,1,0.20,1.19
CA-2013-154018,2013-10-14,2013,10,Helen Andreada,Central,Office Supplies,Binders,6.29,7,0.80,-11.00
US-2013-100839,2013-10-14,2013,10,Noah Childs,West,Furniture,Tables,727.45,5,0.50,-465.57
US-2013-100839,2013-10-14,2013,10,Noah Childs,West,Furniture,Furnishings,24.96,3,0.20,4.37
CA-2013-113607,2013-10-15,2013,10,Pauline Webber,East,Technology,Phones,1091.93,7,0.00,272.98
CA-2013-113607,2013-10-15,2013,10,Pauline Webber,East,Office Supplies,Paper,111.96,2,0.00,54.86
CA-2013-125220,2013-10-15,2013,10,Bobby Elias,Central,Technology,Accessories,1649.75,5,0.00,544.42
CA-2013-156503,2013-10-15,2013,10,Nathan Cano,South,Furniture,Chairs,102.59,1,0.20,10.26
CA-2013-156503,2013-10-15,2013,10,Nathan Cano,South,Technology,Accessories,22.70,1,0.20,5.96
CA-2013-156503,2013-10-15,2013,10,Nathan Cano,South,Office Supplies,Paper,93.02,3,0.20,33.72
CA-2013-156503,2013-10-15,2013,10,Nathan Cano,South,Office Supplies,Supplies,12.77,2,0.20,1.44
CA-2013-156503,2013-10-15,2013,10,Nathan Cano,South,Office Supplies,Envelopes,35.01,4,0.20,13.13
CA-2013-156503,2013-10-15,2013,10,Nathan Cano,South,Office Supplies,Paper,39.15,1,0.20,14.68
US-2013-108098,2013-10-15,2013,10,Christine Phan,West,Technology,Accessories,177.00,3,0.00,30.09
CA-2013-124352,2013-10-16,2013,10,Cynthia Delaney,Central,Office Supplies,Labels,20.16,7,0.00,9.88
CA-2013-124352,2013-10-16,2013,10,Cynthia Delaney,Central,Office Supplies,Labels,29.46,6,0.00,14.44
CA-2013-124352,2013-10-16,2013,10,Cynthia Delaney,Central,Office Supplies,Appliances,868.59,3,0.00,251.89
CA-2013-124352,2013-10-16,2013,10,Cynthia Delaney,Central,Office Supplies,Paper,12.96,2,0.00,6.22
CA-2013-124352,2013-10-16,2013,10,Cynthia Delaney,Central,Technology,Phones,5.50,1,0.00,1.38
CA-2013-124352,2013-10-16,2013,10,Cynthia Delaney,Central,Office Supplies,Binders,121.60,4,0.00,55.94
CA-2013-125738,2013-10-16,2013,10,Patrick Bzostek,West,Office Supplies,Paper,45.68,2,0.00,21.01
CA-2013-125738,2013-10-16,2013,10,Patrick Bzostek,West,Office Supplies,Paper,60.12,9,0.00,28.86
CA-2013-125738,2013-10-16,2013,10,Patrick Bzostek,West,Office Supplies,Binders,41.72,5,0.20,13.04
CA-2013-125738,2013-10-16,2013,10,Patrick Bzostek,West,Office Supplies,Paper,71.60,8,0.00,32.94
CA-2013-142097,2013-10-16,2013,10,Quincy Jones,South,Office Supplies,Binders,232.96,7,0.00,116.48
CA-2013-142097,2013-10-16,2013,10,Quincy Jones,South,Office Supplies,Envelopes,66.54,6,0.00,32.60
CA-2013-142097,2013-10-16,2013,10,Quincy Jones,South,Office Supplies,Appliances,43.26,3,0.00,14.28
CA-2013-132066,2013-10-17,2013,10,Nona Balk,East,Furniture,Tables,142.18,1,0.40,-37.92
CA-2013-141586,2013-10-18,2013,10,Neil Knudson,West,Office Supplies,Binders,18.16,5,0.20,6.58
CA-2013-147256,2013-10-18,2013,10,Frank Carlisle,Central,Technology,Phones,449.97,3,0.00,220.49
CA-2013-147256,2013-10-18,2013,10,Frank Carlisle,Central,Office Supplies,Appliances,1927.59,7,0.00,751.76
CA-2013-152688,2013-10-18,2013,10,Nick Radford,East,Furniture,Bookcases,120.98,1,0.00,12.10
CA-2013-152688,2013-10-18,2013,10,Nick Radford,East,Office Supplies,Binders,315.98,1,0.00,148.51
CA-2013-163972,2013-10-18,2013,10,Michael Granlund,West,Furniture,Bookcases,120.67,2,0.15,21.29
US-2013-159856,2013-10-19,2013,10,Emily Phan,West,Furniture,Chairs,307.92,5,0.20,-34.64
CA-2013-105753,2013-10-21,2013,10,Lindsay Castell,South,Furniture,Furnishings,61.10,5,0.00,18.33
CA-2013-106341,2013-10-21,2013,10,Luke Foster,East,Office Supplies,Art,7.15,3,0.20,0.72
CA-2013-133697,2013-10-21,2013,10,Chuck Magee,Central,Office Supplies,Paper,51.02,7,0.20,15.94
CA-2013-133697,2013-10-21,2013,10,Chuck Magee,Central,Office Supplies,Fasteners,25.25,4,0.20,7.89
CA-2013-133697,2013-10-21,2013,10,Chuck Magee,Central,Furniture,Chairs,56.69,1,0.30,-14.58
CA-2013-139549,2013-10-21,2013,10,Muhammed Yedwab,West,Furniture,Chairs,387.14,4,0.20,4.84
CA-2013-160220,2013-10-21,2013,10,Joy Smith,Central,Technology,Phones,125.70,6,0.00,35.20
CA-2013-160220,2013-10-21,2013,10,Joy Smith,Central,Technology,Phones,191.98,2,0.00,51.83
CA-2013-160220,2013-10-21,2013,10,Joy Smith,Central,Office Supplies,Storage,20.86,7,0.00,1.46
CA-2013-168921,2013-10-21,2013,10,Andrew Gjertsen,West,Office Supplies,Binders,19.30,3,0.20,6.03
CA-2013-111493,2013-10-22,2013,10,Charles McCrossin,East,Technology,Accessories,98.16,6,0.00,9.82
CA-2013-112340,2013-10-22,2013,10,Neoma Murray,West,Office Supplies,Paper,22.92,3,0.00,11.23
CA-2013-125080,2013-10-22,2013,10,Victoria Wilson,East,Furniture,Tables,661.18,2,0.40,-231.41
CA-2013-133669,2013-10-22,2013,10,Susan Vittorini,East,Technology,Phones,235.15,8,0.40,-47.03
CA-2013-136322,2013-10-22,2013,10,Anne Pryor,South,Furniture,Furnishings,45.57,2,0.20,9.68
CA-2013-136322,2013-10-22,2013,10,Anne Pryor,South,Office Supplies,Binders,28.75,8,0.70,-21.08
CA-2013-138478,2013-10-22,2013,10,Dennis Pardue,West,Office Supplies,Art,113.22,3,0.00,29.44
CA-2013-138478,2013-10-22,2013,10,Dennis Pardue,West,Office Supplies,Paper,35.88,6,0.00,17.58
CA-2013-138478,2013-10-22,2013,10,Dennis Pardue,West,Office Supplies,Binders,4535.98,3,0.20,1644.29
CA-2013-144729,2013-10-22,2013,10,Joel Eaton,West,Office Supplies,Storage,154.44,3,0.00,1.54
CA-2013-151169,2013-10-22,2013,10,Muhammed Yedwab,East,Office Supplies,Binders,7.92,4,0.00,3.56
CA-2013-155516,2013-10-22,2013,10,Michael Kennedy,East,Office Supplies,Binders,23.20,4,0.00,10.44
CA-2013-155516,2013-10-22,2013,10,Michael Kennedy,East,Office Supplies,Supplies,7.36,2,0.00,0.15
CA-2013-155516,2013-10-22,2013,10,Michael Kennedy,East,Office Supplies,Storage,104.79,7,0.00,29.34
CA-2013-155516,2013-10-22,2013,10,Michael Kennedy,East,Furniture,Bookcases,1043.92,4,0.00,271.42
CA-2013-161746,2013-10-22,2013,10,Carlos Soltero,West,Furniture,Chairs,242.14,3,0.20,12.11
CA-2013-161746,2013-10-22,2013,10,Carlos Soltero,West,Office Supplies,Art,12.39,3,0.00,5.70
CA-2013-161746,2013-10-22,2013,10,Carlos Soltero,West,Furniture,Furnishings,19.96,2,0.00,5.59
CA-2013-161746,2013-10-22,2013,10,Carlos Soltero,West,Office Supplies,Storage,340.92,3,0.00,3.41
CA-2013-166373,2013-10-22,2013,10,Jill Fjeld,Central,Technology,Accessories,106.08,6,0.20,-9.28
CA-2013-169334,2013-10-22,2013,10,Giulietta Weimer,South,Office Supplies,Storage,111.67,9,0.20,6.98
CA-2013-165148,2013-10-23,2013,10,Peter McVee,Central,Furniture,Furnishings,31.40,5,0.00,10.05
CA-2013-169887,2013-10-23,2013,10,MaryBeth Skach,West,Office Supplies,Paper,6.68,1,0.00,3.21
CA-2013-169887,2013-10-23,2013,10,MaryBeth Skach,West,Office Supplies,Art,8.34,3,0.00,2.25
CA-2013-169887,2013-10-23,2013,10,MaryBeth Skach,West,Furniture,Furnishings,101.94,3,0.00,30.58
US-2013-116400,2013-10-23,2013,10,Eric Barreto,South,Furniture,Furnishings,39.92,4,0.00,11.18
CA-2013-132661,2013-10-24,2013,10,Steven Roelle,East,Office Supplies,Paper,379.40,10,0.00,178.32
CA-2013-151323,2013-10-24,2013,10,Alejandro Ballentine,West,Office Supplies,Fasteners,17.05,5,0.00,8.18
CA-2013-165484,2013-10-24,2013,10,Heather Kirkland,Central,Furniture,Furnishings,16.16,7,0.60,-12.12
CA-2013-165484,2013-10-24,2013,10,Heather Kirkland,Central,Office Supplies,Paper,54.82,3,0.20,17.82
CA-2013-118311,2013-10-25,2013,10,Emily Ducich,West,Technology,Accessories,450.00,5,0.00,162.00
CA-2013-121020,2013-10-25,2013,10,Catherine Glotzbach,South,Technology,Phones,239.98,3,0.20,18.00
CA-2013-121748,2013-10-25,2013,10,Victoria Wilson,West,Technology,Accessories,100.00,4,0.00,21.00
CA-2013-121748,2013-10-25,2013,10,Victoria Wilson,West,Technology,Accessories,359.98,2,0.00,21.60
CA-2013-158925,2013-10-25,2013,10,Jennifer Patt,Central,Office Supplies,Paper,15.55,3,0.20,5.44
CA-2013-166275,2013-10-25,2013,10,Sonia Sunley,West,Technology,Accessories,199.99,1,0.00,86.00
CA-2013-153318,2013-10-26,2013,10,Jill Stevenson,South,Technology,Phones,783.96,5,0.20,78.40
CA-2013-116596,2013-10-28,2013,10,Ben Wallace,East,Furniture,Chairs,427.64,14,0.10,80.78
CA-2013-116596,2013-10-28,2013,10,Ben Wallace,East,Office Supplies,Fasteners,40.67,7,0.00,12.61
CA-2013-116596,2013-10-28,2013,10,Ben Wallace,East,Office Supplies,Storage,33.48,2,0.00,1.34
CA-2013-116596,2013-10-28,2013,10,Ben Wallace,East,Office Supplies,Binders,9.73,2,0.20,3.28
CA-2013-120873,2013-10-28,2013,10,Ben Wallace,South,Furniture,Chairs,290.98,1,0.00,75.65
CA-2013-152632,2013-10-28,2013,10,Jeremy Ellison,East,Furniture,Furnishings,40.20,3,0.00,19.30
CA-2013-156811,2013-10-28,2013,10,Bart Pistole,West,Office Supplies,Appliances,43.92,4,0.00,11.86
CA-2013-156811,2013-10-28,2013,10,Bart Pistole,West,Office Supplies,Binders,25.03,3,0.20,7.82
US-2013-117387,2013-10-28,2013,10,Pete Armstrong,West,Office Supplies,Binders,67.14,4,0.20,25.18
CA-2013-120369,2013-10-29,2013,10,Victoria Brennan,East,Furniture,Furnishings,756.80,5,0.00,75.68
CA-2013-125815,2013-10-29,2013,10,Denise Leinenbach,East,Office Supplies,Art,12.42,3,0.00,5.22
CA-2013-130162,2013-10-29,2013,10,Jonathan Howell,West,Office Supplies,Storage,93.06,6,0.00,26.06
CA-2013-130162,2013-10-29,2013,10,Jonathan Howell,West,Technology,Phones,302.38,3,0.20,22.68
CA-2013-134775,2013-10-29,2013,10,Alejandro Savely,West,Office Supplies,Paper,50.96,7,0.00,25.48
CA-2013-134775,2013-10-29,2013,10,Alejandro Savely,West,Office Supplies,Binders,49.54,3,0.20,17.34
CA-2013-140641,2013-10-29,2013,10,Emily Phan,South,Office Supplies,Binders,38.19,5,0.70,-26.73
CA-2013-142545,2013-10-29,2013,10,Jonathan Doherty,East,Office Supplies,Paper,32.40,5,0.00,15.55
CA-2013-142545,2013-10-29,2013,10,Jonathan Doherty,East,Office Supplies,Storage,1082.48,8,0.00,10.82
CA-2013-142545,2013-10-29,2013,10,Jonathan Doherty,East,Office Supplies,Paper,56.91,3,0.00,27.32
CA-2013-142545,2013-10-29,2013,10,Jonathan Doherty,East,Furniture,Furnishings,77.60,4,0.00,38.02
CA-2013-142545,2013-10-29,2013,10,Jonathan Doherty,East,Office Supplies,Binders,14.28,1,0.00,6.57
CA-2013-144344,2013-10-29,2013,10,Patrick Gardner,South,Furniture,Furnishings,47.95,3,0.20,13.79
CA-2013-144344,2013-10-29,2013,10,Patrick Gardner,South,Office Supplies,Binders,37.43,5,0.70,-29.94
CA-2013-144344,2013-10-29,2013,10,Patrick Gardner,South,Furniture,Furnishings,63.97,2,0.20,0.00
CA-2013-144344,2013-10-29,2013,10,Patrick Gardner,South,Furniture,Furnishings,165.05,3,0.20,41.26
US-2013-144393,2013-10-29,2013,10,Suzanne McNair,South,Office Supplies,Binders,17.62,4,0.70,-14.09
CA-2013-112389,2013-10-30,2013,10,Jim Mitchum,East,Office Supplies,Storage,40.74,3,0.00,0.41
CA-2013-112389,2013-10-30,2013,10,Jim Mitchum,East,Office Supplies,Appliances,11.67,3,0.00,3.03
CA-2013-146682,2013-10-30,2013,10,Katrina Willman,Central,Furniture,Furnishings,67.00,5,0.00,32.16
US-2013-131912,2013-10-30,2013,10,Logan Haushalter,West,Office Supplies,Binders,11.74,1,0.20,3.82
CA-2013-105291,2013-10-31,2013,10,Susan Pistek,West,Office Supplies,Fasteners,3.62,2,0.00,1.19
CA-2013-153836,2013-10-31,2013,10,Edward Hooks,East,Office Supplies,Binders,28.75,3,0.20,10.06
CA-2013-153836,2013-10-31,2013,10,Edward Hooks,East,Office Supplies,Art,114.95,5,0.00,32.19
CA-2013-167290,2013-10-31,2013,10,Jason Fortune-,Central,Office Supplies,Art,11.68,2,0.00,3.50
CA-2013-119165,2013-11-01,2013,11,Bill Donatelli,East,Furniture,Chairs,492.84,5,0.30,-14.08
CA-2013-140130,2013-11-01,2013,11,Helen Wasserman,Central,Office Supplies,Supplies,21.96,2,0.00,6.15
CA-2013-140130,2013-11-01,2013,11,Helen Wasserman,Central,Furniture,Chairs,368.97,3,0.00,81.17
CA-2013-140130,2013-11-01,2013,11,Helen Wasserman,Central,Office Supplies,Art,12.39,3,0.00,3.47
CA-2013-140130,2013-11-01,2013,11,Helen Wasserman,Central,Office Supplies,Storage,332.94,3,0.00,9.99
CA-2013-144218,2013-11-01,2013,11,Jonathan Doherty,West,Office Supplies,Storage,1085.42,7,0.00,282.21
CA-2013-146913,2013-11-01,2013,11,Sylvia Foulston,West,Furniture,Chairs,1403.92,5,0.20,70.20
US-2013-142251,2013-11-01,2013,11,Frank Olsen,South,Office Supplies,Paper,32.06,6,0.20,11.22
CA-2013-100671,2013-11-02,2013,11,Cindy Schnelling,Central,Office Supplies,Storage,111.67,9,0.20,6.98
CA-2013-129196,2013-11-02,2013,11,Xylona Preis,Central,Technology,Accessories,68.11,3,0.20,17.88
CA-2013-159212,2013-11-02,2013,11,Katherine Murray,South,Technology,Phones,21.80,2,0.00,6.10
CA-2013-159212,2013-11-02,2013,11,Katherine Murray,South,Office Supplies,Envelopes,251.79,3,0.00,118.34
CA-2013-109365,2013-11-04,2013,11,Xylona Preis,West,Office Supplies,Fasteners,15.26,7,0.00,5.04
CA-2013-109365,2013-11-04,2013,11,Xylona Preis,West,Office Supplies,Appliances,43.32,2,0.00,14.30
CA-2013-109365,2013-11-04,2013,11,Xylona Preis,West,Office Supplies,Binders,43.58,12,0.20,15.80
CA-2013-109365,2013-11-04,2013,11,Xylona Preis,West,Office Supplies,Paper,116.28,3,0.00,56.98
CA-2013-109365,2013-11-04,2013,11,Xylona Preis,West,Office Supplies,Binders,9.30,2,0.20,3.02
CA-2013-109365,2013-11-04,2013,11,Xylona Preis,West,Office Supplies,Paper,19.44,3,0.00,9.33
CA-2013-109365,2013-11-04,2013,11,Xylona Preis,West,Office Supplies,Paper,314.55,3,0.00,150.98
CA-2013-114972,2013-11-04,2013,11,Phillip Flathmann,West,Furniture,Chairs,217.58,2,0.20,-29.92
CA-2013-114972,2013-11-04,2013,11,Phillip Flathmann,West,Technology,Accessories,82.95,5,0.00,29.03
CA-2013-114972,2013-11-04,2013,11,Phillip Flathmann,West,Office Supplies,Labels,87.71,7,0.00,41.22
CA-2013-114972,2013-11-04,2013,11,Phillip Flathmann,West,Office Supplies,Appliances,1101.48,4,0.00,429.58
CA-2013-127250,2013-11-04,2013,11,Sarah Foster,West,Office Supplies,Art,8.82,3,0.00,2.38
CA-2013-128867,2013-11-04,2013,11,Clay Ludtke,Central,Office Supplies,Art,75.96,2,0.00,22.79
CA-2013-128867,2013-11-04,2013,11,Clay Ludtke,Central,Office Supplies,Binders,27.24,6,0.00,13.35
CA-2013-134180,2013-11-04,2013,11,Julie Prescott,East,Technology,Accessories,72.00,1,0.20,14.40
CA-2013-134180,2013-11-04,2013,11,Julie Prescott,East,Furniture,Chairs,470.16,7,0.30,-13.43
CA-2013-159023,2013-11-04,2013,11,Natalie Webber,West,Office Supplies,Binders,4.16,7,0.70,-3.47
CA-2013-159023,2013-11-04,2013,11,Natalie Webber,West,Technology,Machines,179.99,3,0.70,-251.99
CA-2013-160136,2013-11-04,2013,11,Patrick Jones,Central,Office Supplies,Paper,9.25,2,0.20,3.35
CA-2013-168893,2013-11-04,2013,11,Arthur Prichep,South,Office Supplies,Fasteners,20.00,4,0.00,9.60
CA-2013-168893,2013-11-04,2013,11,Arthur Prichep,South,Office Supplies,Art,7.98,3,0.00,2.07
CA-2013-168893,2013-11-04,2013,11,Arthur Prichep,South,Furniture,Furnishings,24.10,5,0.00,9.16
CA-2013-168893,2013-11-04,2013,11,Arthur Prichep,South,Office Supplies,Art,8.75,1,0.00,2.63
CA-2013-168893,2013-11-04,2013,11,Arthur Prichep,South,Furniture,Tables,842.94,3,0.00,160.16
CA-2013-119018,2013-11-05,2013,11,Carl Weiss,West,Office Supplies,Binders,7.71,2,0.20,2.80
CA-2013-119018,2013-11-05,2013,11,Carl Weiss,West,Office Supplies,Binders,4.18,1,0.20,1.31
CA-2013-119018,2013-11-05,2013,11,Carl Weiss,West,Office Supplies,Paper,38.88,6,0.00,18.66
CA-2013-143308,2013-11-05,2013,11,Roy Collins,South,Office Supplies,Fasteners,10.74,3,0.00,5.26
CA-2013-146766,2013-11-05,2013,11,Thomas Thornton,West,Office Supplies,Art,192.80,4,0.00,55.91
CA-2013-158260,2013-11-05,2013,11,Cindy Chapman,West,Technology,Machines,686.40,2,0.20,77.22
CA-2013-162236,2013-11-05,2013,11,Elpida Rittenbach,South,Office Supplies,Storage,45.25,2,0.20,3.96
CA-2013-162236,2013-11-05,2013,11,Elpida Rittenbach,South,Furniture,Tables,876.30,10,0.40,-292.10
CA-2013-162236,2013-11-05,2013,11,Elpida Rittenbach,South,Office Supplies,Supplies,185.38,2,0.20,-34.76
CA-2013-163328,2013-11-05,2013,11,Tracy Poddar,West,Office Supplies,Supplies,17.58,7,0.20,-4.18
CA-2013-163328,2013-11-05,2013,11,Tracy Poddar,West,Furniture,Chairs,104.78,1,0.20,-14.41
CA-2013-163328,2013-11-05,2013,11,Tracy Poddar,West,Office Supplies,Paper,47.95,3,0.20,16.78
CA-2013-163328,2013-11-05,2013,11,Tracy Poddar,West,Furniture,Chairs,650.35,3,0.20,-97.55
CA-2013-163328,2013-11-05,2013,11,Tracy Poddar,West,Office Supplies,Labels,629.18,8,0.20,228.08
CA-2013-163328,2013-11-05,2013,11,Tracy Poddar,West,Office Supplies,Paper,15.18,1,0.20,5.31
CA-2013-163755,2013-11-05,2013,11,Alejandro Savely,West,Furniture,Furnishings,209.88,3,0.00,35.68
CA-2013-165827,2013-11-05,2013,11,Maureen Fritzler,South,Furniture,Furnishings,50.50,6,0.20,8.21
CA-2013-166443,2013-11-05,2013,11,Lisa Hazard,West,Furniture,Furnishings,38.29,7,0.00,16.46
US-2013-111563,2013-11-05,2013,11,Sally Matthias,Central,Furniture,Furnishings,11.38,3,0.60,-5.69
US-2013-111563,2013-11-05,2013,11,Sally Matthias,Central,Furniture,Furnishings,66.11,4,0.60,-84.29
CA-2013-125094,2013-11-06,2013,11,Nora Preis,West,Technology,Accessories,479.72,4,0.00,52.77
CA-2013-140207,2013-11-06,2013,11,Christopher Schild,West,Office Supplies,Binders,29.12,5,0.20,9.83
CA-2013-143441,2013-11-06,2013,11,Evan Bailliet,Central,Office Supplies,Labels,11.84,1,0.20,4.44
CA-2013-144092,2013-11-06,2013,11,Logan Haushalter,West,Technology,Accessories,72.00,4,0.00,12.96
CA-2013-144092,2013-11-06,2013,11,Logan Haushalter,West,Furniture,Chairs,113.89,2,0.20,9.97
CA-2013-144092,2013-11-06,2013,11,Logan Haushalter,West,Office Supplies,Envelopes,158.13,3,0.00,77.48
CA-2013-148908,2013-11-06,2013,11,Joseph Holt,West,Office Supplies,Binders,53.25,2,0.20,19.97
CA-2013-157280,2013-11-06,2013,11,Liz Willingham,South,Furniture,Furnishings,273.96,2,0.00,71.23
CA-2013-157280,2013-11-06,2013,11,Liz Willingham,South,Technology,Accessories,89.97,3,0.00,18.89
CA-2013-157280,2013-11-06,2013,11,Liz Willingham,South,Furniture,Furnishings,756.80,5,0.00,75.68
US-2013-106677,2013-11-06,2013,11,Alejandro Savely,East,Technology,Phones,23.99,2,0.40,-15.99
US-2013-131611,2013-11-06,2013,11,Emily Phan,Central,Furniture,Tables,863.13,8,0.30,-160.30
US-2013-131611,2013-11-06,2013,11,Emily Phan,Central,Office Supplies,Binders,3.56,3,0.80,-6.24
US-2013-131611,2013-11-06,2013,11,Emily Phan,Central,Furniture,Bookcases,956.66,7,0.32,-225.10
US-2013-131611,2013-11-06,2013,11,Emily Phan,Central,Office Supplies,Binders,12.59,3,0.80,-20.14
US-2013-131611,2013-11-06,2013,11,Emily Phan,Central,Technology,Accessories,171.96,5,0.20,45.14
US-2013-165078,2013-11-06,2013,11,Michelle Arnett,Central,Office Supplies,Binders,104.90,5,0.00,50.35
US-2013-165078,2013-11-06,2013,11,Michelle Arnett,Central,Office Supplies,Art,39.68,2,0.00,16.27
US-2013-165078,2013-11-06,2013,11,Michelle Arnett,Central,Office Supplies,Labels,51.75,5,0.00,24.84
CA-2013-109925,2013-11-07,2013,11,Irene Maddox,West,Office Supplies,Storage,84.84,3,0.00,22.91
US-2013-125969,2013-11-07,2013,11,Lindsay Shagiari,West,Furniture,Chairs,81.42,2,0.20,-9.16
US-2013-125969,2013-11-07,2013,11,Lindsay Shagiari,West,Furniture,Furnishings,238.56,3,0.00,26.24
US-2013-153815,2013-11-07,2013,11,Kelly Lampkin,South,Furniture,Chairs,207.98,2,0.20,-28.60
US-2013-153815,2013-11-07,2013,11,Kelly Lampkin,South,Office Supplies,Paper,36.11,2,0.20,12.64
US-2013-153815,2013-11-07,2013,11,Kelly Lampkin,South,Furniture,Furnishings,35.57,2,0.20,5.78
US-2013-153815,2013-11-07,2013,11,Kelly Lampkin,South,Office Supplies,Paper,88.77,2,0.20,31.07
CA-2013-113817,2013-11-08,2013,11,Max Jones,West,Office Supplies,Binders,27.68,2,0.20,9.69
CA-2013-116337,2013-11-08,2013,11,Michael Chen,Central,Furniture,Furnishings,44.46,5,0.60,-17.78
CA-2013-116337,2013-11-08,2013,11,Michael Chen,Central,Office Supplies,Storage,314.09,3,0.20,19.63
CA-2013-116379,2013-11-08,2013,11,Lisa DeCherney,West,Office Supplies,Binders,57.58,2,0.20,20.15
CA-2013-132997,2013-11-08,2013,11,Luke Weiss,East,Technology,Phones,263.96,4,0.00,71.27
CA-2013-132997,2013-11-08,2013,11,Luke Weiss,East,Technology,Phones,359.97,3,0.00,100.79
CA-2013-132997,2013-11-08,2013,11,Luke Weiss,East,Office Supplies,Paper,12.96,2,0.00,6.22
CA-2013-132997,2013-11-08,2013,11,Luke Weiss,East,Office Supplies,Storage,116.82,3,0.00,5.84
CA-2013-132997,2013-11-08,2013,11,Luke Weiss,East,Office Supplies,Binders,276.78,2,0.20,89.95
CA-2013-144554,2013-11-08,2013,11,Denise Monton,East,Technology,Accessories,119.98,3,0.20,22.50
CA-2013-147585,2013-11-08,2013,11,Claudia Bergmann,West,Furniture,Furnishings,14.82,3,0.00,6.22
CA-2013-152247,2013-11-08,2013,11,Michelle Arnett,West,Furniture,Chairs,1603.14,4,0.20,100.20
CA-2013-161669,2013-11-08,2013,11,Eudokia Martin,West,Office Supplies,Binders,37.44,4,0.20,11.70
CA-2013-161669,2013-11-08,2013,11,Eudokia Martin,West,Office Supplies,Binders,26.98,4,0.20,8.77
CA-2013-161669,2013-11-08,2013,11,Eudokia Martin,West,Office Supplies,Supplies,11.36,2,0.00,3.29
CA-2013-161669,2013-11-08,2013,11,Eudokia Martin,West,Office Supplies,Labels,14.62,2,0.00,6.87
CA-2013-164896,2013-11-08,2013,11,Penelope Sewall,West,Office Supplies,Paper,12.90,2,0.00,6.32
CA-2013-168830,2013-11-08,2013,11,Marina Lichtenstein,West,Technology,Accessories,479.97,3,0.00,163.19
US-2013-139388,2013-11-08,2013,11,Cindy Chapman,East,Office Supplies,Fasteners,14.96,4,0.00,0.30
CA-2013-152156,2013-11-09,2013,11,Claire Gute,South,Furniture,Bookcases,261.96,2,0.00,41.91
CA-2013-152156,2013-11-09,2013,11,Claire Gute,South,Furniture,Chairs,731.94,3,0.00,219.58
CA-2013-138233,2013-11-10,2013,11,Philip Fox,West,Technology,Accessories,479.97,3,0.00,177.59
CA-2013-105494,2013-11-11,2013,11,Pamela Coakley,West,Office Supplies,Storage,155.82,7,0.00,42.07
CA-2013-105494,2013-11-11,2013,11,Pamela Coakley,West,Office Supplies,Binders,70.01,3,0.20,24.50
CA-2013-115588,2013-11-11,2013,11,Art Foster,East,Office Supplies,Supplies,14.72,5,0.20,-3.31
CA-2013-115588,2013-11-11,2013,11,Art Foster,East,Office Supplies,Storage,38.98,3,0.20,-2.44
CA-2013-119935,2013-11-11,2013,11,Kalyca Meade,Central,Furniture,Furnishings,37.30,2,0.00,17.16
CA-2013-119935,2013-11-11,2013,11,Kalyca Meade,Central,Office Supplies,Binders,81.96,2,0.00,39.34
CA-2013-125164,2013-11-11,2013,11,Sally Hughsby,East,Office Supplies,Binders,20.37,1,0.20,7.38
CA-2013-125164,2013-11-11,2013,11,Sally Hughsby,East,Office Supplies,Binders,49.85,3,0.20,16.82
CA-2013-127761,2013-11-11,2013,11,Scott Williamson,East,Office Supplies,Binders,3.64,1,0.20,1.37
CA-2013-127761,2013-11-11,2013,11,Scott Williamson,East,Technology,Phones,881.93,7,0.00,220.48
CA-2013-137736,2013-11-11,2013,11,Debra Catini,South,Office Supplies,Art,41.86,7,0.00,10.47
CA-2013-140935,2013-11-11,2013,11,Aaron Bergman,Central,Technology,Phones,221.98,2,0.00,62.15
CA-2013-140935,2013-11-11,2013,11,Aaron Bergman,Central,Furniture,Bookcases,341.96,2,0.00,54.71
CA-2013-145177,2013-11-11,2013,11,Paul Prost,East,Office Supplies,Labels,9.22,4,0.20,3.34
CA-2013-145177,2013-11-11,2013,11,Paul Prost,East,Technology,Phones,41.96,7,0.40,-9.79
CA-2013-145177,2013-11-11,2013,11,Paul Prost,East,Office Supplies,Paper,89.57,2,0.20,32.47
CA-2013-145177,2013-11-11,2013,11,Paul Prost,East,Office Supplies,Paper,22.25,3,0.20,7.51
CA-2013-145177,2013-11-11,2013,11,Paul Prost,East,Office Supplies,Appliances,334.88,4,0.20,29.30
CA-2013-145177,2013-11-11,2013,11,Paul Prost,East,Furniture,Furnishings,148.29,7,0.20,29.66
CA-2013-145177,2013-11-11,2013,11,Paul Prost,East,Office Supplies,Paper,4.62,1,0.20,1.68
CA-2013-145177,2013-11-11,2013,11,Paul Prost,East,Technology,Accessories,178.92,7,0.20,-29.07
CA-2013-145177,2013-11-11,2013,11,Paul Prost,East,Office Supplies,Binders,69.89,7,0.70,-46.59
CA-2013-152940,2013-11-11,2013,11,Rose O'Brian,West,Office Supplies,Storage,29.74,1,0.00,4.46
CA-2013-158694,2013-11-11,2013,11,Arianne Irving,West,Office Supplies,Paper,67.71,3,0.00,32.50
CA-2013-158694,2013-11-11,2013,11,Arianne Irving,West,Office Supplies,Appliances,129.92,4,0.00,38.98
CA-2013-158694,2013-11-11,2013,11,Arianne Irving,West,Furniture,Furnishings,467.46,9,0.00,191.66
CA-2013-158694,2013-11-11,2013,11,Arianne Irving,West,Office Supplies,Paper,61.40,5,0.00,28.86
CA-2013-158694,2013-11-11,2013,11,Arianne Irving,West,Office Supplies,Storage,720.76,4,0.00,187.40
CA-2013-158694,2013-11-11,2013,11,Arianne Irving,West,Office Supplies,Binders,5.18,3,0.20,1.81
CA-2013-158694,2013-11-11,2013,11,Arianne Irving,West,Office Supplies,Art,14.70,5,0.00,3.97
CA-2013-162348,2013-11-11,2013,11,Ben Ferrer,West,Furniture,Furnishings,9.98,1,0.00,2.79
CA-2013-163384,2013-11-11,2013,11,Chuck Clark,West,Office Supplies,Binders,13.22,4,0.20,4.46
CA-2013-163384,2013-11-11,2013,11,Chuck Clark,West,Office Supplies,Paper,32.40,5,0.00,15.55
US-2013-136581,2013-11-11,2013,11,Seth Vernon,East,Office Supplies,Paper,31.10,6,0.20,10.89
US-2013-144547,2013-11-11,2013,11,Maxwell Schwartz,Central,Technology,Accessories,279.94,7,0.20,48.99
CA-2013-103128,2013-11-12,2013,11,Sung Chung,Central,Office Supplies,Art,14.11,6,0.20,1.23
CA-2013-116722,2013-11-12,2013,11,Liz Pelletier,West,Furniture,Furnishings,41.96,2,0.00,10.91
CA-2013-116722,2013-11-12,2013,11,Liz Pelletier,West,Furniture,Chairs,451.15,3,0.20,0.00
CA-2013-116722,2013-11-12,2013,11,Liz Pelletier,West,Office Supplies,Binders,31.50,11,0.20,11.03
CA-2013-124506,2013-11-12,2013,11,Brenda Bowman,Central,Technology,Accessories,95.97,4,0.20,1.20
CA-2013-124506,2013-11-12,2013,11,Brenda Bowman,Central,Furniture,Chairs,47.99,2,0.30,-2.06
CA-2013-124667,2013-11-12,2013,11,Bryan Davis,East,Technology,Accessories,59.97,3,0.00,14.99
CA-2013-124667,2013-11-12,2013,11,Bryan Davis,East,Office Supplies,Storage,83.36,1,0.00,20.84
CA-2013-130799,2013-11-12,2013,11,Berenike Kampe,West,Furniture,Furnishings,6.96,4,0.00,2.23
CA-2013-131968,2013-11-12,2013,11,Laurel Beltran,South,Office Supplies,Binders,9.89,2,0.70,-6.92
CA-2013-131968,2013-11-12,2013,11,Laurel Beltran,South,Office Supplies,Appliances,671.54,3,0.20,50.37
CA-2013-139878,2013-11-12,2013,11,Lisa DeCherney,Central,Technology,Phones,257.98,2,0.00,74.81
CA-2013-145548,2013-11-12,2013,11,Edward Becker,East,Office Supplies,Storage,28.14,3,0.00,7.88
CA-2013-145548,2013-11-12,2013,11,Edward Becker,East,Technology,Accessories,36.00,2,0.00,6.48
CA-2013-145548,2013-11-12,2013,11,Edward Becker,East,Office Supplies,Art,92.94,3,0.00,25.09
CA-2013-145548,2013-11-12,2013,11,Edward Becker,East,Furniture,Chairs,245.65,3,0.10,8.19
CA-2013-145548,2013-11-12,2013,11,Edward Becker,East,Office Supplies,Binders,55.01,3,0.20,17.19
CA-2013-145548,2013-11-12,2013,11,Edward Becker,East,Office Supplies,Binders,35.23,3,0.20,11.45
US-2013-164196,2013-11-12,2013,11,Alejandro Savely,Central,Furniture,Tables,2678.94,6,0.00,241.10
CA-2013-124590,2013-11-13,2013,11,Susan Pistek,East,Furniture,Chairs,1474.80,7,0.30,-21.07
CA-2013-124590,2013-11-13,2013,11,Susan Pistek,East,Office Supplies,Appliances,110.10,2,0.20,33.03
CA-2013-124590,2013-11-13,2013,11,Susan Pistek,East,Office Supplies,Fasteners,16.75,6,0.20,5.44
CA-2013-124590,2013-11-13,2013,11,Susan Pistek,East,Furniture,Chairs,1537.07,9,0.30,0.00
CA-2013-124590,2013-11-13,2013,11,Susan Pistek,East,Furniture,Chairs,449.37,2,0.30,-12.84
CA-2013-134348,2013-11-13,2013,11,Maurice Satty,West,Office Supplies,Binders,6.27,5,0.70,-4.60
CA-2013-134348,2013-11-13,2013,11,Maurice Satty,West,Office Supplies,Binders,4.37,7,0.70,-3.35
CA-2013-134348,2013-11-13,2013,11,Maurice Satty,West,Technology,Accessories,31.98,2,0.20,2.00
CA-2013-149349,2013-11-13,2013,11,Stephanie Phelps,Central,Furniture,Furnishings,22.75,6,0.60,-8.53
CA-2013-152170,2013-11-13,2013,11,Frank Hawley,Central,Office Supplies,Envelopes,287.52,8,0.00,129.38
CA-2013-152170,2013-11-13,2013,11,Frank Hawley,Central,Office Supplies,Appliances,37.68,2,0.00,10.55
CA-2013-152170,2013-11-13,2013,11,Frank Hawley,Central,Office Supplies,Paper,19.98,2,0.00,8.99
CA-2013-152170,2013-11-13,2013,11,Frank Hawley,Central,Office Supplies,Art,20.58,7,0.00,5.56
CA-2013-152170,2013-11-13,2013,11,Frank Hawley,Central,Office Supplies,Binders,17.38,2,0.00,8.69
CA-2013-164399,2013-11-13,2013,11,Dianna Wilson,West,Technology,Phones,203.98,3,0.20,25.50
CA-2013-164399,2013-11-13,2013,11,Dianna Wilson,West,Furniture,Tables,674.35,3,0.20,-8.43
CA-2013-101336,2013-11-14,2013,11,Cyma Kinney,East,Office Supplies,Storage,77.55,5,0.00,20.16
CA-2013-101336,2013-11-14,2013,11,Cyma Kinney,East,Office Supplies,Storage,24.88,2,0.00,6.97
CA-2013-101336,2013-11-14,2013,11,Cyma Kinney,East,Office Supplies,Art,140.75,5,0.00,39.41
CA-2013-101336,2013-11-14,2013,11,Cyma Kinney,East,Office Supplies,Storage,36.63,3,0.00,9.89
CA-2013-118570,2013-11-14,2013,11,Chuck Clark,East,Office Supplies,Paper,217.06,7,0.20,78.68
CA-2013-121958,2013-11-14,2013,11,Cindy Stewart,South,Office Supplies,Supplies,52.14,7,0.20,5.87
CA-2013-128972,2013-11-14,2013,11,Tom Stivers,Central,Furniture,Furnishings,30.36,4,0.00,13.05
CA-2013-147683,2013-11-14,2013,11,Philisse Overcash,West,Furniture,Furnishings,19.54,2,0.00,7.23
CA-2013-149461,2013-11-14,2013,11,Adrian Shami,West,Furniture,Furnishings,4.18,1,0.00,1.50
CA-2013-155488,2013-11-14,2013,11,Frank Merwin,West,Office Supplies,Art,44.02,2,0.00,11.45
US-2013-113677,2013-11-14,2013,11,Corinna Mitchell,East,Technology,Phones,2279.96,4,0.00,592.79
US-2013-113677,2013-11-14,2013,11,Corinna Mitchell,East,Office Supplies,Labels,14.94,3,0.00,6.87
US-2013-162103,2013-11-14,2013,11,Laurel Beltran,Central,Office Supplies,Binders,3.14,2,0.80,-4.70
CA-2013-118759,2013-11-15,2013,11,Maria Bertelson,East,Furniture,Chairs,408.01,2,0.10,72.53
CA-2013-118759,2013-11-15,2013,11,Maria Bertelson,East,Office Supplies,Storage,40.44,3,0.00,10.51
CA-2013-121370,2013-11-15,2013,11,Eugene Barchas,East,Furniture,Chairs,380.06,3,0.30,-21.72
CA-2013-121370,2013-11-15,2013,11,Eugene Barchas,East,Technology,Copiers,1199.98,4,0.40,180.00
CA-2013-121370,2013-11-15,2013,11,Eugene Barchas,East,Furniture,Furnishings,48.58,3,0.20,9.72
CA-2013-131065,2013-11-15,2013,11,Allen Armold,South,Technology,Accessories,499.98,2,0.00,115.00
CA-2013-131065,2013-11-15,2013,11,Allen Armold,South,Office Supplies,Paper,5.28,1,0.00,2.38
CA-2013-131065,2013-11-15,2013,11,Allen Armold,South,Office Supplies,Binders,8.26,2,0.00,3.88
CA-2013-134691,2013-11-15,2013,11,Kelly Collister,Central,Office Supplies,Binders,2.30,2,0.80,-3.90
CA-2013-149482,2013-11-15,2013,11,Ralph Ritter,West,Office Supplies,Labels,7.38,2,0.00,3.47
CA-2013-166618,2013-11-15,2013,11,Darren Powers,East,Technology,Phones,13.98,2,0.00,3.91
CA-2013-166618,2013-11-15,2013,11,Darren Powers,East,Office Supplies,Art,23.65,1,0.00,6.15
US-2013-112970,2013-11-15,2013,11,Tim Brockman,West,Office Supplies,Art,9.84,3,0.00,2.85
US-2013-117541,2013-11-15,2013,11,Justin MacKendrick,East,Office Supplies,Paper,16.45,5,0.00,7.57
US-2013-117541,2013-11-15,2013,11,Justin MacKendrick,East,Furniture,Furnishings,19.92,4,0.00,6.57
US-2013-144351,2013-11-15,2013,11,Ryan Crowe,East,Technology,Phones,89.97,3,0.00,25.19
CA-2013-105963,2013-11-16,2013,11,Stewart Carmichael,West,Technology,Accessories,99.39,3,0.00,40.75
CA-2013-130820,2013-11-16,2013,11,Odella Nelson,South,Furniture,Tables,630.02,4,0.40,-199.51
CA-2013-146633,2013-11-16,2013,11,Toby Gnade,West,Office Supplies,Binders,1016.79,1,0.20,381.30
CA-2013-146633,2013-11-16,2013,11,Toby Gnade,West,Office Supplies,Binders,38.14,7,0.20,13.35
CA-2013-148740,2013-11-16,2013,11,Anna Häberlin,West,Technology,Phones,361.38,2,0.20,27.10
CA-2013-124527,2013-11-17,2013,11,Ionia McGrath,West,Office Supplies,Binders,8.32,5,0.20,2.81
CA-2013-154508,2013-11-17,2013,11,Ruben Dartt,West,Office Supplies,Envelopes,28.40,5,0.00,13.35
CA-2013-118500,2013-11-18,2013,11,Heather Jas,West,Office Supplies,Supplies,49.50,5,0.00,13.37
CA-2013-134110,2013-11-18,2013,11,Barry Gonzalez,Central,Technology,Phones,67.18,3,0.20,6.72
CA-2013-134110,2013-11-18,2013,11,Barry Gonzalez,Central,Office Supplies,Paper,15.23,4,0.20,5.52
CA-2013-150658,2013-11-18,2013,11,Maribeth Schnelling,West,Office Supplies,Binders,10.78,3,0.20,3.37
CA-2013-103464,2013-11-19,2013,11,Patrick Gardner,West,Technology,Accessories,595.00,5,0.00,95.20
CA-2013-108630,2013-11-19,2013,11,Bobby Elias,West,Office Supplies,Binders,61.12,5,0.20,22.16
CA-2013-115378,2013-11-19,2013,11,Ashley Jarboe,Central,Furniture,Chairs,301.96,2,0.00,33.22
CA-2013-119963,2013-11-19,2013,11,Steve Nguyen,Central,Office Supplies,Art,6.37,2,0.20,1.03
CA-2013-119963,2013-11-19,2013,11,Steve Nguyen,Central,Office Supplies,Labels,48.85,2,0.20,15.88
CA-2013-119963,2013-11-19,2013,11,Steve Nguyen,Central,Office Supplies,Paper,19.65,2,0.20,6.63
CA-2013-119963,2013-11-19,2013,11,Steve Nguyen,Central,Furniture,Chairs,255.11,6,0.30,-18.22
CA-2013-136812,2013-11-19,2013,11,Arthur Wiediger,Central,Office Supplies,Storage,1117.92,4,0.00,55.90
CA-2013-158575,2013-11-19,2013,11,Sean Braxton,East,Office Supplies,Appliances,103.97,6,0.20,16.89
CA-2013-166226,2013-11-19,2013,11,Tracy Collins,West,Technology,Phones,61.19,1,0.20,6.12
CA-2013-166226,2013-11-19,2013,11,Tracy Collins,West,Office Supplies,Appliances,67.84,1,0.00,18.32
US-2013-138408,2013-11-19,2013,11,Karen Carlisle,South,Technology,Accessories,1319.96,4,0.00,527.98
CA-2013-111143,2013-11-20,2013,11,Tim Taslimi,Central,Office Supplies,Appliances,54.96,3,0.00,15.94
CA-2013-113138,2013-11-20,2013,11,Nora Pelletier,East,Office Supplies,Art,17.28,6,0.00,5.01
CA-2013-113138,2013-11-20,2013,11,Nora Pelletier,East,Office Supplies,Binders,17.71,3,0.20,6.42
CA-2013-126858,2013-11-20,2013,11,Janet Molinari,West,Furniture,Furnishings,31.96,2,0.00,1.60
CA-2013-130778,2013-11-20,2013,11,Natalie DeCherney,East,Office Supplies,Appliances,8.74,2,0.00,2.27
CA-2013-130778,2013-11-20,2013,11,Natalie DeCherney,East,Office Supplies,Paper,44.75,5,0.00,20.59
CA-2013-157364,2013-11-20,2013,11,Liz Thompson,South,Office Supplies,Art,18.48,2,0.20,6.01
CA-2013-164511,2013-11-20,2013,11,Doug Jacobs,East,Office Supplies,Binders,14.35,3,0.20,4.66
CA-2013-164511,2013-11-20,2013,11,Doug Jacobs,East,Office Supplies,Storage,64.96,2,0.00,2.60
CA-2013-164511,2013-11-20,2013,11,Doug Jacobs,East,Office Supplies,Storage,68.60,4,0.00,18.52
US-2013-110156,2013-11-20,2013,11,Eric Hoffmann,Central,Office Supplies,Storage,100.70,6,0.20,-16.36
US-2013-110156,2013-11-20,2013,11,Eric Hoffmann,Central,Furniture,Furnishings,2.33,2,0.60,-0.76
US-2013-110156,2013-11-20,2013,11,Eric Hoffmann,Central,Office Supplies,Binders,10.78,5,0.80,-17.25
US-2013-110156,2013-11-20,2013,11,Eric Hoffmann,Central,Office Supplies,Fasteners,58.37,12,0.20,21.89
US-2013-110156,2013-11-20,2013,11,Eric Hoffmann,Central,Office Supplies,Envelopes,40.97,3,0.20,13.83
US-2013-110156,2013-11-20,2013,11,Eric Hoffmann,Central,Technology,Phones,71.96,5,0.20,25.19
US-2013-110156,2013-11-20,2013,11,Eric Hoffmann,Central,Office Supplies,Paper,10.37,2,0.20,3.63
US-2013-110156,2013-11-20,2013,11,Eric Hoffmann,Central,Office Supplies,Binders,1.19,2,0.80,-2.03
CA-2013-100041,2013-11-21,2013,11,Barbara Fisher,Central,Office Supplies,Paper,9.08,2,0.00,4.09
CA-2013-100041,2013-11-21,2013,11,Barbara Fisher,Central,Office Supplies,Paper,314.55,3,0.00,150.98
CA-2013-100041,2013-11-21,2013,11,Barbara Fisher,Central,Office Supplies,Binders,4.91,1,0.00,2.31
CA-2013-107790,2013-11-21,2013,11,Erica Hackney,Central,Technology,Phones,151.19,1,0.20,13.23
CA-2013-109820,2013-11-21,2013,11,Allen Goldenen,East,Office Supplies,Paper,15.70,3,0.20,5.10
CA-2013-109820,2013-11-21,2013,11,Allen Goldenen,East,Office Supplies,Binders,2.63,2,0.70,-1.93
CA-2013-109820,2013-11-21,2013,11,Allen Goldenen,East,Office Supplies,Binders,14.43,3,0.70,-10.58
CA-2013-110772,2013-11-21,2013,11,Nick Zandusky,East,Office Supplies,Fasteners,19.10,7,0.20,6.68
CA-2013-110772,2013-11-21,2013,11,Nick Zandusky,East,Office Supplies,Labels,18.50,8,0.20,6.24
CA-2013-110772,2013-11-21,2013,11,Nick Zandusky,East,Technology,Accessories,255.98,2,0.20,54.40
CA-2013-110772,2013-11-21,2013,11,Nick Zandusky,East,Furniture,Bookcases,86.97,3,0.50,-48.70
CA-2013-113845,2013-11-21,2013,11,Frank Atkinson,South,Furniture,Bookcases,289.57,2,0.20,10.86
CA-2013-113845,2013-11-21,2013,11,Frank Atkinson,South,Office Supplies,Storage,39.72,5,0.20,4.47
CA-2013-113845,2013-11-21,2013,11,Frank Atkinson,South,Technology,Phones,244.77,4,0.20,24.48
CA-2013-114104,2013-11-21,2013,11,Nora Paige,Central,Office Supplies,Labels,14.62,2,0.00,6.87
CA-2013-114104,2013-11-21,2013,11,Nora Paige,Central,Technology,Phones,944.93,7,0.00,236.23
CA-2013-121356,2013-11-21,2013,11,Shirley Jackson,East,Office Supplies,Binders,128.40,3,0.00,62.92
CA-2013-142615,2013-11-21,2013,11,Brendan Murry,West,Technology,Accessories,27.88,2,0.00,3.90
CA-2013-145492,2013-11-21,2013,11,Matt Connell,West,Office Supplies,Appliances,39.00,12,0.00,11.31
US-2013-127971,2013-11-21,2013,11,David Wiener,Central,Furniture,Chairs,318.43,5,0.30,-77.33
US-2013-127971,2013-11-21,2013,11,David Wiener,Central,Technology,Phones,122.92,7,0.20,46.10
US-2013-127971,2013-11-21,2013,11,David Wiener,Central,Furniture,Furnishings,7.07,3,0.60,-2.83
CA-2013-113425,2013-11-22,2013,11,Julie Kriz,East,Furniture,Bookcases,113.57,2,0.20,12.78
CA-2013-114482,2013-11-22,2013,11,Denise Monton,Central,Office Supplies,Paper,40.46,7,0.00,19.83
CA-2013-114482,2013-11-22,2013,11,Denise Monton,Central,Technology,Phones,404.94,3,0.00,109.33
CA-2013-114895,2013-11-22,2013,11,Mike Vittorini,East,Office Supplies,Paper,12.96,2,0.00,6.35
CA-2013-140018,2013-11-22,2013,11,Chloris Kastensmidt,East,Technology,Machines,30.35,7,0.70,-24.28
CA-2013-140018,2013-11-22,2013,11,Chloris Kastensmidt,East,Furniture,Chairs,127.55,3,0.30,-9.11
CA-2013-140018,2013-11-22,2013,11,Chloris Kastensmidt,East,Furniture,Furnishings,77.95,3,0.20,15.59
CA-2013-146157,2013-11-22,2013,11,Roger Demir,Central,Office Supplies,Paper,38.43,1,0.20,13.45
CA-2013-146157,2013-11-22,2013,11,Roger Demir,Central,Office Supplies,Storage,21.57,2,0.20,1.62
CA-2013-146157,2013-11-22,2013,11,Roger Demir,Central,Technology,Accessories,81.58,3,0.20,2.04
CA-2013-152646,2013-11-22,2013,11,Tiffany House,West,Office Supplies,Paper,32.40,5,0.00,15.55
US-2013-114293,2013-11-22,2013,11,Justin Hirsh,West,Furniture,Chairs,195.14,4,0.20,-12.20
CA-2013-131576,2013-11-23,2013,11,Rob Dowd,Central,Office Supplies,Binders,49.44,3,0.00,24.23
CA-2013-154711,2013-11-23,2013,11,Todd Boyes,East,Furniture,Furnishings,39.88,2,0.00,11.17
CA-2013-154711,2013-11-23,2013,11,Todd Boyes,East,Office Supplies,Binders,12.19,4,0.20,4.11
CA-2013-154711,2013-11-23,2013,11,Todd Boyes,East,Office Supplies,Art,20.82,3,0.00,7.50
US-2013-132577,2013-11-23,2013,11,Jeremy Ellison,Central,Office Supplies,Binders,6.22,6,0.80,-9.63
US-2013-132577,2013-11-23,2013,11,Jeremy Ellison,Central,Office Supplies,Art,23.62,9,0.20,2.66
US-2013-132577,2013-11-23,2013,11,Jeremy Ellison,Central,Technology,Accessories,24.03,2,0.20,-0.60
US-2013-132577,2013-11-23,2013,11,Jeremy Ellison,Central,Office Supplies,Labels,2.09,1,0.20,0.68
US-2013-132577,2013-11-23,2013,11,Jeremy Ellison,Central,Office Supplies,Binders,4.49,6,0.80,-6.73
US-2013-164945,2013-11-23,2013,11,Cathy Armstrong,East,Office Supplies,Binders,134.27,8,0.20,47.00
CA-2013-160129,2013-11-24,2013,11,Luke Schmidt,East,Office Supplies,Fasteners,15.80,5,0.20,2.37
CA-2013-160129,2013-11-24,2013,11,Luke Schmidt,East,Furniture,Furnishings,14.37,2,0.20,3.95
CA-2013-160129,2013-11-24,2013,11,Luke Schmidt,East,Furniture,Furnishings,70.45,7,0.20,12.33
CA-2013-100083,2013-11-25,2013,11,Carol Darley,West,Office Supplies,Paper,24.78,1,0.20,7.75
CA-2013-100468,2013-11-25,2013,11,Alyssa Tate,West,Technology,Phones,33.52,2,0.20,3.35
CA-2013-100468,2013-11-25,2013,11,Alyssa Tate,West,Furniture,Furnishings,9.94,2,0.00,3.08
CA-2013-105284,2013-11-25,2013,11,Matthew Grinstein,East,Office Supplies,Fasteners,4.42,3,0.20,1.60
CA-2013-113726,2013-11-25,2013,11,Steve Carroll,West,Furniture,Furnishings,82.26,3,0.00,33.73
CA-2013-123533,2013-11-25,2013,11,Sample Company A,South,Furniture,Bookcases,339.92,5,0.20,8.50
CA-2013-123533,2013-11-25,2013,11,Sample Company A,South,Office Supplies,Paper,10.53,4,0.20,3.42
CA-2013-123533,2013-11-25,2013,11,Sample Company A,South,Office Supplies,Appliances,42.38,2,0.20,4.24
CA-2013-123806,2013-11-25,2013,11,Laura Armstrong,East,Furniture,Furnishings,207.76,4,0.00,85.18
CA-2013-124485,2013-11-25,2013,11,Nat Carroll,East,Office Supplies,Binders,17.22,4,0.20,6.03
CA-2013-124485,2013-11-25,2013,11,Nat Carroll,East,Office Supplies,Paper,11.56,2,0.00,5.66
CA-2013-124485,2013-11-25,2013,11,Nat Carroll,East,Technology,Accessories,88.40,4,0.00,11.49
CA-2013-124485,2013-11-25,2013,11,Nat Carroll,East,Office Supplies,Paper,6.48,1,0.00,3.11
CA-2013-125661,2013-11-25,2013,11,Cathy Armstrong,East,Office Supplies,Envelopes,40.75,3,0.20,15.28
CA-2013-125661,2013-11-25,2013,11,Cathy Armstrong,East,Technology,Accessories,139.96,5,0.20,-22.74
CA-2013-128531,2013-11-25,2013,11,Neola Schneider,Central,Office Supplies,Storage,41.92,5,0.20,3.67
CA-2013-128531,2013-11-25,2013,11,Neola Schneider,Central,Technology,Accessories,297.58,3,0.20,-7.44
CA-2013-128531,2013-11-25,2013,11,Neola Schneider,Central,Office Supplies,Fasteners,4.34,3,0.20,0.87
CA-2013-128531,2013-11-25,2013,11,Neola Schneider,Central,Technology,Accessories,94.99,2,0.20,-2.37
CA-2013-128531,2013-11-25,2013,11,Neola Schneider,Central,Office Supplies,Paper,74.35,3,0.20,23.24
CA-2013-128531,2013-11-25,2013,11,Neola Schneider,Central,Office Supplies,Art,14.04,3,0.20,1.58
CA-2013-132731,2013-11-25,2013,11,George Ashbrook,Central,Technology,Phones,657.55,6,0.20,49.32
CA-2013-163573,2013-11-25,2013,11,Amy Cox,West,Office Supplies,Binders,1219.96,5,0.20,381.24
CA-2013-165561,2013-11-25,2013,11,Clay Rozendal,West,Office Supplies,Supplies,25.35,3,0.00,7.61
US-2013-163881,2013-11-25,2013,11,Sung Pak,West,Technology,Accessories,659.90,2,0.00,217.77
US-2013-163881,2013-11-25,2013,11,Sung Pak,West,Furniture,Chairs,1684.75,6,0.20,210.59
US-2013-163881,2013-11-25,2013,11,Sung Pak,West,Technology,Accessories,559.92,8,0.00,190.37
CA-2013-108196,2013-11-26,2013,11,Cindy Stewart,East,Office Supplies,Binders,456.59,2,0.70,-304.39
CA-2013-108196,2013-11-26,2013,11,Cindy Stewart,East,Technology,Machines,4499.99,5,0.70,-6599.98
CA-2013-108196,2013-11-26,2013,11,Cindy Stewart,East,Technology,Accessories,59.98,3,0.20,12.00
CA-2013-113341,2013-11-26,2013,11,Mark Hamilton,West,Furniture,Chairs,194.35,3,0.20,19.44
CA-2013-132549,2013-11-26,2013,11,Jay Kimmel,South,Office Supplies,Storage,73.36,7,0.00,19.81
CA-2013-160535,2013-11-26,2013,11,Barry Pond,East,Office Supplies,Storage,563.40,4,0.00,67.61
CA-2013-160535,2013-11-26,2013,11,Barry Pond,East,Technology,Machines,319.92,8,0.00,118.37
CA-2013-165470,2013-11-26,2013,11,Heather Jas,South,Office Supplies,Paper,5.08,1,0.20,1.65
CA-2013-169838,2013-11-26,2013,11,Brenda Bowman,Central,Furniture,Tables,1568.61,9,0.00,329.41
CA-2013-169838,2013-11-26,2013,11,Brenda Bowman,Central,Office Supplies,Binders,17.30,1,0.00,8.30
CA-2013-169838,2013-11-26,2013,11,Brenda Bowman,Central,Technology,Accessories,160.00,8,0.00,62.40
US-2013-119298,2013-11-26,2013,11,Emily Phan,South,Technology,Phones,59.98,2,0.00,17.99
CA-2013-106915,2013-11-27,2013,11,George Ashbrook,Central,Office Supplies,Art,17.86,4,0.20,4.24
CA-2013-107104,2013-11-27,2013,11,Maribeth Schnelling,West,Furniture,Bookcases,3406.66,8,0.15,160.31
CA-2013-107104,2013-11-27,2013,11,Maribeth Schnelling,West,Office Supplies,Art,37.17,9,0.00,10.41
CA-2013-107104,2013-11-27,2013,11,Maribeth Schnelling,West,Office Supplies,Appliances,64.96,2,0.00,19.49
CA-2013-107104,2013-11-27,2013,11,Maribeth Schnelling,West,Furniture,Furnishings,595.38,6,0.00,297.69
CA-2013-129693,2013-11-27,2013,11,Tamara Chand,West,Office Supplies,Binders,7.31,2,0.20,2.56
CA-2013-130288,2013-11-27,2013,11,Dean Katz,East,Furniture,Tables,313.18,2,0.40,-120.05
CA-2013-133711,2013-11-27,2013,11,Mark Cousins,South,Office Supplies,Paper,70.98,7,0.00,34.78
CA-2013-133711,2013-11-27,2013,11,Mark Cousins,South,Office Supplies,Binders,91.68,3,0.00,45.84
CA-2013-133711,2013-11-27,2013,11,Mark Cousins,South,Office Supplies,Binders,33.75,5,0.00,16.88
CA-2013-133711,2013-11-27,2013,11,Mark Cousins,South,Technology,Machines,3040.00,8,0.00,1459.20
CA-2013-145135,2013-11-27,2013,11,Cynthia Delaney,East,Technology,Accessories,59.97,3,0.00,14.99
CA-2013-145135,2013-11-27,2013,11,Cynthia Delaney,East,Office Supplies,Paper,13.36,2,0.00,6.41
US-2013-126893,2013-11-27,2013,11,Carol Triggs,East,Technology,Phones,494.98,3,0.40,-115.50
US-2013-158288,2013-11-27,2013,11,Eric Hoffmann,East,Office Supplies,Binders,78.76,9,0.70,-57.76
US-2013-158309,2013-11-27,2013,11,Pete Armstrong,South,Office Supplies,Binders,3.74,4,0.70,-2.62
CA-2013-104276,2013-11-28,2013,11,Herbert Flentye,South,Technology,Phones,116.76,1,0.20,14.60
CA-2013-104276,2013-11-28,2013,11,Herbert Flentye,South,Furniture,Tables,331.02,7,0.45,-114.35
CA-2013-117583,2013-11-28,2013,11,Cassandra Brandow,East,Office Supplies,Paper,25.92,4,0.00,12.44
CA-2013-117583,2013-11-28,2013,11,Cassandra Brandow,East,Office Supplies,Art,34.65,3,0.00,9.70
CA-2013-117583,2013-11-28,2013,11,Cassandra Brandow,East,Office Supplies,Paper,204.95,5,0.00,100.43
CA-2013-117583,2013-11-28,2013,11,Cassandra Brandow,East,Office Supplies,Binders,79.95,5,0.00,38.38
CA-2013-129686,2013-11-28,2013,11,Greg Guthrie,Central,Office Supplies,Storage,97.98,2,0.20,-24.50
CA-2013-129686,2013-11-28,2013,11,Greg Guthrie,Central,Technology,Accessories,62.40,6,0.20,19.50
CA-2013-144911,2013-11-28,2013,11,Rob Williams,Central,Technology,Accessories,34.95,5,0.00,15.38
CA-2013-144911,2013-11-28,2013,11,Rob Williams,Central,Office Supplies,Binders,152.00,5,0.00,69.92
CA-2013-152121,2013-11-28,2013,11,Craig Carreira,West,Technology,Phones,271.99,1,0.20,23.80
CA-2013-159639,2013-11-28,2013,11,Pamela Coakley,East,Furniture,Furnishings,31.56,3,0.00,10.41
CA-2013-162313,2013-11-28,2013,11,Victoria Brennan,Central,Office Supplies,Appliances,167.29,6,0.10,29.74
US-2013-114230,2013-11-28,2013,11,Chris McAfee,West,Office Supplies,Storage,39.81,4,0.20,3.98
CA-2013-105018,2013-11-29,2013,11,Sally Knutson,East,Office Supplies,Binders,7.16,2,0.00,3.44
CA-2013-123617,2013-11-29,2013,11,Anthony Jacobs,South,Office Supplies,Binders,7.43,6,0.70,-5.70
CA-2013-127243,2013-11-29,2013,11,David Smith,East,Technology,Phones,340.18,3,0.40,-73.71
CA-2013-127243,2013-11-29,2013,11,David Smith,East,Office Supplies,Fasteners,12.67,8,0.20,2.69
CA-2013-127243,2013-11-29,2013,11,David Smith,East,Office Supplies,Binders,6.89,2,0.70,-5.05
CA-2013-127243,2013-11-29,2013,11,David Smith,East,Office Supplies,Storage,32.54,2,0.20,-7.73
CA-2013-127243,2013-11-29,2013,11,David Smith,East,Furniture,Chairs,347.80,7,0.30,-24.84
CA-2013-163167,2013-11-29,2013,11,Randy Ferguson,South,Furniture,Chairs,182.67,3,0.00,52.97
CA-2013-163167,2013-11-29,2013,11,Randy Ferguson,South,Technology,Accessories,101.70,6,0.00,6.10
CA-2013-163167,2013-11-29,2013,11,Randy Ferguson,South,Office Supplies,Storage,1126.02,3,0.00,56.30
CA-2013-163167,2013-11-29,2013,11,Randy Ferguson,South,Office Supplies,Storage,1263.30,6,0.00,315.83
CA-2013-160241,2013-11-30,2013,11,Daniel Raglin,Central,Furniture,Furnishings,242.18,4,0.60,-302.72
US-2013-131674,2013-11-30,2013,11,Nick Crebassa,Central,Technology,Accessories,58.42,2,0.20,16.79
CA-2013-156748,2013-12-01,2013,12,Bruce Stewart,Central,Office Supplies,Paper,33.36,4,0.00,16.68
CA-2013-156748,2013-12-01,2013,12,Bruce Stewart,Central,Office Supplies,Paper,13.76,2,0.00,6.33
CA-2013-156748,2013-12-01,2013,12,Bruce Stewart,Central,Office Supplies,Storage,496.86,7,0.00,24.84
CA-2013-156748,2013-12-01,2013,12,Bruce Stewart,Central,Furniture,Chairs,389.97,3,0.00,35.10
US-2013-134761,2013-12-01,2013,12,Dean Braden,South,Technology,Phones,36.19,1,0.20,2.71
CA-2013-104689,2013-12-02,2013,12,Fred Hopkins,West,Office Supplies,Art,23.04,8,0.00,6.91
CA-2013-113621,2013-12-02,2013,12,Joel Eaton,East,Furniture,Chairs,172.50,2,0.00,51.75
CA-2013-113621,2013-12-02,2013,12,Joel Eaton,East,Technology,Phones,179.97,3,0.00,44.99
CA-2013-127698,2013-12-02,2013,12,Mike Vittorini,South,Technology,Phones,863.93,9,0.20,86.39
CA-2013-129903,2013-12-02,2013,12,Gary Zandusky,Central,Office Supplies,Paper,23.92,4,0.00,11.72
CA-2013-130393,2013-12-02,2013,12,John Murray,Central,Furniture,Chairs,248.43,5,0.30,-17.75
CA-2013-130393,2013-12-02,2013,12,John Murray,Central,Office Supplies,Appliances,11.65,4,0.80,-30.87
CA-2013-130393,2013-12-02,2013,12,John Murray,Central,Furniture,Chairs,85.25,2,0.30,-1.22
CA-2013-136434,2013-12-02,2013,12,Rick Duston,Central,Furniture,Furnishings,17.31,3,0.00,5.19
CA-2013-136483,2013-12-02,2013,12,Allen Goldenen,South,Office Supplies,Art,4.70,2,0.20,0.41
CA-2013-142594,2013-12-02,2013,12,Eva Jacobs,East,Technology,Phones,137.94,3,0.00,35.86
CA-2013-142594,2013-12-02,2013,12,Eva Jacobs,East,Furniture,Furnishings,111.15,5,0.00,48.91
CA-2013-142594,2013-12-02,2013,12,Eva Jacobs,East,Office Supplies,Appliances,901.95,3,0.00,297.64
CA-2013-142594,2013-12-02,2013,12,Eva Jacobs,East,Furniture,Tables,366.01,3,0.30,-47.06
CA-2013-143805,2013-12-02,2013,12,Jonathan Doherty,South,Office Supplies,Appliances,2104.55,7,0.00,694.50
CA-2013-143805,2013-12-02,2013,12,Jonathan Doherty,South,Office Supplies,Supplies,40.70,5,0.00,11.80
CA-2013-157336,2013-12-02,2013,12,Shirley Jackson,East,Office Supplies,Binders,88.08,6,0.00,40.52
CA-2013-157336,2013-12-02,2013,12,Shirley Jackson,East,Furniture,Chairs,751.92,4,0.00,150.38
US-2013-150035,2013-12-02,2013,12,Carl Ludwig,West,Furniture,Furnishings,16.74,2,0.00,4.35
US-2013-155768,2013-12-02,2013,12,Laurel Beltran,West,Furniture,Furnishings,31.96,2,0.00,1.60
US-2013-155768,2013-12-02,2013,12,Laurel Beltran,West,Office Supplies,Paper,47.90,1,0.00,22.99
US-2013-155768,2013-12-02,2013,12,Laurel Beltran,West,Office Supplies,Storage,1112.94,3,0.00,222.59
US-2013-155768,2013-12-02,2013,12,Laurel Beltran,West,Office Supplies,Envelopes,22.92,3,0.00,11.23
CA-2013-105354,2013-12-03,2013,12,Pauline Webber,Central,Office Supplies,Binders,115.84,8,0.00,54.44
CA-2013-143154,2013-12-03,2013,12,Alan Schoenberger,West,Technology,Accessories,165.60,3,0.20,-6.21
CA-2013-163804,2013-12-03,2013,12,Deborah Brumfield,East,Office Supplies,Storage,2079.40,5,0.00,582.23
CA-2013-163804,2013-12-03,2013,12,Deborah Brumfield,East,Technology,Phones,629.95,5,0.00,176.39
CA-2013-163804,2013-12-03,2013,12,Deborah Brumfield,East,Furniture,Furnishings,72.42,6,0.00,23.90
CA-2013-164770,2013-12-03,2013,12,Muhammed Yedwab,Central,Furniture,Bookcases,781.86,10,0.32,-137.98
CA-2013-164770,2013-12-03,2013,12,Muhammed Yedwab,Central,Office Supplies,Paper,30.82,9,0.20,9.63
US-2013-108455,2013-12-03,2013,12,Mike Kennedy,West,Office Supplies,Paper,25.92,4,0.00,12.44
US-2013-108455,2013-12-03,2013,12,Mike Kennedy,West,Office Supplies,Paper,40.46,7,0.00,19.83
US-2013-108455,2013-12-03,2013,12,Mike Kennedy,West,Office Supplies,Storage,33.87,3,0.00,8.81
US-2013-113985,2013-12-03,2013,12,Keith Dawkins,West,Office Supplies,Binders,24.70,2,0.20,9.26
US-2013-113985,2013-12-03,2013,12,Keith Dawkins,West,Office Supplies,Appliances,59.70,3,0.00,26.87
US-2013-113985,2013-12-03,2013,12,Keith Dawkins,West,Furniture,Furnishings,14.52,3,0.00,5.66
US-2013-113985,2013-12-03,2013,12,Keith Dawkins,West,Office Supplies,Binders,104.18,3,0.20,33.86
US-2013-155103,2013-12-03,2013,12,Jamie Frazer,East,Office Supplies,Binders,415.18,3,0.20,134.93
US-2013-155103,2013-12-03,2013,12,Jamie Frazer,East,Office Supplies,Binders,35.23,3,0.20,11.45
US-2013-155103,2013-12-03,2013,12,Jamie Frazer,East,Office Supplies,Paper,54.96,1,0.00,26.93
CA-2013-122063,2013-12-04,2013,12,Michael Moore,Central,Furniture,Tables,581.96,2,0.00,104.75
CA-2013-122063,2013-12-04,2013,12,Michael Moore,Central,Furniture,Chairs,29.98,1,0.00,8.09
CA-2013-149762,2013-12-04,2013,12,Roger Demir,West,Furniture,Tables,268.70,3,0.20,6.72
CA-2013-149762,2013-12-04,2013,12,Roger Demir,West,Office Supplies,Art,21.92,8,0.00,5.92
CA-2013-149762,2013-12-04,2013,12,Roger Demir,West,Office Supplies,Storage,48.72,3,0.00,7.31
CA-2013-149762,2013-12-04,2013,12,Roger Demir,West,Furniture,Bookcases,205.67,2,0.15,-12.10
CA-2013-153598,2013-12-04,2013,12,Neoma Murray,West,Technology,Accessories,1649.95,5,0.00,659.98
CA-2013-153598,2013-12-04,2013,12,Neoma Murray,West,Furniture,Furnishings,111.90,6,0.00,51.47
CA-2013-161025,2013-12-04,2013,12,Gary McGarr,West,Office Supplies,Storage,772.68,4,0.00,108.18
US-2013-150861,2013-12-04,2013,12,Emily Grady,East,Office Supplies,Paper,182.72,8,0.00,84.05
US-2013-150861,2013-12-04,2013,12,Emily Grady,East,Furniture,Tables,400.03,2,0.40,-153.35
US-2013-150861,2013-12-04,2013,12,Emily Grady,East,Office Supplies,Storage,33.63,3,0.00,10.09
US-2013-150861,2013-12-04,2013,12,Emily Grady,East,Furniture,Chairs,542.65,3,0.10,102.50
US-2013-150861,2013-12-04,2013,12,Emily Grady,East,Office Supplies,Labels,6.30,2,0.00,3.02
US-2013-161683,2013-12-04,2013,12,Caroline Jumper,East,Office Supplies,Appliances,394.82,4,0.20,93.77
US-2013-161683,2013-12-04,2013,12,Caroline Jumper,East,Office Supplies,Binders,18.19,4,0.70,-14.55
CA-2013-105277,2013-12-05,2013,12,Liz MacKendrick,East,Office Supplies,Binders,15.53,3,0.20,5.82
CA-2013-112060,2013-12-05,2013,12,Kean Takahito,West,Office Supplies,Paper,104.85,1,0.00,50.33
CA-2013-126004,2013-12-05,2013,12,Becky Martin,East,Furniture,Furnishings,113.79,3,0.00,20.48
CA-2013-126004,2013-12-05,2013,12,Becky Martin,East,Technology,Accessories,78.15,1,0.00,34.39
CA-2013-126004,2013-12-05,2013,12,Becky Martin,East,Office Supplies,Binders,1.73,1,0.20,0.60
CA-2013-126004,2013-12-05,2013,12,Becky Martin,East,Office Supplies,Paper,40.56,4,0.00,19.87
CA-2013-126004,2013-12-05,2013,12,Becky Martin,East,Office Supplies,Storage,182.94,3,0.00,3.66
CA-2013-126004,2013-12-05,2013,12,Becky Martin,East,Office Supplies,Storage,193.86,2,0.00,11.63
CA-2013-139885,2013-12-05,2013,12,Ellis Ballard,East,Office Supplies,Storage,212.88,6,0.00,0.00
CA-2013-108434,2013-12-06,2013,12,James Galang,East,Office Supplies,Storage,465.18,3,0.00,120.95
CA-2013-109722,2013-12-06,2013,12,Theone Pippenger,South,Technology,Phones,699.98,2,0.00,195.99
CA-2013-109722,2013-12-06,2013,12,Theone Pippenger,South,Office Supplies,Storage,584.82,9,0.00,70.18
CA-2013-114489,2013-12-06,2013,12,Justin Ellison,Central,Technology,Phones,384.45,11,0.00,103.80
CA-2013-114489,2013-12-06,2013,12,Justin Ellison,Central,Technology,Phones,149.97,3,0.00,6.00
CA-2013-114489,2013-12-06,2013,12,Justin Ellison,Central,Furniture,Chairs,1951.84,8,0.00,585.55
CA-2013-114489,2013-12-06,2013,12,Justin Ellison,Central,Office Supplies,Binders,171.55,5,0.00,80.63
CA-2013-124772,2013-12-06,2013,12,James Galang,South,Furniture,Furnishings,191.82,3,0.00,74.81
CA-2013-140564,2013-12-06,2013,12,Tony Chapman,East,Office Supplies,Art,33.92,8,0.00,13.23
CA-2013-143749,2013-12-06,2013,12,Aleksandra Gannaway,East,Furniture,Bookcases,81.94,1,0.00,20.49
CA-2013-145009,2013-12-06,2013,12,Randy Ferguson,Central,Office Supplies,Labels,11.95,3,0.20,3.88
CA-2013-146374,2013-12-06,2013,12,Harold Engle,East,Furniture,Furnishings,13.40,1,0.00,6.43
CA-2013-146374,2013-12-06,2013,12,Harold Engle,East,Office Supplies,Paper,4.98,1,0.00,2.34
CA-2013-146374,2013-12-06,2013,12,Harold Engle,East,Office Supplies,Envelopes,109.69,7,0.00,51.55
CA-2013-161389,2013-12-06,2013,12,Irene Maddox,West,Office Supplies,Binders,407.98,3,0.20,132.59
CA-2013-163636,2013-12-06,2013,12,Mike Pelletier,Central,Office Supplies,Art,3.54,2,0.20,0.31
CA-2013-162390,2013-12-07,2013,12,Dave Poirier,East,Office Supplies,Binders,968.74,7,0.20,314.84
CA-2013-162390,2013-12-07,2013,12,Dave Poirier,East,Office Supplies,Binders,222.35,13,0.20,77.82
CA-2013-162390,2013-12-07,2013,12,Dave Poirier,East,Technology,Copiers,479.98,2,0.20,90.00
US-2013-103674,2013-12-07,2013,12,Anne Pryor,West,Technology,Phones,271.96,5,0.20,27.20
US-2013-103674,2013-12-07,2013,12,Anne Pryor,West,Office Supplies,Art,18.69,7,0.00,5.23
US-2013-103674,2013-12-07,2013,12,Anne Pryor,West,Office Supplies,Paper,13.36,2,0.00,6.41
US-2013-103674,2013-12-07,2013,12,Anne Pryor,West,Technology,Phones,249.58,2,0.20,31.20
US-2013-103674,2013-12-07,2013,12,Anne Pryor,West,Office Supplies,Fasteners,13.86,7,0.00,0.00
US-2013-103674,2013-12-07,2013,12,Anne Pryor,West,Office Supplies,Binders,13.38,4,0.20,4.68
US-2013-103674,2013-12-07,2013,12,Anne Pryor,West,Office Supplies,Binders,437.47,14,0.20,153.12
US-2013-114776,2013-12-07,2013,12,Greg Guthrie,West,Office Supplies,Paper,19.44,3,0.00,9.33
US-2013-169040,2013-12-07,2013,12,Greg Tran,West,Technology,Phones,156.79,1,0.20,13.72
US-2013-169040,2013-12-07,2013,12,Greg Tran,West,Technology,Phones,431.98,3,0.20,27.00
US-2013-169040,2013-12-07,2013,12,Greg Tran,West,Office Supplies,Envelopes,35.89,1,0.00,16.15
US-2013-169040,2013-12-07,2013,12,Greg Tran,West,Office Supplies,Binders,47.21,7,0.20,15.34
US-2013-169040,2013-12-07,2013,12,Greg Tran,West,Office Supplies,Paper,248.08,7,0.00,116.60
US-2013-169040,2013-12-07,2013,12,Greg Tran,West,Office Supplies,Paper,189.70,5,0.00,89.16
US-2013-169040,2013-12-07,2013,12,Greg Tran,West,Office Supplies,Binders,59.81,3,0.20,19.44
CA-2013-113733,2013-12-09,2013,12,Lena Hernandez,South,Technology,Phones,249.58,2,0.20,31.20
CA-2013-113733,2013-12-09,2013,12,Lena Hernandez,South,Technology,Accessories,68.11,3,0.20,17.88
CA-2013-113733,2013-12-09,2013,12,Lena Hernandez,South,Technology,Accessories,16.56,3,0.20,-2.48
CA-2013-115224,2013-12-09,2013,12,Doug Bickford,West,Office Supplies,Storage,34.05,3,0.00,9.53
CA-2013-115224,2013-12-09,2013,12,Doug Bickford,West,Office Supplies,Storage,352.38,2,0.00,81.05
CA-2013-117590,2013-12-09,2013,12,Gene Hale,Central,Technology,Phones,1097.54,7,0.20,123.47
CA-2013-117590,2013-12-09,2013,12,Gene Hale,Central,Furniture,Furnishings,190.92,5,0.60,-147.96
CA-2013-124562,2013-12-09,2013,12,Julie Prescott,East,Office Supplies,Binders,12.96,7,0.70,-9.50
CA-2013-131289,2013-12-09,2013,12,Stefania Perrino,West,Office Supplies,Art,8.56,2,0.00,2.48
CA-2013-131289,2013-12-09,2013,12,Stefania Perrino,West,Office Supplies,Paper,45.36,7,0.00,21.77
CA-2013-131289,2013-12-09,2013,12,Stefania Perrino,West,Furniture,Tables,1421.66,6,0.20,-195.48
CA-2013-134425,2013-12-09,2013,12,Quincy Jones,Central,Technology,Phones,114.95,5,0.00,2.30
CA-2013-158302,2013-12-09,2013,12,Julia Barnett,East,Office Supplies,Paper,10.58,3,0.20,3.44
CA-2013-160108,2013-12-09,2013,12,Arthur Gainer,Central,Furniture,Bookcases,405.86,7,0.00,32.47
CA-2013-160108,2013-12-09,2013,12,Arthur Gainer,Central,Furniture,Chairs,680.01,3,0.00,176.80
CA-2013-102092,2013-12-10,2013,12,Paul MacIntyre,South,Furniture,Tables,1056.86,7,0.00,158.53
CA-2013-128923,2013-12-10,2013,12,George Bell,Central,Office Supplies,Paper,9.39,2,0.20,3.29
CA-2013-128923,2013-12-10,2013,12,George Bell,Central,Office Supplies,Art,9.33,1,0.20,0.82
CA-2013-133340,2013-12-10,2013,12,Logan Haushalter,Central,Technology,Phones,10.90,1,0.00,3.05
CA-2013-133340,2013-12-10,2013,12,Logan Haushalter,Central,Technology,Accessories,59.98,2,0.00,25.19
CA-2013-133340,2013-12-10,2013,12,Logan Haushalter,Central,Office Supplies,Appliances,61.93,1,0.10,23.40
CA-2013-137330,2013-12-10,2013,12,Ken Black,Central,Office Supplies,Art,19.46,7,0.00,5.06
CA-2013-137330,2013-12-10,2013,12,Ken Black,Central,Office Supplies,Appliances,60.34,7,0.00,15.69
CA-2013-141082,2013-12-10,2013,12,Fred McMath,East,Office Supplies,Labels,3.69,1,0.00,1.73
CA-2013-141082,2013-12-10,2013,12,Fred McMath,East,Office Supplies,Labels,122.12,4,0.00,56.18
CA-2013-149503,2013-12-10,2013,12,Stephanie Phelps,West,Office Supplies,Binders,273.92,8,0.20,99.30
CA-2013-159989,2013-12-10,2013,12,Emily Burns,South,Technology,Phones,40.68,3,0.20,-9.15
US-2013-131114,2013-12-10,2013,12,Rob Williams,Central,Office Supplies,Supplies,20.57,3,0.20,1.54
US-2013-131114,2013-12-10,2013,12,Rob Williams,Central,Office Supplies,Appliances,4.36,2,0.80,-11.76
US-2013-131114,2013-12-10,2013,12,Rob Williams,Central,Technology,Accessories,19.04,4,0.20,-1.43
US-2013-161844,2013-12-10,2013,12,Damala Kotsonis,South,Furniture,Tables,79.97,3,0.40,-29.32
US-2013-161844,2013-12-10,2013,12,Damala Kotsonis,South,Office Supplies,Binders,2.95,2,0.70,-2.06
CA-2013-100587,2013-12-11,2013,12,Sara Luxemburg,East,Office Supplies,Paper,6.48,1,0.00,3.11
CA-2013-127194,2013-12-11,2013,12,Bart Watters,East,Office Supplies,Paper,62.82,9,0.00,29.53
CA-2013-128412,2013-12-11,2013,12,Arthur Prichep,West,Office Supplies,Binders,153.55,3,0.20,51.82
CA-2013-128412,2013-12-11,2013,12,Arthur Prichep,West,Office Supplies,Appliances,65.34,3,0.00,22.87
CA-2013-128412,2013-12-11,2013,12,Arthur Prichep,West,Office Supplies,Paper,123.92,4,0.00,55.76
CA-2013-128412,2013-12-11,2013,12,Arthur Prichep,West,Office Supplies,Appliances,35.10,3,0.00,12.29
CA-2013-128412,2013-12-11,2013,12,Arthur Prichep,West,Technology,Accessories,44.75,5,0.00,8.50
CA-2013-144309,2013-12-11,2013,12,Chris McAfee,East,Office Supplies,Paper,18.54,2,0.00,8.71
CA-2013-144309,2013-12-11,2013,12,Chris McAfee,East,Office Supplies,Binders,679.96,5,0.20,220.99
CA-2013-146941,2013-12-11,2013,12,Delfina Latchford,East,Office Supplies,Storage,80.58,6,0.00,22.56
CA-2013-146941,2013-12-11,2013,12,Delfina Latchford,East,Office Supplies,Envelopes,361.92,4,0.00,162.86
CA-2013-147123,2013-12-11,2013,12,Sanjit Jacobs,West,Office Supplies,Paper,80.28,12,0.00,36.93
CA-2013-154739,2013-12-11,2013,12,Logan Haushalter,West,Furniture,Chairs,321.57,2,0.20,28.14
US-2013-143448,2013-12-11,2013,12,Mark Hamilton,Central,Furniture,Chairs,1424.90,5,0.00,356.23
CA-2013-105816,2013-12-12,2013,12,Janet Molinari,East,Office Supplies,Fasteners,15.26,7,0.00,6.26
CA-2013-105816,2013-12-12,2013,12,Janet Molinari,East,Technology,Phones,1029.95,5,0.00,298.69
CA-2013-143609,2013-12-12,2013,12,Deborah Brumfield,West,Furniture,Chairs,403.92,5,0.20,25.25
CA-2013-160745,2013-12-12,2013,12,Anthony Rawles,West,Furniture,Furnishings,14.80,4,0.00,6.07
CA-2013-160745,2013-12-12,2013,12,Anthony Rawles,West,Technology,Phones,302.38,3,0.20,22.68
CA-2013-160745,2013-12-12,2013,12,Anthony Rawles,West,Technology,Accessories,316.00,4,0.00,31.60
CA-2013-162187,2013-12-12,2013,12,Noel Staavos,East,Office Supplies,Storage,64.96,5,0.20,-4.06
CA-2013-162187,2013-12-12,2013,12,Noel Staavos,East,Office Supplies,Supplies,13.52,2,0.20,1.69
CA-2013-162187,2013-12-12,2013,12,Noel Staavos,East,Furniture,Chairs,458.43,5,0.30,-137.53
CA-2013-162187,2013-12-12,2013,12,Noel Staavos,East,Office Supplies,Appliances,387.14,4,0.20,24.20
CA-2013-162187,2013-12-12,2013,12,Noel Staavos,East,Furniture,Tables,328.59,3,0.40,-147.87
CA-2013-165330,2013-12-12,2013,12,William Brown,West,Office Supplies,Binders,209.60,5,0.20,68.12
CA-2013-165330,2013-12-12,2013,12,William Brown,West,Office Supplies,Art,23.32,2,0.00,6.06
CA-2013-165330,2013-12-12,2013,12,William Brown,West,Office Supplies,Paper,30.98,1,0.00,13.94
CA-2013-165330,2013-12-12,2013,12,William Brown,West,Technology,Accessories,119.96,4,0.00,25.19
CA-2013-165330,2013-12-12,2013,12,William Brown,West,Furniture,Chairs,363.92,5,0.20,-31.84
CA-2013-165330,2013-12-12,2013,12,William Brown,West,Office Supplies,Binders,35.81,3,0.20,11.19
CA-2013-165330,2013-12-12,2013,12,William Brown,West,Office Supplies,Binders,122.69,9,0.20,39.87
CA-2013-165330,2013-12-12,2013,12,William Brown,West,Furniture,Tables,892.14,7,0.20,111.52
CA-2013-165330,2013-12-12,2013,12,William Brown,West,Office Supplies,Storage,50.22,3,0.00,2.01
CA-2013-165330,2013-12-12,2013,12,William Brown,West,Office Supplies,Appliances,83.42,2,0.00,24.19
CA-2013-165330,2013-12-12,2013,12,William Brown,West,Office Supplies,Binders,5.87,2,0.20,2.13
US-2013-132857,2013-12-12,2013,12,Cynthia Arntzen,South,Office Supplies,Art,6.67,3,0.20,1.67
US-2013-135720,2013-12-12,2013,12,Fred McMath,West,Office Supplies,Storage,243.38,3,0.20,-51.72
US-2013-135720,2013-12-12,2013,12,Fred McMath,West,Technology,Accessories,119.80,5,0.20,29.95
US-2013-135720,2013-12-12,2013,12,Fred McMath,West,Technology,Phones,300.77,4,0.20,30.08
US-2013-148803,2013-12-12,2013,12,Lena Radford,South,Office Supplies,Storage,85.22,3,0.20,7.46
US-2013-151260,2013-12-12,2013,12,Steve Chapman,East,Office Supplies,Appliances,73.54,4,0.20,9.19
CA-2013-136686,2013-12-13,2013,12,Roy Französisch,West,Furniture,Furnishings,383.64,6,0.00,122.76
CA-2013-136686,2013-12-13,2013,12,Roy Französisch,West,Office Supplies,Appliances,56.52,3,0.00,15.83
CA-2013-139395,2013-12-13,2013,12,Matthew Grinstein,Central,Technology,Phones,657.93,7,0.00,184.22
CA-2013-139395,2013-12-13,2013,12,Matthew Grinstein,Central,Furniture,Furnishings,33.48,4,0.00,8.70
CA-2013-139395,2013-12-13,2013,12,Matthew Grinstein,Central,Office Supplies,Art,13.90,5,0.00,3.61
CA-2013-139395,2013-12-13,2013,12,Matthew Grinstein,Central,Office Supplies,Storage,26.86,2,0.00,6.72
CA-2013-169824,2013-12-13,2013,12,Noel Staavos,East,Furniture,Furnishings,60.35,5,0.00,19.92
CA-2013-169824,2013-12-13,2013,12,Noel Staavos,East,Office Supplies,Supplies,35.52,4,0.00,9.95
CA-2013-169824,2013-12-13,2013,12,Noel Staavos,East,Office Supplies,Art,11.20,7,0.00,4.82
US-2013-108777,2013-12-13,2013,12,Jim Mitchum,East,Office Supplies,Binders,18.69,3,0.70,-14.33
US-2013-108777,2013-12-13,2013,12,Jim Mitchum,East,Technology,Accessories,383.95,6,0.20,76.79
US-2013-169369,2013-12-13,2013,12,Erin Creighton,South,Technology,Accessories,249.95,5,0.00,20.00
US-2013-169369,2013-12-13,2013,12,Erin Creighton,South,Office Supplies,Paper,49.12,4,0.00,23.09
CA-2013-100153,2013-12-14,2013,12,Ken Heidel,Central,Technology,Accessories,63.88,4,0.00,24.91
CA-2013-102792,2013-12-14,2013,12,Jasper Cacioppo,West,Office Supplies,Art,9.84,3,0.00,3.25
CA-2013-142958,2013-12-14,2013,12,Rob Williams,West,Office Supplies,Binders,6.10,2,0.20,2.21
CA-2013-142958,2013-12-14,2013,12,Rob Williams,West,Furniture,Tables,1114.27,4,0.20,41.79
CA-2013-129126,2013-12-15,2013,12,Pete Kriz,East,Office Supplies,Paper,14.62,2,0.00,6.73
CA-2013-129126,2013-12-15,2013,12,Pete Kriz,East,Office Supplies,Labels,5.76,2,0.00,2.82
CA-2013-129126,2013-12-15,2013,12,Pete Kriz,East,Office Supplies,Fasteners,21.48,6,0.00,10.53
CA-2013-129126,2013-12-15,2013,12,Pete Kriz,East,Furniture,Furnishings,396.92,4,0.00,198.46
CA-2013-129126,2013-12-15,2013,12,Pete Kriz,East,Office Supplies,Storage,17.15,1,0.00,4.63
CA-2013-129126,2013-12-15,2013,12,Pete Kriz,East,Office Supplies,Binders,23.12,2,0.20,7.80
CA-2013-146143,2013-12-15,2013,12,Michael Chen,South,Furniture,Furnishings,133.38,6,0.00,58.69
CA-2013-146325,2013-12-15,2013,12,David Smith,West,Furniture,Chairs,81.42,2,0.20,-9.16
CA-2013-146325,2013-12-15,2013,12,David Smith,West,Office Supplies,Storage,134.80,10,0.00,35.05
CA-2013-100307,2013-12-16,2013,12,Tony Chapman,South,Office Supplies,Paper,19.44,3,0.00,9.33
CA-2013-113600,2013-12-16,2013,12,Shahid Hopkins,East,Office Supplies,Binders,2.21,3,0.70,-1.48
CA-2013-142335,2013-12-16,2013,12,Michael Paige,Central,Furniture,Tables,1652.94,3,0.00,231.41
CA-2013-142335,2013-12-16,2013,12,Michael Paige,Central,Office Supplies,Storage,296.37,3,0.00,80.02
US-2013-116442,2013-12-16,2013,12,Benjamin Patterson,West,Furniture,Furnishings,14.76,2,0.00,4.28
US-2013-127334,2013-12-16,2013,12,Mike Pelletier,West,Furniture,Tables,564.20,3,0.50,-304.67
US-2013-127334,2013-12-16,2013,12,Mike Pelletier,West,Office Supplies,Appliances,87.17,2,0.20,8.72
CA-2013-118332,2013-12-17,2013,12,Pete Kriz,West,Furniture,Chairs,563.92,5,0.20,7.05
CA-2013-130442,2013-12-17,2013,12,Sandra Flanagan,South,Office Supplies,Appliances,34.94,3,0.20,3.06
CA-2013-155446,2013-12-17,2013,12,Tanja Norvell,West,Technology,Accessories,21.21,7,0.00,4.45
US-2013-100419,2013-12-17,2013,12,Craig Carreira,Central,Office Supplies,Binders,4.79,3,0.80,-7.90
US-2013-104794,2013-12-17,2013,12,Keith Dawkins,East,Office Supplies,Fasteners,3.68,2,0.00,1.80
CA-2013-117121,2013-12-18,2013,12,Adrian Barton,Central,Office Supplies,Binders,9892.74,13,0.00,4946.37
CA-2013-131639,2013-12-18,2013,12,Noel Staavos,West,Office Supplies,Binders,13.49,2,0.20,4.38
CA-2013-131639,2013-12-18,2013,12,Noel Staavos,West,Office Supplies,Binders,11.42,1,0.20,3.85
CA-2013-147109,2013-12-18,2013,12,Adam Hart,Central,Office Supplies,Paper,51.84,10,0.20,18.14
CA-2013-147109,2013-12-18,2013,12,Adam Hart,Central,Technology,Accessories,165.60,3,0.20,-6.21
CA-2013-155383,2013-12-18,2013,12,Steve Carroll,West,Office Supplies,Storage,46.53,3,0.00,13.03
CA-2013-155530,2013-12-18,2013,12,Charles McCrossin,West,Furniture,Tables,2003.52,6,0.20,-325.57
CA-2013-101546,2013-12-19,2013,12,Grace Kelly,East,Office Supplies,Binders,1793.98,2,0.00,843.17
CA-2013-112697,2013-12-19,2013,12,Alan Haines,South,Office Supplies,Binders,254.06,7,0.70,-169.37
CA-2013-112697,2013-12-19,2013,12,Alan Haines,South,Office Supplies,Appliances,194.53,2,0.20,24.32
CA-2013-112697,2013-12-19,2013,12,Alan Haines,South,Office Supplies,Supplies,961.48,5,0.20,-204.31
CA-2013-133795,2013-12-19,2013,12,Jeremy Ellison,West,Technology,Accessories,72.64,2,0.00,21.79
CA-2013-133795,2013-12-19,2013,12,Jeremy Ellison,West,Technology,Accessories,772.47,3,0.00,146.77
CA-2013-133795,2013-12-19,2013,12,Jeremy Ellison,West,Furniture,Furnishings,39.92,4,0.00,11.18
CA-2013-138597,2013-12-19,2013,12,Parhena Norris,Central,Furniture,Chairs,563.94,3,0.00,112.79
CA-2013-139934,2013-12-19,2013,12,Andy Yotov,West,Technology,Phones,66.98,7,0.20,6.70
CA-2013-145261,2013-12-19,2013,12,Adrian Hane,West,Office Supplies,Binders,45.24,4,0.70,-30.16
CA-2013-145261,2013-12-19,2013,12,Adrian Hane,West,Office Supplies,Art,18.69,4,0.20,2.34
CA-2013-145261,2013-12-19,2013,12,Adrian Hane,West,Office Supplies,Paper,11.65,2,0.20,3.79
CA-2013-145261,2013-12-19,2013,12,Adrian Hane,West,Technology,Accessories,112.78,3,0.20,-8.46
CA-2013-145261,2013-12-19,2013,12,Adrian Hane,West,Furniture,Tables,377.45,5,0.50,-264.22
CA-2013-145261,2013-12-19,2013,12,Adrian Hane,West,Office Supplies,Labels,15.94,4,0.20,5.18
CA-2013-145261,2013-12-19,2013,12,Adrian Hane,West,Technology,Phones,28.68,3,0.20,-7.17
CA-2013-145919,2013-12-19,2013,12,Henry Goldwyn,West,Office Supplies,Paper,38.88,6,0.00,18.66
CA-2013-145919,2013-12-19,2013,12,Henry Goldwyn,West,Furniture,Furnishings,183.84,8,0.00,62.51
CA-2013-145919,2013-12-19,2013,12,Henry Goldwyn,West,Office Supplies,Supplies,579.30,5,0.00,28.97
CA-2013-147067,2013-12-19,2013,12,Justin Deggeller,Central,Furniture,Furnishings,18.84,3,0.00,6.03
CA-2013-150945,2013-12-19,2013,12,Julie Kriz,East,Office Supplies,Storage,900.08,4,0.00,117.01
CA-2013-108364,2013-12-20,2013,12,Barry Pond,Central,Office Supplies,Binders,1.80,5,0.80,-2.88
CA-2013-118129,2013-12-20,2013,12,Clay Ludtke,East,Furniture,Furnishings,303.92,5,0.20,-30.39
CA-2013-134936,2013-12-20,2013,12,Erin Smith,West,Furniture,Tables,455.97,6,0.50,-218.87
CA-2013-134936,2013-12-20,2013,12,Erin Smith,West,Office Supplies,Binders,10.44,6,0.70,-7.66
CA-2013-134936,2013-12-20,2013,12,Erin Smith,West,Office Supplies,Binders,5.21,2,0.70,-4.17
CA-2013-141523,2013-12-20,2013,12,Mark Haberlin,East,Office Supplies,Binders,34.25,3,0.20,11.56
CA-2013-141523,2013-12-20,2013,12,Mark Haberlin,East,Office Supplies,Art,3.52,2,0.00,1.02
CA-2013-151155,2013-12-21,2013,12,Alejandro Ballentine,South,Furniture,Furnishings,18.92,4,0.00,7.38
CA-2013-151155,2013-12-21,2013,12,Alejandro Ballentine,South,Office Supplies,Binders,15.42,2,0.00,6.94
CA-2013-168536,2013-12-21,2013,12,Stuart Calhoun,South,Technology,Accessories,66.30,3,0.00,8.62
US-2013-157840,2013-12-21,2013,12,Matt Collins,Central,Office Supplies,Paper,33.90,5,0.00,15.59
CA-2013-103359,2013-12-23,2013,12,Lena Creighton,East,Office Supplies,Binders,25.58,2,0.20,8.95
CA-2013-114860,2013-12-23,2013,12,Duane Noonan,West,Furniture,Furnishings,842.72,8,0.00,202.25
CA-2013-114860,2013-12-23,2013,12,Duane Noonan,West,Furniture,Furnishings,41.96,2,0.00,10.91
CA-2013-149916,2013-12-23,2013,12,Emily Ducich,West,Office Supplies,Binders,55.36,4,0.20,19.38
CA-2013-149916,2013-12-23,2013,12,Emily Ducich,West,Technology,Machines,11.56,1,0.20,3.76
CA-2013-167507,2013-12-23,2013,12,Sue Ann Reed,West,Office Supplies,Binders,31.32,10,0.70,-25.06
CA-2013-167507,2013-12-23,2013,12,Sue Ann Reed,West,Furniture,Furnishings,11.84,4,0.20,3.11
CA-2013-167507,2013-12-23,2013,12,Sue Ann Reed,West,Furniture,Furnishings,22.78,1,0.20,4.84
CA-2013-114867,2013-12-24,2013,12,Frank Merwin,East,Office Supplies,Paper,7.97,2,0.20,2.69
CA-2013-114867,2013-12-24,2013,12,Frank Merwin,East,Technology,Phones,1499.97,5,0.40,-374.99
CA-2013-115574,2013-12-24,2013,12,Ben Peterman,Central,Furniture,Bookcases,141.37,2,0.30,-14.14
CA-2013-132829,2013-12-24,2013,12,Laura Armstrong,Central,Technology,Phones,453.58,3,0.20,39.69
CA-2013-132829,2013-12-24,2013,12,Laura Armstrong,Central,Office Supplies,Labels,45.36,9,0.20,14.74
CA-2013-132829,2013-12-24,2013,12,Laura Armstrong,Central,Technology,Phones,287.88,3,0.20,35.99
CA-2013-132829,2013-12-24,2013,12,Laura Armstrong,Central,Technology,Phones,131.88,3,0.20,14.84
CA-2013-132829,2013-12-24,2013,12,Laura Armstrong,Central,Furniture,Furnishings,2.33,2,0.60,-0.76
CA-2013-135776,2013-12-24,2013,12,Edward Hooks,West,Office Supplies,Art,8.82,3,0.00,2.56
CA-2013-135776,2013-12-24,2013,12,Edward Hooks,West,Office Supplies,Paper,37.94,2,0.00,18.21
CA-2013-135776,2013-12-24,2013,12,Edward Hooks,West,Office Supplies,Art,4.20,2,0.00,1.18
CA-2013-135776,2013-12-24,2013,12,Edward Hooks,West,Office Supplies,Storage,227.28,2,0.00,2.27
CA-2013-135776,2013-12-24,2013,12,Edward Hooks,West,Office Supplies,Paper,47.90,1,0.00,22.99
CA-2013-135776,2013-12-24,2013,12,Edward Hooks,West,Office Supplies,Envelopes,61.96,2,0.00,30.36
CA-2013-135776,2013-12-24,2013,12,Edward Hooks,West,Office Supplies,Storage,1117.92,4,0.00,55.90
CA-2013-136049,2013-12-24,2013,12,Neoma Murray,East,Office Supplies,Binders,5.55,3,0.70,-4.07
CA-2013-137043,2013-12-24,2013,12,Logan Currie,South,Furniture,Furnishings,572.76,6,0.00,166.10
CA-2013-137043,2013-12-24,2013,12,Logan Currie,South,Furniture,Furnishings,286.38,3,0.00,83.05
CA-2013-157791,2013-12-24,2013,12,Carol Adams,East,Technology,Copiers,1999.96,4,0.00,899.98
CA-2013-157868,2013-12-24,2013,12,Matt Collister,Central,Office Supplies,Fasteners,24.85,7,0.00,11.68
CA-2013-101651,2013-12-25,2013,12,Sean Christensen,West,Furniture,Furnishings,43.96,7,0.00,18.46
CA-2013-101651,2013-12-25,2013,12,Sean Christensen,West,Office Supplies,Envelopes,39.76,7,0.00,18.69
CA-2013-123526,2013-12-25,2013,12,Benjamin Venier,West,Office Supplies,Paper,33.40,5,0.00,16.03
CA-2013-140438,2013-12-25,2013,12,Pauline Webber,East,Technology,Phones,197.97,3,0.00,53.45
CA-2013-157259,2013-12-25,2013,12,Jessica Myrick,East,Furniture,Furnishings,799.56,9,0.00,207.89
US-2013-168620,2013-12-25,2013,12,Ross Baird,South,Office Supplies,Binders,27.88,3,0.70,-20.45
US-2013-168620,2013-12-25,2013,12,Ross Baird,South,Office Supplies,Storage,540.05,3,0.20,-47.25
US-2013-168620,2013-12-25,2013,12,Ross Baird,South,Technology,Accessories,255.68,8,0.20,76.70
CA-2013-101168,2013-12-26,2013,12,Saphhira Shifley,East,Furniture,Furnishings,21.12,4,0.00,6.55
CA-2013-105081,2013-12-26,2013,12,Joe Elijah,West,Furniture,Chairs,698.35,3,0.20,52.38
CA-2013-105081,2013-12-26,2013,12,Joe Elijah,West,Furniture,Tables,1747.25,5,0.00,629.01
CA-2013-109827,2013-12-26,2013,12,Laurel Workman,West,Furniture,Tables,35.45,1,0.50,-24.10
CA-2013-109827,2013-12-26,2013,12,Laurel Workman,West,Technology,Machines,269.97,2,0.70,-386.96
CA-2013-109827,2013-12-26,2013,12,Laurel Workman,West,Technology,Accessories,45.12,3,0.20,-7.90
CA-2013-109827,2013-12-26,2013,12,Laurel Workman,West,Technology,Accessories,100.80,2,0.20,21.42
CA-2013-109827,2013-12-26,2013,12,Laurel Workman,West,Furniture,Chairs,47.97,2,0.20,4.20
CA-2013-110975,2013-12-26,2013,12,Darren Budd,East,Furniture,Tables,313.18,2,0.40,-120.05
CA-2013-110975,2013-12-26,2013,12,Darren Budd,East,Furniture,Chairs,866.65,3,0.10,173.33
CA-2013-111941,2013-12-26,2013,12,Brian DeCherney,East,Office Supplies,Binders,33.57,2,0.20,11.75
CA-2013-148684,2013-12-26,2013,12,Trudy Schmidt,South,Office Supplies,Art,19.89,9,0.00,5.37
CA-2013-148684,2013-12-26,2013,12,Trudy Schmidt,South,Technology,Accessories,399.98,2,0.00,171.99
CA-2013-148684,2013-12-26,2013,12,Trudy Schmidt,South,Furniture,Furnishings,343.85,5,0.00,137.54
CA-2013-148684,2013-12-26,2013,12,Trudy Schmidt,South,Office Supplies,Paper,106.32,3,0.00,49.97
CA-2013-169670,2013-12-26,2013,12,Joe Elijah,East,Furniture,Chairs,2563.06,8,0.10,313.26
US-2013-116729,2013-12-26,2013,12,Grace Kelly,West,Technology,Phones,2575.94,7,0.20,257.59
US-2013-116729,2013-12-26,2013,12,Grace Kelly,West,Office Supplies,Paper,45.36,7,0.00,21.77
US-2013-116729,2013-12-26,2013,12,Grace Kelly,West,Technology,Accessories,254.24,7,0.00,76.27
CA-2013-114538,2013-12-27,2013,12,Roy Collins,West,Office Supplies,Art,11.33,2,0.20,2.55
CA-2013-123015,2013-12-27,2013,12,Anthony Johnson,East,Office Supplies,Binders,4.99,3,0.20,1.68
CA-2013-129868,2013-12-27,2013,12,Mike Caudle,West,Office Supplies,Supplies,17.76,2,0.00,4.97
CA-2013-129868,2013-12-27,2013,12,Mike Caudle,West,Technology,Phones,302.38,2,0.20,30.24
CA-2013-129868,2013-12-27,2013,12,Mike Caudle,West,Furniture,Chairs,146.35,3,0.20,-5.49
CA-2013-129868,2013-12-27,2013,12,Mike Caudle,West,Office Supplies,Appliances,7.90,2,0.00,2.05
CA-2013-129868,2013-12-27,2013,12,Mike Caudle,West,Furniture,Tables,902.71,3,0.20,33.85
CA-2013-129868,2013-12-27,2013,12,Mike Caudle,West,Office Supplies,Art,53.97,3,0.00,15.11
CA-2013-147536,2013-12-27,2013,12,Andrew Roberts,East,Technology,Accessories,89.97,3,0.00,18.89
CA-2013-151512,2013-12-27,2013,12,Sally Hughsby,West,Office Supplies,Appliances,18.72,2,0.20,3.51
CA-2013-155166,2013-12-27,2013,12,Brenda Bowman,East,Furniture,Chairs,212.94,3,0.00,25.55
CA-2013-155166,2013-12-27,2013,12,Brenda Bowman,East,Office Supplies,Appliances,26.49,1,0.00,7.42
US-2013-153129,2013-12-27,2013,12,Frank Preis,West,Office Supplies,Paper,33.90,5,0.00,15.59
CA-2013-102596,2013-12-28,2013,12,Ross DeVincentis,East,Office Supplies,Fasteners,17.18,6,0.20,6.23
CA-2013-111605,2013-12-28,2013,12,Joni Wasserman,South,Office Supplies,Labels,2.61,1,0.00,1.20
CA-2013-138667,2013-12-28,2013,12,Mitch Webber,East,Technology,Accessories,40.00,2,0.20,0.50
CA-2013-162726,2013-12-28,2013,12,Meg Tillman,Central,Office Supplies,Paper,10.37,2,0.20,3.63
CA-2013-162726,2013-12-28,2013,12,Meg Tillman,Central,Office Supplies,Paper,23.68,4,0.20,7.40
US-2013-131058,2013-12-28,2013,12,Eugene Moren,West,Office Supplies,Labels,20.16,7,0.00,9.88
US-2013-162852,2013-12-28,2013,12,Brooke Gillingham,Central,Furniture,Chairs,845.49,8,0.30,-12.08
CA-2013-112578,2013-12-30,2013,12,Frank Olsen,West,Office Supplies,Storage,14.03,1,0.00,4.07
CA-2013-112578,2013-12-30,2013,12,Frank Olsen,West,Office Supplies,Supplies,27.96,2,0.00,7.27
CA-2013-122014,2013-12-30,2013,12,Carlos Daly,Central,Furniture,Furnishings,70.56,6,0.00,23.99
CA-2013-122014,2013-12-30,2013,12,Carlos Daly,Central,Office Supplies,Appliances,81.96,2,0.00,22.95
CA-2013-124051,2013-12-30,2013,12,Kelly Andreada,Central,Office Supplies,Paper,186.05,6,0.20,67.44
CA-2013-139689,2013-12-30,2013,12,Michael Paige,South,Office Supplies,Binders,38.09,4,0.70,-27.93
CA-2013-139689,2013-12-30,2013,12,Michael Paige,South,Office Supplies,Binders,2.81,3,0.70,-1.97
CA-2013-156300,2013-12-30,2013,12,Troy Blackwell,Central,Furniture,Chairs,754.45,5,0.00,60.36
CA-2013-157742,2013-12-30,2013,12,Ken Lonsdale,West,Office Supplies,Envelopes,27.79,3,0.20,10.42
US-2013-135209,2013-12-30,2013,12,Marc Harrigan,South,Office Supplies,Paper,37.41,7,0.20,13.09
US-2013-135209,2013-12-30,2013,12,Marc Harrigan,South,Office Supplies,Paper,25.34,6,0.20,8.87
US-2013-163258,2013-12-30,2013,12,Phillip Flathmann,West,Office Supplies,Binders,11.23,3,0.20,3.93
CA-2013-105746,2013-12-31,2013,12,Brian Dahlen,East,Furniture,Chairs,170.79,1,0.30,0.00
CA-2013-117226,2013-12-31,2013,12,Keith Dawkins,Central,Office Supplies,Binders,6.92,6,0.80,-10.39
CA-2013-117660,2013-12-31,2013,12,Bryan Mills,East,Office Supplies,Labels,5.90,2,0.20,1.99
CA-2013-117660,2013-12-31,2013,12,Bryan Mills,East,Office Supplies,Supplies,13.71,2,0.20,1.03
CA-2013-160486,2013-12-31,2013,12,Evan Henry,South,Office Supplies,Paper,72.22,4,0.20,25.28
CA-2013-163951,2013-12-31,2013,12,Carl Jackson,East,Office Supplies,Art,16.52,5,0.20,1.65
US-2013-111528,2013-12-31,2013,12,Julie Prescott,West,Office Supplies,Storage,481.32,4,0.00,125.14
US-2013-111528,2013-12-31,2013,12,Julie Prescott,West,Office Supplies,Binders,6.38,1,0.20,2.15
CA-2014-100202,2014-01-01,2014,1,Brian DeCherney,West,Technology,Phones,302.38,3,0.20,22.68
CA-2014-156139,2014-01-01,2014,1,Becky Pak,West,Office Supplies,Binders,38.38,3,0.20,13.43
CA-2014-160395,2014-01-01,2014,1,Kelly Lampkin,West,Office Supplies,Art,3.64,2,0.00,1.64
CA-2014-160395,2014-01-01,2014,1,Kelly Lampkin,West,Office Supplies,Binders,159.77,7,0.20,53.92
US-2014-105830,2014-01-01,2014,1,Duane Benoit,East,Office Supplies,Storage,156.51,4,0.20,-35.22
US-2014-165953,2014-01-01,2014,1,Emily Phan,South,Office Supplies,Art,47.62,3,0.20,3.57
US-2014-165953,2014-01-01,2014,1,Emily Phan,South,Office Supplies,Paper,23.48,5,0.20,8.22
CA-2014-107503,2014-01-02,2014,1,Guy Armstrong,East,Furniture,Furnishings,48.90,4,0.20,8.56
CA-2014-144463,2014-01-02,2014,1,Steven Cartwright,West,Furniture,Furnishings,474.43,11,0.00,199.26
CA-2014-151750,2014-01-02,2014,1,Janet Martin,Central,Office Supplies,Storage,454.56,5,0.20,-107.96
CA-2014-151750,2014-01-02,2014,1,Janet Martin,Central,Furniture,Furnishings,141.42,5,0.60,-187.38
CA-2014-151750,2014-01-02,2014,1,Janet Martin,Central,Furniture,Chairs,310.74,4,0.30,-26.64
CA-2014-151750,2014-01-02,2014,1,Janet Martin,Central,Office Supplies,Art,12.74,4,0.20,2.23
CA-2014-151750,2014-01-02,2014,1,Janet Martin,Central,Office Supplies,Binders,6.47,5,0.80,-9.71
CA-2014-151750,2014-01-02,2014,1,Janet Martin,Central,Office Supplies,Binders,13.75,14,0.80,-22.68
CA-2014-151750,2014-01-02,2014,1,Janet Martin,Central,Office Supplies,Appliances,15.22,2,0.80,-38.82
CA-2014-154466,2014-01-02,2014,1,Dennis Pardue,Central,Office Supplies,Binders,3.60,2,0.00,1.73
CA-2014-113481,2014-01-03,2014,1,Aaron Smayling,South,Technology,Machines,695.70,2,0.50,-27.83
CA-2014-113481,2014-01-03,2014,1,Aaron Smayling,South,Office Supplies,Binders,15.66,5,0.70,-12.53
CA-2014-113481,2014-01-03,2014,1,Aaron Smayling,South,Office Supplies,Binders,28.85,6,0.70,-21.16
CA-2014-118668,2014-01-03,2014,1,Fred Wasserman,West,Technology,Accessories,16.59,1,0.00,5.81
CA-2014-147207,2014-01-03,2014,1,Trudy Schmidt,Central,Office Supplies,Art,31.74,2,0.20,3.97
CA-2014-147207,2014-01-03,2014,1,Trudy Schmidt,Central,Office Supplies,Appliances,5.43,2,0.80,-13.58
CA-2014-147207,2014-01-03,2014,1,Trudy Schmidt,Central,Furniture,Tables,913.43,5,0.30,-169.64
CA-2014-147207,2014-01-03,2014,1,Trudy Schmidt,Central,Office Supplies,Storage,372.14,3,0.20,27.91
CA-2014-111738,2014-01-04,2014,1,Christopher Martinez,West,Office Supplies,Binders,2022.27,8,0.20,682.52
CA-2014-111738,2014-01-04,2014,1,Christopher Martinez,West,Office Supplies,Art,9.12,3,0.00,3.10
US-2014-114034,2014-01-04,2014,1,Delfina Latchford,West,Office Supplies,Paper,38.88,6,0.00,18.66
CA-2014-150931,2014-01-07,2014,1,Dennis Pardue,South,Office Supplies,Binders,33.74,7,0.00,15.52
CA-2014-159366,2014-01-08,2014,1,Bart Watters,Central,Technology,Machines,3059.98,2,0.10,680.00
US-2014-123862,2014-01-08,2014,1,Jamie Frazer,West,Office Supplies,Storage,153.78,11,0.00,44.60
US-2014-123862,2014-01-08,2014,1,Jamie Frazer,West,Office Supplies,Storage,61.02,3,0.00,0.61
US-2014-123862,2014-01-08,2014,1,Jamie Frazer,West,Office Supplies,Supplies,110.11,7,0.00,31.93
US-2014-123862,2014-01-08,2014,1,Jamie Frazer,West,Office Supplies,Fasteners,7.89,1,0.00,3.55
US-2014-168690,2014-01-08,2014,1,Thais Sissman,South,Office Supplies,Binders,2.81,3,0.70,-1.97
CA-2014-115154,2014-01-09,2014,1,Ricardo Sperren,West,Furniture,Tables,892.98,2,0.00,80.37
CA-2014-154760,2014-01-10,2014,1,Beth Paige,East,Office Supplies,Binders,274.49,3,0.70,-228.74
CA-2014-108000,2014-01-13,2014,1,Linda Southworth,West,Office Supplies,Envelopes,9.78,1,0.00,4.89
US-2014-148551,2014-01-13,2014,1,David Bremer,Central,Office Supplies,Binders,760.98,5,0.80,-1141.47
US-2014-158512,2014-01-13,2014,1,Dianna Arnett,East,Office Supplies,Paper,40.08,6,0.00,19.24
US-2014-158512,2014-01-13,2014,1,Dianna Arnett,East,Furniture,Furnishings,37.68,2,0.00,15.83
US-2014-167402,2014-01-14,2014,1,Cathy Prescott,Central,Office Supplies,Paper,32.40,5,0.00,15.55
US-2014-167402,2014-01-14,2014,1,Cathy Prescott,Central,Office Supplies,Art,209.94,6,0.00,54.58
US-2014-167402,2014-01-14,2014,1,Cathy Prescott,Central,Office Supplies,Supplies,4164.05,5,0.00,83.28
US-2014-167402,2014-01-14,2014,1,Cathy Prescott,Central,Furniture,Bookcases,212.94,3,0.00,53.24
CA-2014-113278,2014-01-15,2014,1,Hallie Redmond,Central,Office Supplies,Storage,67.40,5,0.00,17.52
CA-2014-113278,2014-01-15,2014,1,Hallie Redmond,Central,Office Supplies,Fasteners,2.52,2,0.00,0.10
CA-2014-113278,2014-01-15,2014,1,Hallie Redmond,Central,Technology,Phones,67.80,4,0.00,1.36
CA-2014-113278,2014-01-15,2014,1,Hallie Redmond,Central,Office Supplies,Storage,18.76,2,0.00,5.25
CA-2014-113278,2014-01-15,2014,1,Hallie Redmond,Central,Technology,Accessories,12.12,4,0.00,2.55
CA-2014-113278,2014-01-15,2014,1,Hallie Redmond,Central,Office Supplies,Paper,11.34,1,0.00,5.56
CA-2014-113278,2014-01-15,2014,1,Hallie Redmond,Central,Technology,Accessories,159.80,4,0.00,70.31
CA-2014-113278,2014-01-15,2014,1,Hallie Redmond,Central,Furniture,Furnishings,18.96,2,0.00,8.53
CA-2014-127306,2014-01-15,2014,1,Brosina Hoffman,South,Office Supplies,Envelopes,18.34,3,0.20,6.65
CA-2014-127306,2014-01-15,2014,1,Brosina Hoffman,South,Office Supplies,Paper,36.29,7,0.20,12.70
CA-2014-127306,2014-01-15,2014,1,Brosina Hoffman,South,Technology,Phones,111.98,2,0.20,7.00
CA-2014-127306,2014-01-15,2014,1,Brosina Hoffman,South,Office Supplies,Binders,5.97,5,0.70,-4.58
CA-2014-127306,2014-01-15,2014,1,Brosina Hoffman,South,Office Supplies,Binders,2.51,2,0.70,-1.84
CA-2014-138779,2014-01-15,2014,1,Rob Beeghly,South,Office Supplies,Envelopes,21.74,1,0.20,7.34
CA-2014-138779,2014-01-15,2014,1,Rob Beeghly,South,Technology,Phones,7.92,5,0.20,0.69
CA-2014-149076,2014-01-15,2014,1,Sean O'Donnell,West,Office Supplies,Paper,154.90,5,0.00,69.71
US-2014-106131,2014-01-15,2014,1,Tracy Poddar,West,Technology,Accessories,169.06,7,0.20,-14.79
US-2014-106131,2014-01-15,2014,1,Tracy Poddar,West,Office Supplies,Storage,168.62,9,0.20,14.75
CA-2014-152961,2014-01-16,2014,1,Sanjit Chand,East,Office Supplies,Paper,12.70,2,0.00,5.84
CA-2014-160934,2014-01-16,2014,1,Tonja Turnell,West,Office Supplies,Art,21.40,5,0.00,6.21
CA-2014-167752,2014-01-16,2014,1,Robert Waldorf,East,Office Supplies,Appliances,34.38,1,0.20,3.87
CA-2014-167752,2014-01-16,2014,1,Robert Waldorf,East,Office Supplies,Appliances,1924.16,8,0.20,312.68
US-2014-104661,2014-01-16,2014,1,Tim Brockman,Central,Office Supplies,Binders,32.78,4,0.80,-52.45
US-2014-104661,2014-01-16,2014,1,Tim Brockman,Central,Technology,Accessories,47.98,2,0.20,14.40
US-2014-104661,2014-01-16,2014,1,Tim Brockman,Central,Technology,Accessories,62.59,8,0.20,13.30
US-2014-104661,2014-01-16,2014,1,Tim Brockman,Central,Office Supplies,Binders,4.28,1,0.80,-6.63
CA-2014-125913,2014-01-17,2014,1,Jack O'Briant,West,Furniture,Furnishings,27.92,4,0.00,8.10
CA-2014-125913,2014-01-17,2014,1,Jack O'Briant,West,Furniture,Tables,399.67,7,0.20,-14.99
CA-2014-138289,2014-01-17,2014,1,Andy Reiter,Central,Office Supplies,Binders,5443.96,4,0.00,2504.22
CA-2014-138289,2014-01-17,2014,1,Andy Reiter,Central,Furniture,Chairs,302.67,3,0.00,72.64
CA-2014-138289,2014-01-17,2014,1,Andy Reiter,Central,Office Supplies,Paper,56.07,7,0.00,25.23
CA-2014-153045,2014-01-20,2014,1,Neola Schneider,East,Technology,Phones,429.60,2,0.40,-93.08
CA-2014-153045,2014-01-20,2014,1,Neola Schneider,East,Furniture,Furnishings,31.97,2,0.20,6.39
CA-2014-153045,2014-01-20,2014,1,Neola Schneider,East,Furniture,Chairs,887.27,3,0.30,-63.38
CA-2014-153045,2014-01-20,2014,1,Neola Schneider,East,Office Supplies,Paper,21.70,4,0.20,7.05
CA-2014-154718,2014-01-20,2014,1,Dan Lawera,Central,Office Supplies,Labels,6.00,2,0.20,2.10
US-2014-127292,2014-01-20,2014,1,Raymond Messe,East,Office Supplies,Paper,79.92,4,0.00,37.56
US-2014-127292,2014-01-20,2014,1,Raymond Messe,East,Office Supplies,Paper,12.28,1,0.00,5.77
US-2014-127292,2014-01-20,2014,1,Raymond Messe,East,Office Supplies,Appliances,542.94,3,0.00,152.02
US-2014-127292,2014-01-20,2014,1,Raymond Messe,East,Office Supplies,Envelopes,2.04,1,0.00,0.96
CA-2014-144589,2014-01-21,2014,1,Tamara Manning,West,Office Supplies,Art,24.20,5,0.00,7.99
CA-2014-144589,2014-01-21,2014,1,Tamara Manning,West,Technology,Phones,359.98,3,0.20,130.49
CA-2014-152079,2014-01-21,2014,1,Maris LaWare,Central,Office Supplies,Labels,11.52,5,0.20,4.18
CA-2014-157252,2014-01-21,2014,1,Cynthia Voltz,East,Furniture,Chairs,207.85,3,0.10,2.31
CA-2014-161809,2014-01-21,2014,1,Thea Hendricks,West,Technology,Phones,160.78,3,0.20,10.05
US-2014-120649,2014-01-21,2014,1,Jeremy Farry,East,Office Supplies,Art,3.52,2,0.00,1.02
CA-2014-127026,2014-01-22,2014,1,Mick Hernandez,Central,Office Supplies,Binders,14.40,5,0.00,7.06
CA-2014-127026,2014-01-22,2014,1,Mick Hernandez,Central,Technology,Accessories,619.95,5,0.00,111.59
CA-2014-127026,2014-01-22,2014,1,Mick Hernandez,Central,Office Supplies,Binders,89.52,4,0.00,42.07
CA-2014-127026,2014-01-22,2014,1,Mick Hernandez,Central,Technology,Machines,350.97,3,0.10,152.09
CA-2014-127026,2014-01-22,2014,1,Mick Hernandez,Central,Technology,Phones,164.99,1,0.00,49.50
CA-2014-131954,2014-01-22,2014,1,Darrin Sayre,West,Office Supplies,Storage,242.94,3,0.00,9.72
CA-2014-131954,2014-01-22,2014,1,Darrin Sayre,West,Technology,Accessories,179.97,3,0.00,86.39
CA-2014-131954,2014-01-22,2014,1,Darrin Sayre,West,Office Supplies,Binders,99.70,6,0.20,33.65
CA-2014-131954,2014-01-22,2014,1,Darrin Sayre,West,Office Supplies,Binders,27.94,4,0.20,9.43
CA-2014-131954,2014-01-22,2014,1,Darrin Sayre,West,Furniture,Bookcases,84.98,1,0.00,18.70
CA-2014-131954,2014-01-22,2014,1,Darrin Sayre,West,Office Supplies,Binders,18.72,5,0.20,6.55
CA-2014-141782,2014-01-22,2014,1,Bobby Elias,Central,Office Supplies,Envelopes,268.58,4,0.20,90.64
CA-2014-160423,2014-01-22,2014,1,Penelope Sewall,South,Office Supplies,Storage,348.21,7,0.20,30.47
CA-2014-160423,2014-01-22,2014,1,Penelope Sewall,South,Office Supplies,Binders,35.78,7,0.70,-28.63
CA-2014-127432,2014-01-23,2014,1,Alan Dominguez,West,Technology,Copiers,2999.95,5,0.00,1379.98
CA-2014-127432,2014-01-23,2014,1,Alan Dominguez,West,Office Supplies,Storage,51.45,3,0.00,13.89
CA-2014-127432,2014-01-23,2014,1,Alan Dominguez,West,Office Supplies,Paper,11.96,2,0.00,5.38
CA-2014-127432,2014-01-23,2014,1,Alan Dominguez,West,Office Supplies,Storage,1126.02,3,0.00,56.30
CA-2014-152499,2014-01-23,2014,1,Edward Hooks,Central,Office Supplies,Fasteners,15.12,5,0.20,4.91
CA-2014-152499,2014-01-23,2014,1,Edward Hooks,Central,Office Supplies,Art,7.87,3,0.20,0.89
CA-2014-139080,2014-01-24,2014,1,Chris Selesnick,West,Office Supplies,Binders,19.68,5,0.20,6.89
CA-2014-139080,2014-01-24,2014,1,Chris Selesnick,West,Office Supplies,Paper,25.92,4,0.00,12.44
CA-2014-139080,2014-01-24,2014,1,Chris Selesnick,West,Office Supplies,Paper,6.48,1,0.00,3.11
CA-2014-139080,2014-01-24,2014,1,Chris Selesnick,West,Technology,Phones,86.35,6,0.20,8.64
CA-2014-145142,2014-01-24,2014,1,Matt Connell,Central,Furniture,Tables,210.98,2,0.00,21.10
CA-2014-161893,2014-01-24,2014,1,Harold Pawlan,West,Technology,Accessories,95.98,2,0.20,12.00
CA-2014-161893,2014-01-24,2014,1,Harold Pawlan,West,Office Supplies,Binders,4.94,2,0.70,-3.62
CA-2014-104619,2014-01-25,2014,1,Keith Dawkins,West,Office Supplies,Appliances,25.86,3,0.00,6.72
CA-2014-104619,2014-01-25,2014,1,Keith Dawkins,West,Office Supplies,Binders,276.78,2,0.20,89.95
CA-2014-104619,2014-01-25,2014,1,Keith Dawkins,West,Technology,Phones,110.35,3,0.20,8.28
CA-2014-119669,2014-01-25,2014,1,Theone Pippenger,South,Office Supplies,Fasteners,5.67,3,0.00,0.11
CA-2014-134649,2014-01-27,2014,1,Carol Adams,South,Office Supplies,Art,15.47,7,0.00,4.18
CA-2014-134649,2014-01-27,2014,1,Carol Adams,South,Office Supplies,Binders,7.16,2,0.00,3.44
CA-2014-150469,2014-01-27,2014,1,Caroline Jumper,West,Office Supplies,Fasteners,11.84,8,0.00,5.68
CA-2014-164098,2014-01-27,2014,1,Claire Gute,Central,Office Supplies,Storage,18.16,2,0.20,1.82
US-2014-105935,2014-01-27,2014,1,Bradley Drucker,South,Furniture,Furnishings,62.72,4,0.00,24.46
US-2014-105935,2014-01-27,2014,1,Bradley Drucker,South,Technology,Phones,2939.93,7,0.00,764.38
CA-2014-117870,2014-01-28,2014,1,John Huston,East,Office Supplies,Art,14.02,3,0.20,1.75
CA-2014-117870,2014-01-28,2014,1,John Huston,East,Technology,Accessories,71.98,3,0.20,-9.00
CA-2014-117870,2014-01-28,2014,1,John Huston,East,Technology,Phones,107.98,3,0.40,-27.00
US-2014-104437,2014-01-28,2014,1,Toby Gnade,East,Technology,Phones,137.94,3,0.00,35.86
CA-2014-115994,2014-01-29,2014,1,Beth Thompson,West,Technology,Accessories,239.97,3,0.00,26.40
CA-2014-115994,2014-01-29,2014,1,Beth Thompson,West,Furniture,Furnishings,37.74,3,0.00,12.83
US-2014-147984,2014-01-29,2014,1,Giulietta Baptist,Central,Office Supplies,Paper,279.90,5,0.00,137.15
US-2014-166037,2014-01-29,2014,1,Craig Leslie,East,Technology,Accessories,449.91,9,0.00,157.47
CA-2014-131653,2014-01-30,2014,1,Rob Dowd,East,Office Supplies,Labels,5.22,2,0.00,2.40
CA-2014-139304,2014-01-30,2014,1,Vivek Gonzalez,West,Office Supplies,Art,8.34,3,0.00,2.17
CA-2014-139304,2014-01-30,2014,1,Vivek Gonzalez,West,Office Supplies,Supplies,8.57,1,0.00,2.23
CA-2014-139304,2014-01-30,2014,1,Vivek Gonzalez,West,Office Supplies,Binders,119.62,8,0.20,40.37
CA-2014-145338,2014-01-30,2014,1,Bryan Davis,East,Office Supplies,Art,4.77,2,0.20,0.48
CA-2014-160927,2014-01-30,2014,1,Tamara Manning,Central,Office Supplies,Paper,12.96,2,0.00,6.22
CA-2014-160927,2014-01-30,2014,1,Tamara Manning,Central,Office Supplies,Paper,94.85,5,0.00,45.53
CA-2014-160927,2014-01-30,2014,1,Tamara Manning,Central,Office Supplies,Storage,13.48,1,0.00,3.50
CA-2014-160927,2014-01-30,2014,1,Tamara Manning,Central,Furniture,Furnishings,14.91,3,0.00,4.62
US-2014-127341,2014-01-30,2014,1,Clytie Kelty,Central,Office Supplies,Binders,12.13,4,0.80,-20.62
CA-2014-104220,2014-01-31,2014,1,Benjamin Venier,Central,Office Supplies,Binders,18.28,2,0.00,9.14
CA-2014-104220,2014-01-31,2014,1,Benjamin Venier,Central,Technology,Phones,207.00,3,0.00,51.75
CA-2014-104220,2014-01-31,2014,1,Benjamin Venier,Central,Office Supplies,Binders,32.35,5,0.00,16.18
CA-2014-104220,2014-01-31,2014,1,Benjamin Venier,Central,Office Supplies,Binders,7.71,1,0.00,3.47
CA-2014-104220,2014-01-31,2014,1,Benjamin Venier,Central,Office Supplies,Art,40.30,2,0.00,10.88
CA-2014-104220,2014-01-31,2014,1,Benjamin Venier,Central,Furniture,Furnishings,34.58,7,0.00,14.52
CA-2014-112725,2014-01-31,2014,1,Eugene Hildebrand,West,Office Supplies,Art,12.74,7,0.00,5.73
CA-2014-112725,2014-01-31,2014,1,Eugene Hildebrand,West,Office Supplies,Art,8.82,3,0.00,2.38
CA-2014-112725,2014-01-31,2014,1,Eugene Hildebrand,West,Furniture,Chairs,120.78,1,0.20,-13.59
CA-2014-121790,2014-01-31,2014,1,Liz Preis,Central,Furniture,Tables,69.38,1,0.50,-47.18
CA-2014-121790,2014-01-31,2014,1,Liz Preis,Central,Office Supplies,Supplies,31.68,4,0.20,2.77
CA-2014-121790,2014-01-31,2014,1,Liz Preis,Central,Technology,Phones,2003.17,4,0.20,250.40
CA-2014-121790,2014-01-31,2014,1,Liz Preis,Central,Office Supplies,Art,9.34,2,0.20,3.15
CA-2014-148999,2014-01-31,2014,1,Emily Burns,South,Furniture,Chairs,419.14,4,0.20,-68.11
CA-2014-157273,2014-01-31,2014,1,Sam Zeldin,West,Technology,Phones,604.77,4,0.20,60.48
CA-2014-164329,2014-01-31,2014,1,Michael Moore,West,Office Supplies,Storage,129.30,2,0.00,6.47
CA-2014-128076,2014-02-03,2014,2,Bill Overfelt,West,Furniture,Furnishings,210.58,2,0.00,12.63
CA-2014-128076,2014-02-03,2014,2,Bill Overfelt,West,Office Supplies,Binders,30.96,2,0.20,10.06
CA-2014-128076,2014-02-03,2014,2,Bill Overfelt,West,Technology,Machines,239.98,2,0.20,39.00
CA-2014-161333,2014-02-03,2014,2,John Lee,West,Furniture,Furnishings,86.26,2,0.00,29.33
CA-2014-161333,2014-02-03,2014,2,John Lee,West,Office Supplies,Storage,139.04,4,0.00,38.93
CA-2014-161333,2014-02-03,2014,2,John Lee,West,Office Supplies,Appliances,46.80,4,0.00,16.38
US-2014-164147,2014-02-03,2014,2,Dorothy Wardle,East,Technology,Phones,59.97,5,0.40,-11.99
US-2014-164147,2014-02-03,2014,2,Dorothy Wardle,East,Office Supplies,Paper,78.30,2,0.20,29.36
US-2014-164147,2014-02-03,2014,2,Dorothy Wardle,East,Office Supplies,Fasteners,21.46,9,0.20,6.97
CA-2014-126354,2014-02-04,2014,2,Shahid Collister,South,Office Supplies,Binders,3.88,2,0.70,-2.59
CA-2014-126354,2014-02-04,2014,2,Shahid Collister,South,Office Supplies,Paper,115.30,3,0.20,40.35
CA-2014-127474,2014-02-04,2014,2,Ross DeVincentis,Central,Office Supplies,Paper,5.18,1,0.20,1.81
CA-2014-127474,2014-02-04,2014,2,Ross DeVincentis,Central,Office Supplies,Paper,65.58,2,0.20,23.77
CA-2014-127474,2014-02-04,2014,2,Ross DeVincentis,Central,Furniture,Furnishings,22.20,1,0.60,-26.09
CA-2014-127474,2014-02-04,2014,2,Ross DeVincentis,Central,Office Supplies,Paper,419.40,5,0.20,146.79
CA-2014-167703,2014-02-04,2014,2,Matt Collins,East,Office Supplies,Binders,5.23,3,0.70,-4.18
CA-2014-167703,2014-02-04,2014,2,Matt Collins,East,Office Supplies,Storage,285.55,2,0.20,35.69
CA-2014-169474,2014-02-05,2014,2,Jay Fein,East,Office Supplies,Appliances,32.67,3,0.00,8.49
CA-2014-107517,2014-02-06,2014,2,Fred Chung,West,Office Supplies,Appliances,1640.70,5,0.00,459.40
CA-2014-107517,2014-02-06,2014,2,Fred Chung,West,Technology,Phones,371.20,5,0.20,41.76
CA-2014-131282,2014-02-06,2014,2,Cassandra Brandow,Central,Office Supplies,Binders,243.99,4,0.80,-426.99
CA-2014-131282,2014-02-06,2014,2,Cassandra Brandow,Central,Office Supplies,Art,7.12,5,0.20,0.71
CA-2014-115105,2014-02-07,2014,2,Bryan Davis,East,Furniture,Bookcases,240.78,1,0.20,30.10
CA-2014-122994,2014-02-07,2014,2,Mark Van Huff,South,Furniture,Bookcases,359.97,3,0.00,79.19
CA-2014-154102,2014-02-07,2014,2,Skye Norling,West,Office Supplies,Paper,29.90,5,0.00,13.46
US-2014-101840,2014-02-07,2014,2,Sibella Parks,East,Technology,Phones,227.46,6,0.00,65.96
US-2014-101840,2014-02-07,2014,2,Sibella Parks,East,Office Supplies,Binders,46.24,4,0.20,15.61
CA-2014-118773,2014-02-10,2014,2,Tom Prescott,Central,Office Supplies,Binders,252.78,4,0.80,-417.09
CA-2014-118773,2014-02-10,2014,2,Tom Prescott,Central,Technology,Accessories,127.98,2,0.20,16.00
CA-2014-118773,2014-02-10,2014,2,Tom Prescott,Central,Furniture,Furnishings,3.98,2,0.60,-2.69
CA-2014-118773,2014-02-10,2014,2,Tom Prescott,Central,Office Supplies,Appliances,12.99,2,0.80,-32.48
CA-2014-145807,2014-02-10,2014,2,Sarah Bern,West,Office Supplies,Storage,354.90,5,0.00,17.75
CA-2014-150602,2014-02-10,2014,2,Marina Lichtenstein,West,Furniture,Furnishings,21.12,4,0.00,6.55
CA-2014-123659,2014-02-11,2014,2,Michael Nguyen,East,Office Supplies,Paper,23.12,4,0.00,11.33
CA-2014-124086,2014-02-11,2014,2,Mike Pelletier,West,Furniture,Bookcases,203.98,2,0.15,16.80
CA-2014-116204,2014-02-12,2014,2,Victoria Wilson,West,Office Supplies,Binders,21.34,7,0.20,7.73
CA-2014-131828,2014-02-12,2014,2,Cari Sayre,West,Furniture,Chairs,963.14,4,0.20,108.35
CA-2014-131828,2014-02-12,2014,2,Cari Sayre,West,Technology,Phones,88.78,3,0.20,7.77
CA-2014-138156,2014-02-12,2014,2,Magdelene Morse,East,Furniture,Furnishings,147.57,2,0.20,-3.69
US-2014-118535,2014-02-12,2014,2,Don Jones,East,Office Supplies,Labels,20.70,2,0.00,9.94
CA-2014-104801,2014-02-14,2014,2,Fred Harton,West,Office Supplies,Art,6.63,3,0.00,1.79
CA-2014-104801,2014-02-14,2014,2,Fred Harton,West,Technology,Accessories,799.96,4,0.00,343.98
CA-2014-104801,2014-02-14,2014,2,Fred Harton,West,Furniture,Furnishings,107.53,1,0.00,21.51
CA-2014-104906,2014-02-14,2014,2,Jennifer Patt,East,Office Supplies,Paper,17.94,3,0.00,8.79
CA-2014-151176,2014-02-14,2014,2,Stewart Visinsky,East,Office Supplies,Supplies,25.02,3,0.00,6.51
CA-2014-151176,2014-02-14,2014,2,Stewart Visinsky,East,Office Supplies,Art,10.71,3,0.00,2.78
CA-2014-154809,2014-02-14,2014,2,Mark Hamilton,Central,Office Supplies,Appliances,90.64,8,0.00,38.98
CA-2014-118521,2014-02-17,2014,2,Luke Foster,East,Office Supplies,Paper,37.94,2,0.00,18.21
CA-2014-120019,2014-02-17,2014,2,Nat Gilpin,East,Office Supplies,Storage,579.51,3,0.00,81.13
CA-2014-120019,2014-02-17,2014,2,Nat Gilpin,East,Technology,Phones,14.99,1,0.00,7.35
CA-2014-163265,2014-02-17,2014,2,Joy Smith,Central,Office Supplies,Fasteners,18.37,2,0.20,6.20
CA-2014-163265,2014-02-17,2014,2,Joy Smith,Central,Furniture,Chairs,600.56,3,0.30,-8.58
CA-2014-163265,2014-02-17,2014,2,Joy Smith,Central,Office Supplies,Storage,50.35,3,0.20,-8.18
CA-2014-163265,2014-02-17,2014,2,Joy Smith,Central,Office Supplies,Art,28.03,6,0.20,3.50
CA-2014-163265,2014-02-17,2014,2,Joy Smith,Central,Furniture,Furnishings,7.69,1,0.60,-3.65
CA-2014-109085,2014-02-18,2014,2,Christine Kargatis,East,Furniture,Tables,455.97,5,0.40,-106.39
CA-2014-109085,2014-02-18,2014,2,Christine Kargatis,East,Office Supplies,Binders,5.72,5,0.70,-4.76
CA-2014-109085,2014-02-18,2014,2,Christine Kargatis,East,Technology,Phones,57.59,1,0.40,-11.52
CA-2014-109085,2014-02-18,2014,2,Christine Kargatis,East,Furniture,Furnishings,30.14,2,0.20,8.29
CA-2014-109085,2014-02-18,2014,2,Christine Kargatis,East,Furniture,Chairs,899.43,5,0.30,-12.85
CA-2014-132647,2014-02-18,2014,2,Gary Hansen,East,Office Supplies,Paper,11.76,2,0.00,5.76
CA-2014-132647,2014-02-18,2014,2,Gary Hansen,East,Office Supplies,Storage,166.45,5,0.00,39.95
CA-2014-154039,2014-02-18,2014,2,Julie Kriz,Central,Furniture,Tables,480.96,3,0.50,-269.34
CA-2014-154039,2014-02-18,2014,2,Julie Kriz,Central,Technology,Phones,124.79,1,0.20,10.92
CA-2014-159149,2014-02-18,2014,2,Cyra Reiten,Central,Furniture,Bookcases,89.07,1,0.32,-17.03
CA-2014-159149,2014-02-18,2014,2,Cyra Reiten,Central,Office Supplies,Art,175.44,6,0.20,52.63
CA-2014-159149,2014-02-18,2014,2,Cyra Reiten,Central,Technology,Phones,438.34,4,0.20,-87.67
US-2014-163195,2014-02-18,2014,2,Lauren Leatherbury,South,Technology,Phones,29.16,3,0.00,8.46
CA-2014-164707,2014-02-19,2014,2,Cynthia Voltz,West,Technology,Phones,167.98,3,0.20,10.50
CA-2014-164707,2014-02-19,2014,2,Cynthia Voltz,West,Technology,Accessories,109.53,3,0.00,47.10
CA-2014-164707,2014-02-19,2014,2,Cynthia Voltz,West,Office Supplies,Labels,9.82,2,0.00,4.81
CA-2014-122693,2014-02-20,2014,2,Nicole Hansen,South,Office Supplies,Appliances,1245.86,7,0.00,361.30
CA-2014-134838,2014-02-20,2014,2,Emily Ducich,West,Office Supplies,Art,12.84,3,0.00,3.47
CA-2014-134838,2014-02-20,2014,2,Emily Ducich,West,Furniture,Furnishings,44.67,3,0.00,12.06
CA-2014-166415,2014-02-20,2014,2,Max Engle,West,Office Supplies,Fasteners,11.22,3,0.00,0.22
CA-2014-105445,2014-02-21,2014,2,Bart Pistole,West,Office Supplies,Fasteners,9.43,3,0.20,3.07
CA-2014-105809,2014-02-21,2014,2,Helen Wasserman,West,Furniture,Furnishings,22.23,1,0.00,7.34
CA-2014-105809,2014-02-21,2014,2,Helen Wasserman,West,Technology,Phones,215.97,2,0.20,18.90
CA-2014-135937,2014-02-21,2014,2,Katherine Murray,West,Technology,Phones,333.58,3,0.20,25.02
CA-2014-135937,2014-02-21,2014,2,Katherine Murray,West,Technology,Accessories,31.99,1,0.20,4.80
CA-2014-135937,2014-02-21,2014,2,Katherine Murray,West,Office Supplies,Storage,51.17,2,0.20,-6.40
CA-2014-135937,2014-02-21,2014,2,Katherine Murray,West,Office Supplies,Envelopes,10.64,5,0.20,3.86
CA-2014-135937,2014-02-21,2014,2,Katherine Murray,West,Furniture,Furnishings,68.70,2,0.20,16.32
CA-2014-135937,2014-02-21,2014,2,Katherine Murray,West,Furniture,Tables,386.91,9,0.50,-185.72
CA-2014-150525,2014-02-21,2014,2,Julie Prescott,Central,Office Supplies,Art,6.56,2,0.00,1.90
CA-2014-150525,2014-02-21,2014,2,Julie Prescott,Central,Office Supplies,Appliances,13.11,3,0.00,3.41
CA-2014-124940,2014-02-22,2014,2,Dave Kipp,Central,Technology,Accessories,47.90,1,0.20,-2.99
CA-2014-104647,2014-02-24,2014,2,Clytie Kelty,West,Office Supplies,Paper,37.44,6,0.00,16.85
CA-2014-136007,2014-02-24,2014,2,Ann Chong,West,Office Supplies,Fasteners,8.40,5,0.00,0.34
CA-2014-136007,2014-02-24,2014,2,Ann Chong,West,Technology,Phones,71.96,5,0.20,25.19
CA-2014-111374,2014-02-25,2014,2,Christy Brittain,East,Office Supplies,Binders,4.96,4,0.70,-3.80
CA-2014-127397,2014-02-25,2014,2,Erin Smith,East,Office Supplies,Paper,123.92,5,0.20,38.73
CA-2014-127397,2014-02-25,2014,2,Erin Smith,East,Technology,Accessories,1319.80,5,0.20,214.47
CA-2014-125878,2014-02-26,2014,2,Michelle Huthwaite,Central,Office Supplies,Binders,1.79,3,0.80,-3.04
US-2014-134642,2014-02-26,2014,2,Scot Wooten,South,Furniture,Chairs,196.78,2,0.20,-22.14
US-2014-134642,2014-02-26,2014,2,Scot Wooten,South,Furniture,Bookcases,231.92,5,0.20,5.80
CA-2014-117212,2014-02-27,2014,2,Bradley Talbott,West,Office Supplies,Appliances,81.92,4,0.00,22.12
CA-2014-117212,2014-02-27,2014,2,Bradley Talbott,West,Technology,Phones,889.54,8,0.20,66.72
CA-2014-117212,2014-02-27,2014,2,Bradley Talbott,West,Furniture,Chairs,892.22,3,0.20,89.22
CA-2014-117212,2014-02-27,2014,2,Bradley Talbott,West,Office Supplies,Paper,223.92,4,0.00,109.72
CA-2014-117212,2014-02-27,2014,2,Bradley Talbott,West,Office Supplies,Paper,23.12,4,0.00,11.33
CA-2014-121258,2014-02-27,2014,2,Dave Brooks,West,Furniture,Furnishings,91.96,2,0.00,15.63
CA-2014-121258,2014-02-27,2014,2,Dave Brooks,West,Technology,Phones,258.58,2,0.20,19.39
CA-2014-121258,2014-02-27,2014,2,Dave Brooks,West,Office Supplies,Paper,29.60,4,0.00,13.32
CA-2014-121706,2014-02-27,2014,2,Becky Martin,West,Office Supplies,Appliances,356.79,7,0.00,99.90
CA-2014-101959,2014-03-01,2014,3,Duane Benoit,East,Office Supplies,Binders,9.84,2,0.00,4.72
CA-2014-101959,2014-03-01,2014,3,Duane Benoit,East,Office Supplies,Paper,7.78,1,0.00,3.50
CA-2014-104885,2014-03-03,2014,3,Dorothy Badders,East,Office Supplies,Art,59.52,3,0.00,15.48
CA-2014-104885,2014-03-03,2014,3,Dorothy Badders,East,Office Supplies,Envelopes,57.96,7,0.00,27.24
CA-2014-104885,2014-03-03,2014,3,Dorothy Badders,East,Furniture,Bookcases,441.96,2,0.00,101.65
CA-2014-104885,2014-03-03,2014,3,Dorothy Badders,East,Office Supplies,Paper,68.04,6,0.00,33.34
CA-2014-124114,2014-03-03,2014,3,Roland Schwarz,Central,Office Supplies,Binders,0.56,1,0.80,-0.95
CA-2014-146024,2014-03-03,2014,3,Stewart Carmichael,Central,Office Supplies,Supplies,6.98,4,0.20,-1.40
CA-2014-146024,2014-03-03,2014,3,Stewart Carmichael,Central,Office Supplies,Binders,12.22,7,0.80,-20.17
CA-2014-152261,2014-03-03,2014,3,Joseph Airdo,East,Office Supplies,Binders,18.53,4,0.70,-12.35
CA-2014-155712,2014-03-03,2014,3,Ken Dana,West,Office Supplies,Binders,107.65,2,0.20,33.64
CA-2014-163902,2014-03-03,2014,3,Maribeth Yedwab,West,Technology,Phones,196.78,3,0.20,14.76
CA-2014-163902,2014-03-03,2014,3,Maribeth Yedwab,West,Technology,Accessories,479.94,6,0.00,52.79
CA-2014-111815,2014-03-04,2014,3,Emily Phan,Central,Furniture,Chairs,180.98,1,0.00,47.05
CA-2014-111815,2014-03-04,2014,3,Emily Phan,Central,Technology,Accessories,99.98,2,0.00,42.99
CA-2014-117513,2014-03-04,2014,3,Bill Tyler,West,Furniture,Tables,399.67,7,0.20,-14.99
CA-2014-121804,2014-03-04,2014,3,Liz Preis,South,Office Supplies,Appliances,72.80,5,0.00,19.66
CA-2014-123085,2014-03-04,2014,3,Ed Jacobs,West,Technology,Accessories,1049.44,8,0.00,440.76
CA-2014-123085,2014-03-04,2014,3,Ed Jacobs,West,Furniture,Chairs,170.35,3,0.20,-17.04
CA-2014-127621,2014-03-04,2014,3,Richard Eichhorn,Central,Office Supplies,Paper,26.88,8,0.20,9.74
CA-2014-110478,2014-03-05,2014,3,Sung Pak,West,Office Supplies,Art,9.32,4,0.00,2.70
CA-2014-110478,2014-03-05,2014,3,Sung Pak,West,Office Supplies,Envelopes,15.25,1,0.00,7.02
CA-2014-142174,2014-03-05,2014,3,Darren Powers,Central,Office Supplies,Paper,89.57,2,0.20,32.47
US-2014-119816,2014-03-05,2014,3,Tonja Turnell,Central,Furniture,Furnishings,103.50,5,0.60,-77.63
US-2014-119816,2014-03-05,2014,3,Tonja Turnell,Central,Office Supplies,Labels,2.46,1,0.20,0.86
US-2014-119816,2014-03-05,2014,3,Tonja Turnell,Central,Office Supplies,Storage,8.72,1,0.20,0.65
CA-2014-147753,2014-03-06,2014,3,Pete Kriz,Central,Office Supplies,Labels,25.06,2,0.00,11.78
CA-2014-161046,2014-03-06,2014,3,Claudia Bergmann,South,Office Supplies,Envelopes,42.68,4,0.00,19.63
CA-2014-161046,2014-03-06,2014,3,Claudia Bergmann,South,Technology,Accessories,299.97,3,0.00,125.99
CA-2014-161046,2014-03-06,2014,3,Claudia Bergmann,South,Office Supplies,Appliances,262.24,2,0.00,78.67
CA-2014-161046,2014-03-06,2014,3,Claudia Bergmann,South,Office Supplies,Binders,234.36,6,0.00,112.49
CA-2014-168123,2014-03-06,2014,3,Julia Dunbar,Central,Office Supplies,Fasteners,7.90,2,0.00,2.53
CA-2014-168123,2014-03-06,2014,3,Julia Dunbar,Central,Office Supplies,Storage,221.16,4,0.00,57.50
CA-2014-168123,2014-03-06,2014,3,Julia Dunbar,Central,Office Supplies,Binders,127.96,2,0.00,62.70
CA-2014-168123,2014-03-06,2014,3,Julia Dunbar,Central,Office Supplies,Binders,18.69,3,0.00,9.16
CA-2014-125101,2014-03-07,2014,3,Sally Hughsby,West,Office Supplies,Storage,67.78,2,0.00,16.95
CA-2014-148642,2014-03-07,2014,3,Don Weiss,Central,Office Supplies,Labels,4.93,2,0.20,1.72
CA-2014-148642,2014-03-07,2014,3,Don Weiss,Central,Office Supplies,Art,63.49,4,0.20,4.76
CA-2014-167640,2014-03-07,2014,3,Frank Carlisle,West,Office Supplies,Art,23.88,6,0.00,8.12
CA-2014-167640,2014-03-07,2014,3,Frank Carlisle,West,Office Supplies,Labels,11.52,4,0.00,5.64
CA-2014-167640,2014-03-07,2014,3,Frank Carlisle,West,Office Supplies,Paper,286.93,7,0.00,140.60
CA-2014-167640,2014-03-07,2014,3,Frank Carlisle,West,Technology,Phones,206.38,2,0.20,23.22
CA-2014-168193,2014-03-07,2014,3,Roland Murray,East,Office Supplies,Paper,26.38,1,0.00,12.13
CA-2014-168193,2014-03-07,2014,3,Roland Murray,East,Furniture,Furnishings,71.97,3,0.00,16.55
US-2014-119039,2014-03-07,2014,3,Ben Ferrer,West,Office Supplies,Binders,14.98,9,0.20,5.43
CA-2014-110884,2014-03-08,2014,3,Shahid Hopkins,East,Office Supplies,Binders,25.92,6,0.20,9.07
CA-2014-110884,2014-03-08,2014,3,Shahid Hopkins,East,Office Supplies,Labels,91.59,3,0.00,42.13
CA-2014-136672,2014-03-08,2014,3,Michael Granlund,East,Technology,Accessories,49.08,3,0.00,4.91
CA-2014-104080,2014-03-09,2014,3,Alan Hwang,West,Office Supplies,Binders,171.20,5,0.20,64.20
CA-2014-104080,2014-03-09,2014,3,Alan Hwang,West,Office Supplies,Art,3.36,2,0.00,0.87
CA-2014-155698,2014-03-09,2014,3,Victoria Brennan,South,Office Supplies,Appliances,647.84,8,0.00,168.44
CA-2014-155698,2014-03-09,2014,3,Victoria Brennan,South,Office Supplies,Labels,20.70,2,0.00,9.94
CA-2014-102834,2014-03-10,2014,3,Lindsay Williams,West,Technology,Accessories,199.98,2,0.00,69.99
CA-2014-147354,2014-03-10,2014,3,Karl Braun,West,Technology,Copiers,479.98,2,0.20,60.00
CA-2014-147354,2014-03-10,2014,3,Karl Braun,West,Office Supplies,Binders,30.84,5,0.20,9.64
CA-2014-130967,2014-03-11,2014,3,Emily Burns,East,Technology,Phones,53.98,3,0.40,-10.80
CA-2014-132290,2014-03-11,2014,3,Maribeth Dona,Central,Furniture,Tables,933.41,4,0.30,-173.35
CA-2014-140494,2014-03-11,2014,3,Candace McMahon,West,Technology,Accessories,111.96,4,0.00,21.27
CA-2014-144638,2014-03-11,2014,3,Mick Hernandez,East,Office Supplies,Art,5.25,2,0.20,0.59
CA-2014-144638,2014-03-11,2014,3,Mick Hernandez,East,Technology,Phones,35.91,3,0.40,-8.38
CA-2014-144638,2014-03-11,2014,3,Mick Hernandez,East,Furniture,Furnishings,6.70,1,0.20,0.50
CA-2014-144638,2014-03-11,2014,3,Mick Hernandez,East,Furniture,Furnishings,43.87,2,0.20,11.52
CA-2014-155824,2014-03-11,2014,3,Karen Seio,South,Office Supplies,Appliances,48.78,1,0.20,3.66
CA-2014-155824,2014-03-11,2014,3,Karen Seio,South,Office Supplies,Binders,13.09,4,0.70,-10.04
CA-2014-147291,2014-03-12,2014,3,Max Jones,Central,Office Supplies,Binders,895.92,4,0.00,421.08
US-2014-133081,2014-03-12,2014,3,Paul Van Hugh,East,Technology,Accessories,63.88,4,0.00,24.91
US-2014-133081,2014-03-12,2014,3,Paul Van Hugh,East,Furniture,Furnishings,26.72,1,0.00,11.76
US-2014-141558,2014-03-12,2014,3,Marc Harrigan,East,Technology,Phones,776.85,5,0.40,-181.27
US-2014-141558,2014-03-12,2014,3,Marc Harrigan,East,Office Supplies,Binders,12.29,1,0.70,-8.61
US-2014-141558,2014-03-12,2014,3,Marc Harrigan,East,Furniture,Tables,154.76,3,0.40,-46.43
US-2014-141558,2014-03-12,2014,3,Marc Harrigan,East,Office Supplies,Storage,43.28,1,0.20,3.25
CA-2014-116288,2014-03-13,2014,3,Bill Stewart,West,Office Supplies,Storage,242.94,3,0.00,9.72
CA-2014-152786,2014-03-13,2014,3,Guy Armstrong,South,Office Supplies,Binders,40.41,9,0.00,18.59
CA-2014-159352,2014-03-13,2014,3,Ken Black,East,Technology,Phones,69.93,7,0.00,32.17
CA-2014-105851,2014-03-14,2014,3,Sanjit Engle,West,Office Supplies,Supplies,1332.50,2,0.20,-299.81
CA-2014-106859,2014-03-14,2014,3,Benjamin Farhat,West,Office Supplies,Storage,90.80,8,0.00,25.42
CA-2014-106859,2014-03-14,2014,3,Benjamin Farhat,West,Technology,Phones,140.74,8,0.20,49.26
CA-2014-106859,2014-03-14,2014,3,Benjamin Farhat,West,Technology,Accessories,214.95,5,0.00,88.13
CA-2014-106859,2014-03-14,2014,3,Benjamin Farhat,West,Office Supplies,Paper,45.36,7,0.00,21.77
CA-2014-106859,2014-03-14,2014,3,Benjamin Farhat,West,Office Supplies,Paper,288.24,6,0.00,138.36
CA-2014-107713,2014-03-14,2014,3,Joy Bell-,East,Office Supplies,Binders,174.30,3,0.00,81.92
CA-2014-153843,2014-03-14,2014,3,Shahid Collister,East,Office Supplies,Binders,30.88,2,0.00,15.44
CA-2014-153843,2014-03-14,2014,3,Shahid Collister,East,Office Supplies,Appliances,465.16,2,0.00,120.94
CA-2014-153843,2014-03-14,2014,3,Shahid Collister,East,Office Supplies,Paper,27.12,4,0.00,12.48
CA-2014-157966,2014-03-14,2014,3,Stephanie Ulpright,Central,Office Supplies,Art,19.46,4,0.20,2.19
CA-2014-157966,2014-03-14,2014,3,Stephanie Ulpright,Central,Technology,Machines,209.99,2,0.30,9.00
CA-2014-157966,2014-03-14,2014,3,Stephanie Ulpright,Central,Office Supplies,Art,29.76,5,0.20,1.86
CA-2014-157966,2014-03-14,2014,3,Stephanie Ulpright,Central,Furniture,Chairs,89.77,1,0.30,-2.56
CA-2014-157966,2014-03-14,2014,3,Stephanie Ulpright,Central,Technology,Copiers,959.98,2,0.20,335.99
CA-2014-157966,2014-03-14,2014,3,Stephanie Ulpright,Central,Office Supplies,Paper,15.55,3,0.20,5.64
CA-2014-157966,2014-03-14,2014,3,Stephanie Ulpright,Central,Technology,Phones,34.36,1,0.20,-7.30
CA-2014-162474,2014-03-14,2014,3,Frank Hawley,Central,Technology,Phones,7.99,1,0.20,2.60
CA-2014-166296,2014-03-14,2014,3,Karen Ferguson,West,Office Supplies,Paper,314.55,3,0.00,150.98
US-2014-146906,2014-03-14,2014,3,Meg Tillman,East,Technology,Phones,299.90,2,0.00,74.98
CA-2014-114370,2014-03-15,2014,3,Brad Norvell,Central,Technology,Phones,49.62,2,0.20,4.96
CA-2014-129294,2014-03-17,2014,3,Ken Dana,West,Office Supplies,Storage,310.12,2,0.00,80.63
CA-2014-129294,2014-03-17,2014,3,Ken Dana,West,Office Supplies,Binders,70.46,6,0.20,22.90
CA-2014-129294,2014-03-17,2014,3,Ken Dana,West,Office Supplies,Binders,19.68,5,0.20,6.89
CA-2014-129294,2014-03-17,2014,3,Ken Dana,West,Office Supplies,Appliances,140.67,3,0.00,54.86
CA-2014-152135,2014-03-17,2014,3,Matthew Grinstein,East,Technology,Phones,445.44,8,0.40,-81.66
CA-2014-161172,2014-03-17,2014,3,Susan Pistek,East,Technology,Phones,44.38,2,0.40,-7.40
CA-2014-161172,2014-03-17,2014,3,Susan Pistek,East,Furniture,Furnishings,51.26,6,0.20,7.69
CA-2014-161172,2014-03-17,2014,3,Susan Pistek,East,Office Supplies,Binders,5.19,3,0.70,-3.46
CA-2014-161172,2014-03-17,2014,3,Susan Pistek,East,Technology,Accessories,159.98,2,0.20,44.00
CA-2014-161172,2014-03-17,2014,3,Susan Pistek,East,Office Supplies,Storage,54.22,2,0.20,3.39
US-2014-101539,2014-03-17,2014,3,Valerie Mitchum,West,Office Supplies,Paper,6.48,1,0.00,3.11
US-2014-101539,2014-03-17,2014,3,Valerie Mitchum,West,Office Supplies,Storage,46.51,1,0.00,1.86
US-2014-101539,2014-03-17,2014,3,Valerie Mitchum,West,Technology,Phones,659.98,3,0.20,49.50
CA-2014-129567,2014-03-18,2014,3,Clay Ludtke,West,Office Supplies,Binders,17.46,2,0.20,5.89
CA-2014-140949,2014-03-18,2014,3,Denny Blanton,East,Office Supplies,Labels,18.75,5,0.00,9.00
CA-2014-140949,2014-03-18,2014,3,Denny Blanton,East,Technology,Phones,119.70,6,0.00,31.12
CA-2014-140949,2014-03-18,2014,3,Denny Blanton,East,Office Supplies,Binders,9.14,3,0.20,3.09
CA-2014-140949,2014-03-18,2014,3,Denny Blanton,East,Technology,Accessories,57.06,3,0.00,18.26
CA-2014-140949,2014-03-18,2014,3,Denny Blanton,East,Technology,Accessories,71.60,8,0.00,13.60
CA-2014-140949,2014-03-18,2014,3,Denny Blanton,East,Office Supplies,Storage,107.44,8,0.00,27.93
CA-2014-140949,2014-03-18,2014,3,Denny Blanton,East,Office Supplies,Labels,7.31,1,0.00,3.44
CA-2014-140949,2014-03-18,2014,3,Denny Blanton,East,Office Supplies,Art,59.10,6,0.00,22.46
CA-2014-140949,2014-03-18,2014,3,Denny Blanton,East,Office Supplies,Storage,46.53,3,0.00,12.10
CA-2014-142867,2014-03-18,2014,3,Philisse Overcash,Central,Office Supplies,Binders,13.78,6,0.80,-22.04
CA-2014-142867,2014-03-18,2014,3,Philisse Overcash,Central,Office Supplies,Paper,10.27,3,0.20,3.21
US-2014-129224,2014-03-18,2014,3,Ann Steele,South,Office Supplies,Labels,4.61,2,0.20,1.67
CA-2014-122007,2014-03-19,2014,3,Jason Klamczynski,West,Office Supplies,Appliances,90.86,7,0.00,26.35
CA-2014-143084,2014-03-19,2014,3,Barry Pond,West,Office Supplies,Art,13.90,5,0.00,3.75
CA-2014-143084,2014-03-19,2014,3,Barry Pond,West,Office Supplies,Envelopes,19.40,5,0.00,9.31
CA-2014-148145,2014-03-19,2014,3,Scott Williamson,West,Office Supplies,Art,46.20,4,0.00,21.25
CA-2014-160087,2014-03-19,2014,3,Edward Nazzal,Central,Office Supplies,Art,23.83,3,0.20,6.55
CA-2014-162075,2014-03-19,2014,3,Thomas Thornton,Central,Technology,Phones,537.54,7,0.20,47.04
US-2014-119438,2014-03-19,2014,3,Carol Darley,Central,Office Supplies,Appliances,2.69,3,0.80,-7.39
US-2014-119438,2014-03-19,2014,3,Carol Darley,Central,Technology,Accessories,27.82,3,0.20,4.52
US-2014-119438,2014-03-19,2014,3,Carol Darley,Central,Furniture,Furnishings,82.52,3,0.60,-41.26
US-2014-119438,2014-03-19,2014,3,Carol Darley,Central,Office Supplies,Binders,182.99,3,0.80,-320.24
CA-2014-105410,2014-03-20,2014,3,Natalie DeCherney,West,Office Supplies,Binders,19.82,6,0.20,6.69
CA-2014-105410,2014-03-20,2014,3,Natalie DeCherney,West,Technology,Phones,657.50,6,0.20,-131.50
CA-2014-105410,2014-03-20,2014,3,Natalie DeCherney,West,Technology,Accessories,99.54,2,0.00,10.95
CA-2014-105410,2014-03-20,2014,3,Natalie DeCherney,West,Technology,Accessories,199.96,4,0.00,85.98
CA-2014-124436,2014-03-20,2014,3,Sue Ann Reed,West,Office Supplies,Binders,14.62,2,0.20,5.12
CA-2014-124436,2014-03-20,2014,3,Sue Ann Reed,West,Furniture,Tables,697.16,5,0.20,8.71
CA-2014-124436,2014-03-20,2014,3,Sue Ann Reed,West,Furniture,Furnishings,30.93,1,0.00,12.68
CA-2014-124436,2014-03-20,2014,3,Sue Ann Reed,West,Office Supplies,Binders,27.50,7,0.20,9.28
CA-2014-140515,2014-03-20,2014,3,George Zrebassa,West,Office Supplies,Appliances,381.36,7,0.00,106.78
CA-2014-166499,2014-03-20,2014,3,Vivek Grady,East,Office Supplies,Art,8.94,3,0.00,2.41
US-2014-104955,2014-03-20,2014,3,Catherine Glotzbach,East,Office Supplies,Labels,28.91,7,0.00,13.30
CA-2014-122763,2014-03-21,2014,3,Harry Greene,Central,Office Supplies,Paper,56.70,2,0.20,19.14
CA-2014-122763,2014-03-21,2014,3,Harry Greene,Central,Office Supplies,Paper,274.06,7,0.20,102.77
CA-2014-154214,2014-03-21,2014,3,Troy Blackwell,Central,Furniture,Furnishings,2.91,1,0.00,1.37
CA-2014-165491,2014-03-21,2014,3,Helen Wasserman,West,Technology,Accessories,265.93,7,0.00,63.82
US-2014-143770,2014-03-21,2014,3,Roger Demir,East,Technology,Accessories,238.00,2,0.00,38.08
US-2014-143770,2014-03-21,2014,3,Roger Demir,East,Office Supplies,Paper,61.96,2,0.00,27.88
CA-2014-108539,2014-03-22,2014,3,Steven Cartwright,West,Office Supplies,Storage,725.84,4,0.00,210.49
CA-2014-108539,2014-03-22,2014,3,Steven Cartwright,West,Office Supplies,Binders,10.90,3,0.20,3.95
CA-2014-108539,2014-03-22,2014,3,Steven Cartwright,West,Office Supplies,Binders,8.54,2,0.20,2.88
CA-2014-111591,2014-03-22,2014,3,Paul Stevenson,West,Office Supplies,Binders,30.58,6,0.20,10.32
CA-2014-111591,2014-03-22,2014,3,Paul Stevenson,West,Office Supplies,Fasteners,13.02,7,0.00,0.39
CA-2014-111591,2014-03-22,2014,3,Paul Stevenson,West,Furniture,Furnishings,22.14,3,0.00,6.42
CA-2014-111591,2014-03-22,2014,3,Paul Stevenson,West,Office Supplies,Storage,359.32,4,0.00,7.19
CA-2014-117156,2014-03-22,2014,3,Ted Butterfield,East,Office Supplies,Envelopes,8.86,3,0.20,2.88
CA-2014-119452,2014-03-22,2014,3,Clay Ludtke,Central,Furniture,Chairs,1805.88,6,0.00,523.71
CA-2014-156272,2014-03-22,2014,3,Pauline Webber,South,Office Supplies,Appliances,64.38,1,0.20,8.05
CA-2014-169285,2014-03-22,2014,3,Robert Waldorf,Central,Office Supplies,Paper,277.40,5,0.00,133.15
CA-2014-169285,2014-03-22,2014,3,Robert Waldorf,Central,Office Supplies,Paper,5.78,1,0.00,2.83
CA-2014-120719,2014-03-24,2014,3,Sanjit Jacobs,West,Office Supplies,Binders,34.76,5,0.20,11.30
CA-2014-135650,2014-03-24,2014,3,Anna Chung,Central,Office Supplies,Storage,143.73,2,0.20,-32.34
CA-2014-136511,2014-03-24,2014,3,Mary Zewe,East,Office Supplies,Supplies,347.58,3,0.00,17.38
CA-2014-140151,2014-03-24,2014,3,Raymond Buch,West,Office Supplies,Storage,32.48,2,0.00,4.87
CA-2014-140151,2014-03-24,2014,3,Raymond Buch,West,Office Supplies,Paper,20.04,3,0.00,9.62
CA-2014-140151,2014-03-24,2014,3,Raymond Buch,West,Technology,Copiers,13999.96,4,0.00,6719.98
CA-2014-155985,2014-03-24,2014,3,Bill Eplett,West,Furniture,Furnishings,211.84,8,0.00,76.26
US-2014-140074,2014-03-24,2014,3,Erin Creighton,East,Office Supplies,Paper,25.68,6,0.00,11.56
CA-2014-101637,2014-03-25,2014,3,Ann Chong,Central,Office Supplies,Storage,12.77,2,0.20,0.96
CA-2014-122308,2014-03-25,2014,3,Mark Van Huff,East,Furniture,Chairs,271.76,2,0.10,60.39
CA-2014-166184,2014-03-25,2014,3,Harold Ryan,East,Office Supplies,Envelopes,47.01,3,0.00,22.09
CA-2014-166184,2014-03-25,2014,3,Harold Ryan,East,Technology,Phones,469.99,1,0.00,136.30
CA-2014-166184,2014-03-25,2014,3,Harold Ryan,East,Furniture,Chairs,207.85,3,0.10,2.31
CA-2014-167101,2014-03-25,2014,3,Brian Moss,East,Office Supplies,Paper,221.92,4,0.00,106.52
CA-2014-167101,2014-03-25,2014,3,Brian Moss,East,Technology,Accessories,26.00,2,0.00,11.70
CA-2014-101077,2014-03-26,2014,3,Duane Benoit,Central,Office Supplies,Paper,6.85,2,0.20,2.14
CA-2014-105193,2014-03-26,2014,3,John Lee,East,Office Supplies,Art,11.05,5,0.00,2.98
CA-2014-112039,2014-03-26,2014,3,John Castell,Central,Technology,Phones,470.38,3,0.20,47.04
CA-2014-143651,2014-03-26,2014,3,Filia McAdams,West,Office Supplies,Art,23.10,2,0.00,6.93
CA-2014-155880,2014-03-26,2014,3,Justin Deggeller,Central,Furniture,Chairs,90.99,1,0.00,14.56
CA-2014-155880,2014-03-26,2014,3,Justin Deggeller,Central,Furniture,Chairs,1526.56,7,0.00,427.44
CA-2014-155880,2014-03-26,2014,3,Justin Deggeller,Central,Furniture,Chairs,368.97,3,0.00,40.59
US-2014-117534,2014-03-26,2014,3,Christina VanderZanden,West,Office Supplies,Appliances,176.04,4,0.00,45.77
US-2014-117534,2014-03-26,2014,3,Christina VanderZanden,West,Office Supplies,Art,16.02,9,0.00,4.49
US-2014-117534,2014-03-26,2014,3,Christina VanderZanden,West,Office Supplies,Binders,185.92,4,0.20,62.75
US-2014-117534,2014-03-26,2014,3,Christina VanderZanden,West,Technology,Phones,211.17,4,0.20,15.84
US-2014-117534,2014-03-26,2014,3,Christina VanderZanden,West,Technology,Copiers,479.98,2,0.20,60.00
CA-2014-113208,2014-03-27,2014,3,Michelle Lonsdale,Central,Furniture,Furnishings,60.84,3,0.00,23.12
CA-2014-147144,2014-03-27,2014,3,Maria Zettner,West,Office Supplies,Art,19.83,1,0.00,5.95
CA-2014-162033,2014-03-27,2014,3,Evan Minnotte,South,Technology,Accessories,53.25,3,0.00,20.77
CA-2014-162033,2014-03-27,2014,3,Evan Minnotte,South,Office Supplies,Fasteners,3.76,2,0.00,1.32
US-2014-121251,2014-03-27,2014,3,Gary McGarr,East,Furniture,Bookcases,257.57,2,0.20,-28.98
US-2014-121251,2014-03-27,2014,3,Gary McGarr,East,Technology,Phones,119.96,4,0.00,33.59
US-2014-141677,2014-03-27,2014,3,Heather Kirkland,Central,Technology,Accessories,143.96,5,0.20,1.80
US-2014-141677,2014-03-27,2014,3,Heather Kirkland,Central,Technology,Copiers,2399.96,5,0.20,569.99
US-2014-141677,2014-03-27,2014,3,Heather Kirkland,Central,Office Supplies,Paper,74.35,3,0.20,23.24
US-2014-141677,2014-03-27,2014,3,Heather Kirkland,Central,Office Supplies,Appliances,87.17,8,0.80,-226.64
US-2014-141677,2014-03-27,2014,3,Heather Kirkland,Central,Office Supplies,Storage,32.23,3,0.20,2.42
CA-2014-113705,2014-03-28,2014,3,Lena Cacioppo,South,Office Supplies,Labels,8.26,2,0.00,3.80
CA-2014-113705,2014-03-28,2014,3,Lena Cacioppo,South,Office Supplies,Binders,17.76,2,0.00,8.88
CA-2014-113705,2014-03-28,2014,3,Lena Cacioppo,South,Office Supplies,Storage,332.94,3,0.00,9.99
CA-2014-113705,2014-03-28,2014,3,Lena Cacioppo,South,Furniture,Tables,292.10,2,0.00,58.42
CA-2014-113705,2014-03-28,2014,3,Lena Cacioppo,South,Technology,Phones,206.10,5,0.00,55.65
CA-2014-113705,2014-03-28,2014,3,Lena Cacioppo,South,Office Supplies,Paper,17.64,4,0.00,8.11
CA-2014-124716,2014-03-28,2014,3,Brendan Dodson,West,Office Supplies,Paper,45.68,2,0.00,21.01
CA-2014-124716,2014-03-28,2014,3,Brendan Dodson,West,Office Supplies,Paper,110.96,2,0.00,53.26
CA-2014-124716,2014-03-28,2014,3,Brendan Dodson,West,Office Supplies,Paper,11.94,3,0.00,5.97
CA-2014-139416,2014-03-28,2014,3,Alejandro Grove,East,Furniture,Furnishings,15.01,2,0.20,1.50
CA-2014-144491,2014-03-28,2014,3,Caroline Jumper,Central,Furniture,Bookcases,1023.33,5,0.32,-30.10
CA-2014-144491,2014-03-28,2014,3,Caroline Jumper,Central,Furniture,Chairs,600.56,3,0.30,-8.58
CA-2014-144491,2014-03-28,2014,3,Caroline Jumper,Central,Technology,Accessories,39.99,1,0.20,7.00
CA-2014-144491,2014-03-28,2014,3,Caroline Jumper,Central,Furniture,Chairs,211.25,2,0.30,-66.39
US-2014-147886,2014-03-29,2014,3,Dave Hallsten,West,Office Supplies,Paper,12.96,2,0.00,6.35
US-2014-147886,2014-03-29,2014,3,Dave Hallsten,West,Furniture,Furnishings,26.48,1,0.00,10.06
US-2014-147886,2014-03-29,2014,3,Dave Hallsten,West,Technology,Machines,532.72,2,0.20,53.27
US-2014-147886,2014-03-29,2014,3,Dave Hallsten,West,Office Supplies,Paper,26.72,4,0.00,12.83
US-2014-147886,2014-03-29,2014,3,Dave Hallsten,West,Office Supplies,Paper,20.04,3,0.00,9.62
US-2014-147886,2014-03-29,2014,3,Dave Hallsten,West,Office Supplies,Storage,795.48,7,0.00,7.95
US-2014-147886,2014-03-29,2014,3,Dave Hallsten,West,Furniture,Furnishings,21.56,7,0.00,6.90
US-2014-166611,2014-03-29,2014,3,Cyma Kinney,South,Office Supplies,Binders,68.74,9,0.70,-48.12
CA-2014-126550,2014-03-30,2014,3,Roger Demir,Central,Office Supplies,Storage,81.40,5,0.00,21.16
CA-2014-113474,2014-03-31,2014,3,Tony Molinari,Central,Office Supplies,Envelopes,325.86,2,0.00,149.90
CA-2014-126634,2014-03-31,2014,3,Alan Barnes,West,Furniture,Furnishings,94.20,5,0.00,39.56
CA-2014-129910,2014-03-31,2014,3,Maria Etezadi,South,Office Supplies,Storage,59.76,1,0.00,16.73
US-2014-120117,2014-03-31,2014,3,Tom Boeckenhauer,West,Office Supplies,Art,6.08,2,0.00,2.07
US-2014-120117,2014-03-31,2014,3,Tom Boeckenhauer,West,Technology,Phones,164.79,1,0.20,18.54
US-2014-154851,2014-03-31,2014,3,Becky Pak,East,Office Supplies,Binders,5.72,5,0.70,-4.76
CA-2014-100524,2014-04-01,2014,4,Chad McGuire,East,Furniture,Furnishings,29.78,2,0.00,8.04
CA-2014-100524,2014-04-01,2014,4,Chad McGuire,East,Technology,Phones,677.58,3,0.00,176.17
CA-2014-100524,2014-04-01,2014,4,Chad McGuire,East,Office Supplies,Paper,75.04,8,0.00,36.02
CA-2014-102771,2014-04-01,2014,4,Denny Ordway,East,Technology,Phones,84.95,5,0.00,22.09
CA-2014-114524,2014-04-01,2014,4,Emily Grady,Central,Office Supplies,Binders,13.47,13,0.80,-22.90
CA-2014-133263,2014-04-01,2014,4,Jim Epp,South,Office Supplies,Binders,34.54,1,0.00,17.27
CA-2014-133263,2014-04-01,2014,4,Jim Epp,South,Technology,Copiers,2999.95,5,0.00,1439.98
CA-2014-133263,2014-04-01,2014,4,Jim Epp,South,Office Supplies,Binders,64.12,4,0.00,30.78
CA-2014-144680,2014-04-01,2014,4,Scott Cohen,Central,Office Supplies,Appliances,33.62,5,0.80,-90.77
CA-2014-154907,2014-04-01,2014,4,David Smith,Central,Furniture,Bookcases,205.33,2,0.32,-36.24
US-2014-159205,2014-04-01,2014,4,Daniel Byrd,South,Furniture,Furnishings,61.00,5,0.00,25.62
US-2014-159205,2014-04-01,2014,4,Daniel Byrd,South,Technology,Phones,671.93,7,0.00,188.14
US-2014-160143,2014-04-01,2014,4,Henry Goldwyn,West,Office Supplies,Supplies,29.70,3,0.00,8.02
CA-2014-118360,2014-04-02,2014,4,John Castell,East,Office Supplies,Paper,42.93,9,0.00,19.32
CA-2014-129028,2014-04-02,2014,4,George Bell,South,Furniture,Furnishings,127.95,3,0.00,21.75
CA-2014-134495,2014-04-02,2014,4,Barry Französisch,South,Technology,Phones,23.98,3,0.20,-5.69
CA-2014-134495,2014-04-02,2014,4,Barry Französisch,South,Office Supplies,Labels,6.26,3,0.20,2.04
CA-2014-134495,2014-04-02,2014,4,Barry Französisch,South,Office Supplies,Appliances,20.81,3,0.20,1.82
CA-2014-134495,2014-04-02,2014,4,Barry Französisch,South,Furniture,Chairs,218.35,3,0.20,-19.11
CA-2014-145877,2014-04-02,2014,4,Adam Shillingsburg,Central,Office Supplies,Storage,94.20,6,0.00,23.55
CA-2014-145877,2014-04-02,2014,4,Adam Shillingsburg,Central,Office Supplies,Envelopes,28.40,5,0.00,13.35
CA-2014-147942,2014-04-02,2014,4,Maribeth Schnelling,West,Office Supplies,Labels,5.78,2,0.00,2.72
CA-2014-147942,2014-04-02,2014,4,Maribeth Schnelling,West,Office Supplies,Binders,121.68,13,0.20,38.03
CA-2014-149881,2014-04-02,2014,4,Nick Crebassa,West,Furniture,Bookcases,482.66,8,0.15,85.18
CA-2014-149881,2014-04-02,2014,4,Nick Crebassa,West,Technology,Machines,4799.98,2,0.20,360.00
CA-2014-106355,2014-04-03,2014,4,Alyssa Tate,East,Office Supplies,Art,11.12,4,0.00,2.89
CA-2014-121419,2014-04-03,2014,4,Tony Chapman,South,Furniture,Tables,411.80,2,0.00,70.01
CA-2014-121419,2014-04-03,2014,4,Tony Chapman,South,Technology,Accessories,360.00,4,0.00,129.60
CA-2014-145275,2014-04-03,2014,4,Amy Hunt,South,Office Supplies,Labels,14.94,3,0.00,6.87
US-2014-123281,2014-04-03,2014,4,Jamie Frazer,West,Furniture,Furnishings,25.11,3,0.00,6.53
CA-2014-127264,2014-04-04,2014,4,Sue Ann Reed,Central,Office Supplies,Art,7.06,3,0.20,2.21
CA-2014-131156,2014-04-04,2014,4,Katherine Hughes,East,Furniture,Furnishings,25.47,4,0.20,7.64
CA-2014-109211,2014-04-05,2014,4,Penelope Sewall,East,Office Supplies,Envelopes,16.98,1,0.00,8.49
CA-2014-140536,2014-04-05,2014,4,Tom Ashbrook,East,Office Supplies,Art,7.04,4,0.00,2.04
CA-2014-144848,2014-04-05,2014,4,Darrin Sayre,East,Technology,Phones,41.22,1,0.00,11.13
CA-2014-144848,2014-04-05,2014,4,Darrin Sayre,East,Office Supplies,Supplies,240.37,1,0.00,7.21
CA-2014-144848,2014-04-05,2014,4,Darrin Sayre,East,Technology,Phones,119.02,2,0.00,33.33
CA-2014-157903,2014-04-05,2014,4,Anne McFarland,Central,Technology,Phones,383.84,4,0.20,47.98
CA-2014-107265,2014-04-07,2014,4,Max Ludwig,Central,Office Supplies,Paper,106.32,3,0.00,49.97
CA-2014-161592,2014-04-07,2014,4,Charles Sheldon,South,Office Supplies,Binders,8.10,5,0.70,-5.94
CA-2014-165904,2014-04-08,2014,4,Hallie Redmond,South,Office Supplies,Art,16.26,2,0.20,1.22
CA-2014-165904,2014-04-08,2014,4,Hallie Redmond,South,Technology,Phones,219.18,2,0.20,19.18
US-2014-100930,2014-04-08,2014,4,Christopher Schild,South,Furniture,Tables,233.86,2,0.45,-102.05
US-2014-100930,2014-04-08,2014,4,Christopher Schild,South,Furniture,Tables,620.61,3,0.45,-248.25
US-2014-100930,2014-04-08,2014,4,Christopher Schild,South,Office Supplies,Binders,5.33,2,0.70,-3.55
US-2014-100930,2014-04-08,2014,4,Christopher Schild,South,Furniture,Furnishings,258.07,3,0.20,0.00
US-2014-100930,2014-04-08,2014,4,Christopher Schild,South,Technology,Accessories,617.98,3,0.20,-7.72
CA-2014-112333,2014-04-09,2014,4,Karen Ferguson,East,Office Supplies,Storage,2591.56,4,0.00,621.97
CA-2014-112333,2014-04-09,2014,4,Karen Ferguson,East,Office Supplies,Appliances,41.95,5,0.00,10.49
CA-2014-150987,2014-04-09,2014,4,Adrian Hane,West,Office Supplies,Paper,244.55,5,0.00,114.94
CA-2014-150987,2014-04-09,2014,4,Adrian Hane,West,Office Supplies,Paper,195.76,4,0.00,97.88
CA-2014-157854,2014-04-09,2014,4,Denise Monton,South,Furniture,Furnishings,56.28,6,0.00,15.76
CA-2014-157854,2014-04-09,2014,4,Denise Monton,South,Office Supplies,Binders,2690.97,3,0.00,1264.76
US-2014-136721,2014-04-09,2014,4,Nicole Hansen,Central,Furniture,Furnishings,273.96,2,0.00,71.23
US-2014-136721,2014-04-09,2014,4,Nicole Hansen,Central,Furniture,Furnishings,306.90,3,0.00,79.79
CA-2014-112900,2014-04-10,2014,4,Ken Lonsdale,Central,Office Supplies,Binders,478.24,8,0.00,219.99
CA-2014-122154,2014-04-10,2014,4,Sue Ann Reed,South,Office Supplies,Labels,15.12,3,0.20,4.91
CA-2014-122154,2014-04-10,2014,4,Sue Ann Reed,South,Office Supplies,Binders,17.43,1,0.70,-13.36
CA-2014-122154,2014-04-10,2014,4,Sue Ann Reed,South,Office Supplies,Paper,251.64,3,0.20,88.07
CA-2014-135279,2014-04-10,2014,4,Bryan Spruell,East,Office Supplies,Labels,9.82,2,0.00,4.81
CA-2014-135279,2014-04-10,2014,4,Bryan Spruell,East,Office Supplies,Art,35.97,3,0.00,9.71
CA-2014-135279,2014-04-10,2014,4,Bryan Spruell,East,Office Supplies,Paper,12.96,2,0.00,6.22
CA-2014-135279,2014-04-10,2014,4,Bryan Spruell,East,Office Supplies,Paper,191.60,4,0.00,91.97
CA-2014-135279,2014-04-10,2014,4,Bryan Spruell,East,Office Supplies,Labels,8.64,3,0.00,4.23
CA-2014-135279,2014-04-10,2014,4,Bryan Spruell,East,Office Supplies,Storage,501.81,3,0.00,0.00
CA-2014-169404,2014-04-10,2014,4,Noah Childs,East,Office Supplies,Binders,37.90,4,0.70,-29.05
CA-2014-169404,2014-04-10,2014,4,Noah Childs,East,Office Supplies,Paper,65.58,2,0.20,23.77
CA-2014-115070,2014-04-11,2014,4,Mitch Gastineau,South,Furniture,Furnishings,12.32,5,0.20,1.85
CA-2014-115070,2014-04-11,2014,4,Mitch Gastineau,South,Office Supplies,Binders,4.42,3,0.70,-3.09
CA-2014-125115,2014-04-11,2014,4,Russell D'Ascenzo,Central,Office Supplies,Paper,10.37,2,0.20,3.63
CA-2014-125115,2014-04-11,2014,4,Russell D'Ascenzo,Central,Technology,Accessories,95.74,3,0.20,20.34
CA-2014-135069,2014-04-11,2014,4,Bruce Stewart,East,Office Supplies,Appliances,195.10,4,0.20,21.95
CA-2014-135069,2014-04-11,2014,4,Bruce Stewart,East,Furniture,Furnishings,36.67,3,0.20,6.42
CA-2014-150623,2014-04-11,2014,4,Dennis Bolton,East,Technology,Accessories,99.99,1,0.00,42.00
CA-2014-150623,2014-04-11,2014,4,Dennis Bolton,East,Office Supplies,Storage,286.15,5,0.00,71.54
CA-2014-161984,2014-04-11,2014,4,Sanjit Jacobs,East,Office Supplies,Paper,7.61,1,0.00,3.58
CA-2014-161984,2014-04-11,2014,4,Sanjit Jacobs,East,Office Supplies,Fasteners,7.16,2,0.00,3.58
CA-2014-130904,2014-04-12,2014,4,Henry MacAllister,South,Office Supplies,Art,1.75,1,0.20,0.15
CA-2014-130904,2014-04-12,2014,4,Henry MacAllister,South,Office Supplies,Art,20.99,8,0.20,2.36
CA-2014-166128,2014-04-12,2014,4,Luke Weiss,West,Technology,Accessories,199.95,5,0.00,21.99
CA-2014-166128,2014-04-12,2014,4,Luke Weiss,West,Office Supplies,Art,41.86,7,0.00,14.23
US-2014-100482,2014-04-12,2014,4,Jack Lebron,East,Office Supplies,Storage,16.77,2,0.20,1.47
US-2014-100482,2014-04-12,2014,4,Jack Lebron,East,Technology,Accessories,27.12,2,0.20,-4.75
US-2014-143028,2014-04-12,2014,4,Sample Company A,Central,Office Supplies,Binders,11.36,3,0.80,-17.05
CA-2014-122735,2014-04-13,2014,4,Bill Donatelli,East,Office Supplies,Binders,29.70,5,0.00,13.37
CA-2014-122735,2014-04-13,2014,4,Bill Donatelli,East,Office Supplies,Paper,39.96,4,0.00,17.98
CA-2014-135076,2014-04-14,2014,4,Yana Sorensen,West,Furniture,Chairs,436.70,6,0.20,-38.21
CA-2014-141663,2014-04-14,2014,4,Dave Poirier,East,Office Supplies,Fasteners,7.92,5,0.20,1.68
CA-2014-155460,2014-04-14,2014,4,Rob Williams,West,Office Supplies,Paper,5.28,1,0.00,2.38
CA-2014-155460,2014-04-14,2014,4,Rob Williams,West,Office Supplies,Binders,895.92,5,0.20,302.37
CA-2014-127117,2014-04-15,2014,4,Harry Marie,East,Furniture,Furnishings,74.45,5,0.00,20.10
CA-2014-131233,2014-04-15,2014,4,Christine Sundaresam,East,Office Supplies,Binders,10.78,3,0.20,3.50
CA-2014-131233,2014-04-15,2014,4,Christine Sundaresam,East,Furniture,Bookcases,242.35,3,0.20,9.09
CA-2014-144932,2014-04-15,2014,4,Alan Barnes,East,Office Supplies,Art,14.59,3,0.20,2.55
CA-2014-144932,2014-04-15,2014,4,Alan Barnes,East,Office Supplies,Art,89.86,3,0.20,21.34
CA-2014-144932,2014-04-15,2014,4,Alan Barnes,East,Office Supplies,Paper,13.87,3,0.20,5.03
CA-2014-159604,2014-04-15,2014,4,Craig Leslie,Central,Office Supplies,Binders,8.76,2,0.00,4.20
US-2014-126060,2014-04-15,2014,4,Dorothy Wardle,South,Furniture,Bookcases,198.27,8,0.20,-32.22
CA-2014-114412,2014-04-16,2014,4,Andrew Allen,South,Office Supplies,Paper,15.55,3,0.20,5.44
CA-2014-118857,2014-04-16,2014,4,Adam Hart,West,Furniture,Furnishings,196.45,5,0.00,70.72
CA-2014-126774,2014-04-16,2014,4,Shahid Hopkins,South,Office Supplies,Art,4.89,1,0.00,2.00
CA-2014-134635,2014-04-16,2014,4,Noel Staavos,West,Office Supplies,Paper,79.14,3,0.00,36.40
CA-2014-161851,2014-04-16,2014,4,Bart Pistole,South,Office Supplies,Binders,15.57,3,0.70,-11.94
US-2014-141698,2014-04-16,2014,4,Shirley Daniels,Central,Office Supplies,Paper,20.74,4,0.20,7.26
CA-2014-108070,2014-04-17,2014,4,Joel Eaton,West,Office Supplies,Storage,205.92,4,0.00,2.06
CA-2014-108070,2014-04-17,2014,4,Joel Eaton,West,Furniture,Bookcases,102.83,1,0.15,-6.05
CA-2014-109946,2014-04-17,2014,4,Paul Lucas,Central,Office Supplies,Art,16.52,5,0.20,2.07
CA-2014-122707,2014-04-17,2014,4,Edward Becker,South,Office Supplies,Supplies,477.24,4,0.00,9.54
CA-2014-122707,2014-04-17,2014,4,Edward Becker,South,Technology,Accessories,25.98,2,0.00,1.56
CA-2014-136497,2014-04-17,2014,4,Roy Französisch,East,Office Supplies,Binders,13.71,5,0.70,-10.05
US-2014-138086,2014-04-17,2014,4,Jesus Ocampo,West,Office Supplies,Appliances,40.74,3,0.00,12.22
US-2014-156356,2014-04-17,2014,4,Natalie DeCherney,Central,Office Supplies,Binders,26.05,3,0.80,-44.28
US-2014-156356,2014-04-17,2014,4,Natalie DeCherney,Central,Office Supplies,Binders,2.90,1,0.80,-4.78
US-2014-156356,2014-04-17,2014,4,Natalie DeCherney,Central,Office Supplies,Storage,32.54,2,0.20,-7.73
CA-2014-119389,2014-04-18,2014,4,Bruce Geld,East,Furniture,Furnishings,60.31,3,0.20,5.28
CA-2014-128965,2014-04-18,2014,4,Pamela Stobb,West,Office Supplies,Paper,28.14,3,0.00,13.51
CA-2014-128965,2014-04-18,2014,4,Pamela Stobb,West,Office Supplies,Labels,7.38,2,0.00,3.47
CA-2014-128965,2014-04-18,2014,4,Pamela Stobb,West,Office Supplies,Fasteners,10.90,5,0.00,3.60
CA-2014-128965,2014-04-18,2014,4,Pamela Stobb,West,Technology,Accessories,274.89,11,0.00,46.73
CA-2014-128965,2014-04-18,2014,4,Pamela Stobb,West,Office Supplies,Labels,23.04,8,0.00,11.29
CA-2014-128965,2014-04-18,2014,4,Pamela Stobb,West,Furniture,Chairs,218.35,3,0.20,-19.11
CA-2014-134845,2014-04-18,2014,4,Sharelle Roach,West,Office Supplies,Binders,12.03,5,0.70,-9.22
CA-2014-134845,2014-04-18,2014,4,Sharelle Roach,West,Technology,Machines,2549.99,5,0.70,-3399.98
CA-2014-134845,2014-04-18,2014,4,Sharelle Roach,West,Office Supplies,Binders,21.59,2,0.70,-15.84
CA-2014-134845,2014-04-18,2014,4,Sharelle Roach,West,Office Supplies,Binders,8.96,6,0.70,-6.57
CA-2014-134845,2014-04-18,2014,4,Sharelle Roach,West,Office Supplies,Paper,20.74,4,0.20,7.26
US-2014-129203,2014-04-18,2014,4,Brendan Murry,Central,Office Supplies,Storage,195.14,4,0.20,-43.91
CA-2014-100615,2014-04-21,2014,4,Sarah Jordon,Central,Furniture,Chairs,317.06,3,0.30,-18.12
CA-2014-100615,2014-04-21,2014,4,Sarah Jordon,Central,Office Supplies,Art,15.76,2,0.20,3.55
CA-2014-100615,2014-04-21,2014,4,Sarah Jordon,Central,Furniture,Furnishings,14.56,5,0.60,-6.19
CA-2014-119655,2014-04-21,2014,4,Christina VanderZanden,Central,Office Supplies,Binders,146.86,7,0.00,70.49
CA-2014-119655,2014-04-21,2014,4,Christina VanderZanden,Central,Office Supplies,Binders,36.56,4,0.00,18.28
CA-2014-151484,2014-04-21,2014,4,Cynthia Voltz,East,Furniture,Furnishings,51.97,2,0.20,10.39
CA-2014-151484,2014-04-21,2014,4,Cynthia Voltz,East,Office Supplies,Storage,51.34,3,0.20,5.78
CA-2014-151484,2014-04-21,2014,4,Cynthia Voltz,East,Office Supplies,Storage,332.70,1,0.20,33.27
CA-2014-151484,2014-04-21,2014,4,Cynthia Voltz,East,Furniture,Furnishings,42.41,3,0.20,9.54
CA-2014-166849,2014-04-21,2014,4,Sanjit Jacobs,Central,Furniture,Furnishings,44.40,2,0.60,-52.17
US-2014-166324,2014-04-21,2014,4,Brad Eason,East,Office Supplies,Storage,848.54,4,0.20,-21.21
US-2014-166324,2014-04-21,2014,4,Brad Eason,East,Office Supplies,Binders,8.70,5,0.70,-6.38
US-2014-166324,2014-04-21,2014,4,Brad Eason,East,Technology,Phones,122.38,3,0.40,-24.48
CA-2014-128853,2014-04-22,2014,4,Janet Martin,East,Furniture,Chairs,908.82,9,0.00,227.21
CA-2014-140802,2014-04-22,2014,4,Katherine Nockton,Central,Technology,Accessories,47.98,3,0.20,8.40
CA-2014-140802,2014-04-22,2014,4,Katherine Nockton,Central,Office Supplies,Paper,20.74,4,0.20,7.26
CA-2014-166198,2014-04-22,2014,4,Joni Wasserman,West,Technology,Accessories,11.54,1,0.00,3.46
CA-2014-166198,2014-04-22,2014,4,Joni Wasserman,West,Furniture,Furnishings,162.60,3,0.00,34.15
US-2014-145863,2014-04-22,2014,4,Resi Pölking,Central,Office Supplies,Binders,2.69,3,0.80,-4.71
US-2014-145863,2014-04-22,2014,4,Resi Pölking,Central,Office Supplies,Binders,2.93,3,0.80,-4.99
US-2014-152366,2014-04-22,2014,4,Shirley Jackson,Central,Office Supplies,Appliances,97.26,4,0.80,-243.16
CA-2014-135783,2014-04-23,2014,4,Gary McGarr,West,Furniture,Furnishings,18.28,2,0.00,6.22
CA-2014-146192,2014-04-23,2014,4,Bruce Degenhardt,South,Office Supplies,Storage,675.06,3,0.00,87.76
CA-2014-169054,2014-04-23,2014,4,Meg O'Connel,East,Furniture,Furnishings,254.35,3,0.20,0.00
CA-2014-101700,2014-04-24,2014,4,Sean O'Donnell,West,Office Supplies,Envelopes,18.69,2,0.20,7.01
CA-2014-101700,2014-04-24,2014,4,Sean O'Donnell,West,Furniture,Furnishings,11.66,3,0.20,3.35
CA-2014-104010,2014-04-24,2014,4,Tamara Dahlen,East,Office Supplies,Supplies,54.90,5,0.00,15.37
CA-2014-108553,2014-04-24,2014,4,Sally Knutson,East,Office Supplies,Appliances,121.94,2,0.00,35.36
CA-2014-108553,2014-04-24,2014,4,Sally Knutson,East,Office Supplies,Supplies,122.71,7,0.00,36.81
CA-2014-136651,2014-04-24,2014,4,Jay Fein,West,Furniture,Furnishings,66.36,7,0.00,26.54
CA-2014-136651,2014-04-24,2014,4,Jay Fein,West,Office Supplies,Binders,92.88,6,0.20,30.19
CA-2014-136651,2014-04-24,2014,4,Jay Fein,West,Furniture,Furnishings,24.14,2,0.00,7.97
CA-2014-146360,2014-04-24,2014,4,Sean Christensen,Central,Technology,Accessories,155.34,6,0.00,55.92
CA-2014-157112,2014-04-24,2014,4,Greg Guthrie,East,Office Supplies,Binders,11.76,5,0.70,-7.84
CA-2014-157112,2014-04-24,2014,4,Greg Guthrie,East,Office Supplies,Paper,5.34,1,0.20,1.87
US-2014-132031,2014-04-24,2014,4,Parhena Norris,South,Furniture,Bookcases,387.14,4,0.20,-14.52
US-2014-132031,2014-04-24,2014,4,Parhena Norris,South,Technology,Accessories,45.41,2,0.20,11.92
US-2014-132031,2014-04-24,2014,4,Parhena Norris,South,Furniture,Furnishings,77.95,3,0.20,-11.69
US-2014-132031,2014-04-24,2014,4,Parhena Norris,South,Office Supplies,Labels,3.00,1,0.20,1.05
CA-2014-116953,2014-04-25,2014,4,Susan Vittorini,West,Technology,Phones,552.00,10,0.20,34.50
CA-2014-125269,2014-04-25,2014,4,Art Ferguson,Central,Office Supplies,Binders,10.43,5,0.80,-18.25
CA-2014-125269,2014-04-25,2014,4,Art Ferguson,Central,Office Supplies,Storage,72.78,1,0.20,-18.20
CA-2014-149489,2014-04-25,2014,4,Damala Kotsonis,East,Office Supplies,Appliances,99.28,2,0.20,12.41
CA-2014-149489,2014-04-25,2014,4,Damala Kotsonis,East,Office Supplies,Binders,1.19,2,0.70,-0.99
CA-2014-149489,2014-04-25,2014,4,Damala Kotsonis,East,Office Supplies,Binders,7.52,2,0.70,-5.76
CA-2014-166933,2014-04-25,2014,4,Michael Granlund,West,Office Supplies,Fasteners,1.81,1,0.00,0.65
CA-2014-168102,2014-04-25,2014,4,Christine Phan,South,Office Supplies,Storage,113.57,2,0.20,-21.29
US-2014-128832,2014-04-25,2014,4,Linda Southworth,East,Technology,Accessories,69.98,2,0.00,4.90
CA-2014-120222,2014-04-26,2014,4,Lauren Leatherbury,West,Office Supplies,Paper,19.05,3,0.00,8.76
CA-2014-120222,2014-04-26,2014,4,Lauren Leatherbury,West,Office Supplies,Binders,73.34,3,0.20,27.50
CA-2014-125381,2014-04-26,2014,4,Speros Goranitis,West,Technology,Accessories,107.97,3,0.00,22.67
CA-2014-129707,2014-04-26,2014,4,Larry Hughes,West,Office Supplies,Art,8.90,4,0.20,0.67
CA-2014-132213,2014-04-26,2014,4,Parhena Norris,South,Office Supplies,Art,42.05,9,0.20,5.26
CA-2014-132213,2014-04-26,2014,4,Parhena Norris,South,Office Supplies,Art,67.92,5,0.20,6.79
CA-2014-151071,2014-04-26,2014,4,Mick Brown,West,Office Supplies,Binders,13.90,2,0.20,4.52
CA-2014-159226,2014-04-26,2014,4,Rob Lucas,West,Furniture,Bookcases,344.98,7,0.15,28.41
CA-2014-143665,2014-04-27,2014,4,Philisse Overcash,West,Office Supplies,Paper,20.34,3,0.00,9.36
CA-2014-143665,2014-04-27,2014,4,Philisse Overcash,West,Office Supplies,Labels,39.28,8,0.00,19.25
CA-2014-160045,2014-04-27,2014,4,Larry Blacks,Central,Furniture,Furnishings,1.99,1,0.60,-1.44
CA-2014-135692,2014-04-28,2014,4,Cynthia Voltz,Central,Office Supplies,Labels,33.12,4,0.20,11.59
CA-2014-135692,2014-04-28,2014,4,Cynthia Voltz,Central,Furniture,Bookcases,220.27,4,0.32,-42.11
CA-2014-151281,2014-04-28,2014,4,Henry MacAllister,West,Furniture,Furnishings,139.58,7,0.00,39.08
CA-2014-168228,2014-04-28,2014,4,Arthur Prichep,West,Office Supplies,Art,123.92,4,0.00,33.46
CA-2014-168228,2014-04-28,2014,4,Arthur Prichep,West,Office Supplies,Art,12.39,3,0.00,5.70
CA-2014-168228,2014-04-28,2014,4,Arthur Prichep,West,Office Supplies,Art,47.30,2,0.00,12.30
CA-2014-120894,2014-04-29,2014,4,Jack Lebron,South,Office Supplies,Appliances,28.08,3,0.20,5.27
CA-2014-137631,2014-04-29,2014,4,Janet Lee,South,Technology,Phones,751.98,2,0.20,84.60
CA-2014-160962,2014-04-29,2014,4,Matt Connell,East,Office Supplies,Storage,8.38,1,0.20,0.73
CA-2014-160962,2014-04-29,2014,4,Matt Connell,East,Office Supplies,Art,6.85,2,0.20,0.77
CA-2014-126718,2014-04-30,2014,4,Kean Thornton,East,Office Supplies,Labels,4.91,1,0.00,2.41
US-2014-164056,2014-04-30,2014,4,Filia McAdams,East,Furniture,Tables,1048.35,5,0.40,-69.89
CA-2014-108322,2014-05-01,2014,5,Saphhira Shifley,South,Furniture,Furnishings,23.68,8,0.20,6.22
CA-2014-108322,2014-05-01,2014,5,Saphhira Shifley,South,Technology,Accessories,2.38,3,0.20,0.74
CA-2014-124597,2014-05-01,2014,5,Ann Steele,South,Office Supplies,Labels,4.61,2,0.20,1.67
CA-2014-124597,2014-05-01,2014,5,Ann Steele,South,Office Supplies,Art,15.53,3,0.20,4.85
CA-2014-124597,2014-05-01,2014,5,Ann Steele,South,Office Supplies,Labels,11.95,3,0.20,3.88
CA-2014-137876,2014-05-01,2014,5,Don Jones,West,Furniture,Furnishings,64.96,2,0.00,21.44
CA-2014-137876,2014-05-01,2014,5,Don Jones,West,Office Supplies,Envelopes,30.56,4,0.00,14.97
CA-2014-144526,2014-05-01,2014,5,Quincy Jones,East,Technology,Phones,677.58,5,0.40,-158.10
CA-2014-144526,2014-05-01,2014,5,Quincy Jones,East,Office Supplies,Binders,13.90,3,0.70,-9.26
CA-2014-150609,2014-05-01,2014,5,Nick Zandusky,West,Office Supplies,Binders,23.24,5,0.20,7.55
CA-2014-151911,2014-05-01,2014,5,Dionis Lloyd,East,Office Supplies,Envelopes,62.96,4,0.00,28.33
CA-2014-154501,2014-05-01,2014,5,Erin Ashbrook,West,Office Supplies,Art,9.78,2,0.00,4.01
US-2014-107636,2014-05-01,2014,5,Neoma Murray,East,Office Supplies,Labels,5.76,2,0.00,2.82
US-2014-108315,2014-05-01,2014,5,Mick Hernandez,South,Office Supplies,Binders,4.84,3,0.70,-3.55
US-2014-108315,2014-05-01,2014,5,Mick Hernandez,South,Furniture,Furnishings,220.70,6,0.20,-8.28
US-2014-136784,2014-05-01,2014,5,Alan Dominguez,West,Office Supplies,Paper,163.96,4,0.00,80.34
US-2014-144582,2014-05-01,2014,5,Tony Chapman,Central,Office Supplies,Binders,43.37,7,0.80,-69.40
US-2014-150847,2014-05-01,2014,5,Jeremy Farry,East,Office Supplies,Paper,10.37,2,0.20,3.63
CA-2014-102204,2014-05-02,2014,5,Caroline Jumper,South,Office Supplies,Supplies,3.33,2,0.20,0.42
CA-2014-102204,2014-05-02,2014,5,Caroline Jumper,South,Furniture,Tables,933.26,4,0.45,-458.15
CA-2014-102204,2014-05-02,2014,5,Caroline Jumper,South,Furniture,Chairs,2803.92,5,0.20,0.00
CA-2014-110198,2014-05-02,2014,5,Arthur Gainer,South,Furniture,Bookcases,314.35,3,0.20,-15.72
CA-2014-110198,2014-05-02,2014,5,Arthur Gainer,South,Office Supplies,Labels,4.61,2,0.20,1.50
CA-2014-110212,2014-05-02,2014,5,Sanjit Jacobs,South,Technology,Accessories,48.90,5,0.00,18.09
CA-2014-123134,2014-05-03,2014,5,Dorothy Wardle,East,Furniture,Furnishings,129.93,3,0.00,12.99
CA-2014-147844,2014-05-03,2014,5,Dorothy Dickinson,West,Office Supplies,Paper,15.70,5,0.00,7.07
CA-2014-147844,2014-05-03,2014,5,Dorothy Dickinson,West,Office Supplies,Art,59.52,3,0.00,15.48
CA-2014-147844,2014-05-03,2014,5,Dorothy Dickinson,West,Office Supplies,Paper,34.40,5,0.00,15.82
US-2014-128398,2014-05-03,2014,5,Elizabeth Moffitt,West,Technology,Accessories,159.56,4,0.00,59.04
CA-2014-132178,2014-05-04,2014,5,Darren Budd,West,Office Supplies,Storage,69.52,2,0.00,19.47
CA-2014-132178,2014-05-04,2014,5,Darren Budd,West,Office Supplies,Storage,763.44,8,0.00,45.81
CA-2014-132199,2014-05-04,2014,5,Bill Overfelt,East,Furniture,Furnishings,32.45,2,0.20,7.30
CA-2014-132199,2014-05-04,2014,5,Bill Overfelt,East,Office Supplies,Binders,26.39,4,0.70,-17.59
CA-2014-132199,2014-05-04,2014,5,Bill Overfelt,East,Furniture,Tables,373.47,5,0.40,-112.04
CA-2014-132199,2014-05-04,2014,5,Bill Overfelt,East,Office Supplies,Binders,64.20,5,0.70,-44.94
CA-2014-132199,2014-05-04,2014,5,Bill Overfelt,East,Office Supplies,Fasteners,8.00,2,0.20,2.80
CA-2014-163209,2014-05-04,2014,5,Mike Kennedy,West,Office Supplies,Paper,25.92,4,0.00,12.44
CA-2014-163209,2014-05-04,2014,5,Mike Kennedy,West,Office Supplies,Art,22.96,7,0.00,6.66
CA-2014-119914,2014-05-05,2014,5,Chris Cortes,West,Office Supplies,Appliances,243.16,2,0.00,72.95
CA-2014-128755,2014-05-05,2014,5,Mike Kennedy,South,Office Supplies,Paper,9.11,1,0.00,4.10
CA-2014-128755,2014-05-05,2014,5,Mike Kennedy,South,Office Supplies,Storage,571.44,4,0.00,165.72
CA-2014-128755,2014-05-05,2014,5,Mike Kennedy,South,Office Supplies,Paper,32.40,5,0.00,15.55
CA-2014-128755,2014-05-05,2014,5,Mike Kennedy,South,Office Supplies,Storage,16.91,1,0.00,4.57
CA-2014-133067,2014-05-05,2014,5,Muhammed Yedwab,East,Office Supplies,Binders,2.20,2,0.70,-1.54
CA-2014-133067,2014-05-05,2014,5,Muhammed Yedwab,East,Office Supplies,Binders,9.40,3,0.70,-7.52
CA-2014-162978,2014-05-05,2014,5,Lindsay Williams,West,Technology,Phones,183.96,5,0.20,20.70
CA-2014-162978,2014-05-05,2014,5,Lindsay Williams,West,Office Supplies,Paper,17.61,3,0.00,8.45
CA-2014-162978,2014-05-05,2014,5,Lindsay Williams,West,Furniture,Tables,300.90,1,0.20,11.28
CA-2014-168900,2014-05-05,2014,5,Shahid Hopkins,East,Office Supplies,Binders,2.31,1,0.70,-1.93
CA-2014-105991,2014-05-06,2014,5,Lisa Hazard,West,Office Supplies,Envelopes,21.24,9,0.20,7.43
CA-2014-105991,2014-05-06,2014,5,Lisa Hazard,West,Office Supplies,Binders,9.55,8,0.70,-7.32
CA-2014-105991,2014-05-06,2014,5,Lisa Hazard,West,Furniture,Bookcases,89.99,3,0.70,-152.98
CA-2014-107552,2014-05-06,2014,5,Arianne Irving,East,Office Supplies,Paper,6.68,1,0.00,3.21
CA-2014-160724,2014-05-06,2014,5,Yana Sorensen,South,Office Supplies,Binders,34.50,3,0.00,15.53
US-2014-141943,2014-05-06,2014,5,Darren Koutras,West,Office Supplies,Envelopes,23.16,2,0.00,11.58
CA-2014-133487,2014-05-07,2014,5,Trudy Schmidt,West,Office Supplies,Appliances,152.94,3,0.00,41.29
CA-2014-140242,2014-05-07,2014,5,Max Ludwig,Central,Office Supplies,Art,6.41,3,0.20,0.64
CA-2014-140242,2014-05-07,2014,5,Max Ludwig,Central,Technology,Accessories,408.74,7,0.20,76.64
CA-2014-144498,2014-05-07,2014,5,Mick Brown,South,Office Supplies,Binders,68.54,11,0.70,-52.55
CA-2014-144498,2014-05-07,2014,5,Mick Brown,South,Technology,Phones,627.17,4,0.20,70.56
CA-2014-144498,2014-05-07,2014,5,Mick Brown,South,Office Supplies,Labels,122.12,5,0.20,39.69
CA-2014-145779,2014-05-07,2014,5,Doug Bickford,West,Office Supplies,Paper,84.42,4,0.20,27.44
CA-2014-156769,2014-05-07,2014,5,Gary Zandusky,South,Office Supplies,Art,54.66,6,0.00,18.04
CA-2014-167668,2014-05-07,2014,5,Toby Carlisle,East,Office Supplies,Labels,59.20,4,0.00,29.60
US-2014-133200,2014-05-07,2014,5,Dorothy Badders,Central,Office Supplies,Binders,11.06,10,0.80,-18.80
US-2014-133200,2014-05-07,2014,5,Dorothy Badders,Central,Furniture,Bookcases,623.46,7,0.32,-119.19
US-2014-133200,2014-05-07,2014,5,Dorothy Badders,Central,Office Supplies,Storage,772.68,5,0.20,-57.95
US-2014-162124,2014-05-07,2014,5,Jeremy Farry,Central,Technology,Accessories,191.97,4,0.20,28.80
CA-2014-102820,2014-05-08,2014,5,Carlos Soltero,West,Technology,Phones,419.94,7,0.20,52.49
CA-2014-141733,2014-05-08,2014,5,Rick Wilson,Central,Furniture,Chairs,1458.65,5,0.00,423.01
CA-2014-141733,2014-05-08,2014,5,Rick Wilson,Central,Furniture,Chairs,26.64,1,0.00,7.46
CA-2014-141733,2014-05-08,2014,5,Rick Wilson,Central,Furniture,Chairs,476.80,2,0.00,119.20
CA-2014-141733,2014-05-08,2014,5,Rick Wilson,Central,Office Supplies,Appliances,87.44,2,0.10,18.46
CA-2014-159688,2014-05-08,2014,5,Adam Bellavance,West,Technology,Accessories,79.99,1,0.00,28.80
CA-2014-107797,2014-05-09,2014,5,Ed Braxton,Central,Office Supplies,Paper,41.47,8,0.20,14.52
CA-2014-133865,2014-05-09,2014,5,Penelope Sewall,West,Technology,Copiers,3359.95,6,0.20,1049.99
CA-2014-149181,2014-05-09,2014,5,Maribeth Dona,East,Furniture,Chairs,47.99,2,0.30,-2.06
CA-2014-156895,2014-05-09,2014,5,Don Jones,East,Furniture,Chairs,128.06,3,0.30,-23.78
US-2014-104451,2014-05-09,2014,5,Michelle Moray,West,Office Supplies,Appliances,81.08,4,0.00,22.70
CA-2014-118199,2014-05-10,2014,5,Laurel Beltran,West,Office Supplies,Binders,147.92,5,0.20,46.23
CA-2014-118199,2014-05-10,2014,5,Laurel Beltran,West,Office Supplies,Storage,104.28,3,0.00,26.07
CA-2014-118199,2014-05-10,2014,5,Laurel Beltran,West,Furniture,Tables,286.85,1,0.00,63.11
CA-2014-118199,2014-05-10,2014,5,Laurel Beltran,West,Office Supplies,Storage,66.96,4,0.00,2.68
CA-2014-118199,2014-05-10,2014,5,Laurel Beltran,West,Technology,Accessories,199.98,2,0.00,87.99
CA-2014-134810,2014-05-10,2014,5,Matt Connell,South,Office Supplies,Envelopes,65.23,3,0.20,22.02
CA-2014-134810,2014-05-10,2014,5,Matt Connell,South,Furniture,Chairs,207.00,3,0.20,25.88
CA-2014-115322,2014-05-12,2014,5,Zuschuss Carroll,East,Office Supplies,Art,43.92,3,0.00,12.74
CA-2014-133823,2014-05-12,2014,5,Liz Pelletier,West,Office Supplies,Paper,37.44,6,0.00,16.85
CA-2014-133823,2014-05-12,2014,5,Liz Pelletier,West,Office Supplies,Labels,37.59,3,0.00,17.67
CA-2014-133823,2014-05-12,2014,5,Liz Pelletier,West,Office Supplies,Binders,26.03,2,0.20,9.44
CA-2014-140298,2014-05-12,2014,5,Julie Kriz,Central,Office Supplies,Art,5.25,2,0.20,0.59
CA-2014-140298,2014-05-12,2014,5,Julie Kriz,Central,Office Supplies,Storage,74.42,2,0.20,-14.88
CA-2014-140298,2014-05-12,2014,5,Julie Kriz,Central,Office Supplies,Paper,6.85,2,0.20,2.14
CA-2014-140298,2014-05-12,2014,5,Julie Kriz,Central,Furniture,Furnishings,8.00,1,0.60,-7.00
US-2014-139647,2014-05-12,2014,5,Todd Sumrall,West,Furniture,Bookcases,209.98,7,0.70,-356.96
CA-2014-104577,2014-05-13,2014,5,Chloris Kastensmidt,East,Office Supplies,Paper,87.60,5,0.00,42.05
CA-2014-117632,2014-05-13,2014,5,Charles Sheldon,West,Office Supplies,Supplies,238.62,2,0.00,4.77
CA-2014-117632,2014-05-13,2014,5,Charles Sheldon,West,Office Supplies,Appliances,7.77,1,0.00,2.10
CA-2014-117632,2014-05-13,2014,5,Charles Sheldon,West,Furniture,Tables,285.48,5,0.20,-10.71
CA-2014-117632,2014-05-13,2014,5,Charles Sheldon,West,Office Supplies,Binders,19.17,4,0.20,6.47
CA-2014-122175,2014-05-13,2014,5,Cynthia Arntzen,East,Furniture,Furnishings,42.85,5,0.00,15.43
CA-2014-122175,2014-05-13,2014,5,Cynthia Arntzen,East,Office Supplies,Labels,6.16,2,0.00,2.96
CA-2014-122175,2014-05-13,2014,5,Cynthia Arntzen,East,Office Supplies,Supplies,17.00,2,0.00,4.42
CA-2014-122175,2014-05-13,2014,5,Cynthia Arntzen,East,Technology,Accessories,87.40,5,0.00,34.96
CA-2014-152226,2014-05-13,2014,5,Jonathan Howell,East,Office Supplies,Labels,5.90,2,0.20,1.99
US-2014-106796,2014-05-13,2014,5,Julie Prescott,East,Office Supplies,Art,10.27,3,0.20,1.16
US-2014-158218,2014-05-13,2014,5,Alyssa Crouse,Central,Office Supplies,Storage,127.92,5,0.20,-15.99
US-2014-158218,2014-05-13,2014,5,Alyssa Crouse,Central,Office Supplies,Binders,34.24,4,0.80,-53.07
CA-2014-100748,2014-05-14,2014,5,Ross Baird,West,Office Supplies,Labels,58.48,8,0.00,27.49
CA-2014-104318,2014-05-14,2014,5,Frank Hawley,South,Office Supplies,Appliances,20.77,2,0.20,2.34
CA-2014-137785,2014-05-14,2014,5,Mick Hernandez,East,Furniture,Chairs,458.43,5,0.30,-124.43
CA-2014-149048,2014-05-14,2014,5,Brian Moss,Central,Office Supplies,Envelopes,180.96,2,0.00,81.43
CA-2014-149048,2014-05-14,2014,5,Brian Moss,Central,Office Supplies,Binders,914.97,3,0.00,411.74
CA-2014-149048,2014-05-14,2014,5,Brian Moss,Central,Technology,Phones,587.97,3,0.00,158.75
CA-2014-149048,2014-05-14,2014,5,Brian Moss,Central,Office Supplies,Storage,530.34,2,0.00,95.46
CA-2014-149048,2014-05-14,2014,5,Brian Moss,Central,Office Supplies,Paper,14.94,3,0.00,7.32
CA-2014-161655,2014-05-14,2014,5,Carl Weiss,East,Office Supplies,Binders,299.52,9,0.00,149.76
CA-2014-115546,2014-05-15,2014,5,Amy Hunt,East,Technology,Phones,539.97,3,0.00,134.99
CA-2014-115546,2014-05-15,2014,5,Amy Hunt,East,Office Supplies,Storage,22.58,2,0.00,5.87
CA-2014-129357,2014-05-15,2014,5,Ken Black,West,Office Supplies,Paper,440.19,9,0.00,206.89
CA-2014-129357,2014-05-15,2014,5,Ken Black,West,Office Supplies,Supplies,64.40,5,0.00,1.93
CA-2014-133641,2014-05-15,2014,5,Eva Jacobs,South,Office Supplies,Envelopes,48.69,9,0.00,23.86
CA-2014-143686,2014-05-15,2014,5,Pauline Johnson,West,Furniture,Furnishings,18.28,2,0.00,6.22
CA-2014-143686,2014-05-15,2014,5,Pauline Johnson,West,Technology,Accessories,1399.93,7,0.00,601.97
CA-2014-161774,2014-05-15,2014,5,Greg Tran,Central,Furniture,Chairs,899.43,5,0.30,-12.85
CA-2014-161774,2014-05-15,2014,5,Greg Tran,Central,Office Supplies,Art,46.20,5,0.20,5.78
CA-2014-161774,2014-05-15,2014,5,Greg Tran,Central,Office Supplies,Paper,47.95,3,0.20,16.18
CA-2014-161774,2014-05-15,2014,5,Greg Tran,Central,Technology,Phones,7.99,1,0.20,0.70
CA-2014-161774,2014-05-15,2014,5,Greg Tran,Central,Office Supplies,Paper,76.86,2,0.20,26.90
US-2014-133361,2014-05-15,2014,5,Anthony Jacobs,East,Office Supplies,Art,3.76,2,0.00,1.09
US-2014-133361,2014-05-15,2014,5,Anthony Jacobs,East,Office Supplies,Art,14.70,5,0.00,6.62
US-2014-133361,2014-05-15,2014,5,Anthony Jacobs,East,Office Supplies,Art,37.20,5,0.00,9.30
US-2014-133361,2014-05-15,2014,5,Anthony Jacobs,East,Technology,Accessories,89.97,3,0.00,18.89
US-2014-133361,2014-05-15,2014,5,Anthony Jacobs,East,Furniture,Chairs,261.96,2,0.00,23.58
US-2014-133361,2014-05-15,2014,5,Anthony Jacobs,East,Office Supplies,Labels,74.00,5,0.00,37.00
US-2014-154872,2014-05-15,2014,5,Darren Powers,East,Office Supplies,Binders,58.17,5,0.70,-46.54
US-2014-154872,2014-05-15,2014,5,Darren Powers,East,Office Supplies,Labels,5.04,2,0.20,1.76
US-2014-154872,2014-05-15,2014,5,Darren Powers,East,Office Supplies,Paper,24.78,1,0.20,7.75
CA-2014-102414,2014-05-16,2014,5,Joseph Airdo,West,Technology,Phones,29.59,1,0.20,2.59
CA-2014-102414,2014-05-16,2014,5,Joseph Airdo,West,Office Supplies,Binders,4.75,2,0.70,-3.17
CA-2014-102414,2014-05-16,2014,5,Joseph Airdo,West,Office Supplies,Paper,15.55,3,0.20,5.64
US-2014-110604,2014-05-16,2014,5,Jason Fortune-,West,Furniture,Furnishings,39.96,2,0.00,17.18
US-2014-110604,2014-05-16,2014,5,Jason Fortune-,West,Furniture,Chairs,42.62,2,0.20,4.26
US-2014-110604,2014-05-16,2014,5,Jason Fortune-,West,Furniture,Chairs,220.96,1,0.20,24.86
US-2014-152569,2014-05-16,2014,5,Joy Daniels,Central,Office Supplies,Paper,56.70,2,0.20,19.14
US-2014-152569,2014-05-16,2014,5,Joy Daniels,Central,Technology,Phones,11.12,2,0.20,3.48
CA-2014-166576,2014-05-17,2014,5,John Murray,East,Office Supplies,Storage,221.02,2,0.20,-55.26
CA-2014-112536,2014-05-19,2014,5,Susan Gilcrest,Central,Office Supplies,Binders,6.87,7,0.80,-10.65
CA-2014-112536,2014-05-19,2014,5,Susan Gilcrest,Central,Office Supplies,Binders,2.00,1,0.80,-3.29
CA-2014-112536,2014-05-19,2014,5,Susan Gilcrest,Central,Office Supplies,Storage,8.93,2,0.20,0.67
CA-2014-112865,2014-05-19,2014,5,Brosina Hoffman,East,Technology,Accessories,36.05,3,0.20,-0.90
CA-2014-117401,2014-05-19,2014,5,Paul Prost,Central,Office Supplies,Appliances,706.86,7,0.00,197.92
CA-2014-117401,2014-05-19,2014,5,Paul Prost,Central,Technology,Phones,114.95,5,0.00,2.30
CA-2014-117401,2014-05-19,2014,5,Paul Prost,Central,Office Supplies,Binders,43.19,7,0.00,20.73
CA-2014-117863,2014-05-19,2014,5,Toby Swindell,East,Furniture,Furnishings,14.56,2,0.00,6.26
CA-2014-117863,2014-05-19,2014,5,Toby Swindell,East,Office Supplies,Binders,3.05,1,0.20,1.03
CA-2014-121643,2014-05-19,2014,5,Adrian Barton,West,Technology,Phones,344.70,2,0.20,38.78
CA-2014-155642,2014-05-19,2014,5,Brendan Murry,Central,Furniture,Furnishings,22.61,3,0.60,-10.17
CA-2014-155642,2014-05-19,2014,5,Brendan Murry,Central,Furniture,Furnishings,1.89,1,0.60,-0.99
CA-2014-159464,2014-05-19,2014,5,Todd Boyes,South,Office Supplies,Appliances,17.24,2,0.00,4.48
CA-2014-159464,2014-05-19,2014,5,Todd Boyes,South,Furniture,Bookcases,302.94,3,0.00,75.74
CA-2014-159464,2014-05-19,2014,5,Todd Boyes,South,Technology,Phones,34.75,5,0.00,15.64
CA-2014-159464,2014-05-19,2014,5,Todd Boyes,South,Office Supplies,Binders,113.94,6,0.00,54.69
CA-2014-159464,2014-05-19,2014,5,Todd Boyes,South,Technology,Phones,55.98,2,0.00,15.67
CA-2014-113530,2014-05-20,2014,5,Becky Castell,West,Furniture,Chairs,681.41,12,0.20,42.59
CA-2014-113530,2014-05-20,2014,5,Becky Castell,West,Office Supplies,Art,3.52,2,0.00,1.02
CA-2014-113530,2014-05-20,2014,5,Becky Castell,West,Office Supplies,Art,5.58,1,0.00,1.40
CA-2014-113530,2014-05-20,2014,5,Becky Castell,West,Technology,Accessories,36.32,1,0.00,10.90
CA-2014-122077,2014-05-20,2014,5,Jason Fortune-,Central,Technology,Phones,95.99,1,0.20,9.60
CA-2014-122077,2014-05-20,2014,5,Jason Fortune-,Central,Office Supplies,Labels,13.22,4,0.20,4.30
CA-2014-127803,2014-05-20,2014,5,Neil Ducich,South,Office Supplies,Binders,26.16,4,0.00,12.82
CA-2014-138975,2014-05-20,2014,5,Shahid Collister,South,Technology,Accessories,67.80,4,0.00,4.07
CA-2014-138975,2014-05-20,2014,5,Shahid Collister,South,Technology,Phones,377.97,3,0.00,98.27
CA-2014-138975,2014-05-20,2014,5,Shahid Collister,South,Furniture,Bookcases,1628.82,9,0.00,374.63
CA-2014-138975,2014-05-20,2014,5,Shahid Collister,South,Office Supplies,Paper,286.93,7,0.00,140.60
CA-2014-145702,2014-05-20,2014,5,Adam Hart,South,Furniture,Chairs,314.35,3,0.20,-35.36
CA-2014-145702,2014-05-20,2014,5,Adam Hart,South,Office Supplies,Paper,27.89,7,0.20,10.11
CA-2014-153787,2014-05-20,2014,5,Annie Thurman,West,Office Supplies,Appliances,97.16,2,0.00,28.18
US-2014-100048,2014-05-20,2014,5,Roland Schwarz,East,Office Supplies,Appliances,281.34,6,0.00,109.72
US-2014-100048,2014-05-20,2014,5,Roland Schwarz,East,Technology,Phones,307.98,2,0.00,89.31
US-2014-100048,2014-05-20,2014,5,Roland Schwarz,East,Technology,Accessories,299.97,3,0.00,113.99
US-2014-108700,2014-05-20,2014,5,Patrick Jones,Central,Office Supplies,Paper,38.02,6,0.20,13.78
US-2014-120607,2014-05-20,2014,5,John Castell,South,Office Supplies,Paper,195.64,4,0.00,91.95
US-2014-147998,2014-05-20,2014,5,Sue Ann Reed,West,Office Supplies,Binders,133.12,5,0.20,49.92
CA-2014-111332,2014-05-21,2014,5,Nat Carroll,Central,Office Supplies,Art,131.94,3,0.00,35.62
CA-2014-111332,2014-05-21,2014,5,Nat Carroll,Central,Office Supplies,Art,25.92,4,0.00,8.29
CA-2014-111332,2014-05-21,2014,5,Nat Carroll,Central,Office Supplies,Storage,704.76,4,0.00,162.09
CA-2014-111332,2014-05-21,2014,5,Nat Carroll,Central,Office Supplies,Fasteners,7.41,3,0.00,3.48
CA-2014-111332,2014-05-21,2014,5,Nat Carroll,Central,Office Supplies,Art,21.50,10,0.00,7.10
CA-2014-149468,2014-05-21,2014,5,Allen Rosenblatt,Central,Office Supplies,Binders,41.28,2,0.00,19.81
CA-2014-166695,2014-05-21,2014,5,Chuck Clark,West,Furniture,Chairs,518.27,8,0.20,-97.18
CA-2014-166695,2014-05-21,2014,5,Chuck Clark,West,Furniture,Furnishings,6.98,1,0.00,3.35
CA-2014-166695,2014-05-21,2014,5,Chuck Clark,West,Technology,Machines,343.20,1,0.20,38.61
US-2014-166688,2014-05-21,2014,5,Rick Duston,West,Office Supplies,Binders,8.29,2,0.20,3.00
US-2014-166688,2014-05-21,2014,5,Rick Duston,West,Technology,Phones,1123.13,9,0.20,70.20
US-2014-166688,2014-05-21,2014,5,Rick Duston,West,Office Supplies,Appliances,64.90,5,0.00,18.82
CA-2014-167899,2014-05-22,2014,5,John Grady,East,Furniture,Furnishings,520.05,5,0.00,72.81
CA-2014-167899,2014-05-22,2014,5,John Grady,East,Office Supplies,Art,17.97,3,0.00,5.21
CA-2014-130106,2014-05-23,2014,5,Vicky Freymann,West,Office Supplies,Art,9.84,3,0.00,2.85
CA-2014-130106,2014-05-23,2014,5,Vicky Freymann,West,Office Supplies,Art,2.78,1,0.00,0.72
CA-2014-153080,2014-05-23,2014,5,Eric Hoffmann,West,Technology,Accessories,68.46,7,0.00,25.33
US-2014-150595,2014-05-23,2014,5,Laurel Elliston,Central,Furniture,Chairs,181.99,2,0.30,-54.60
US-2014-150595,2014-05-23,2014,5,Laurel Elliston,Central,Office Supplies,Binders,1.59,2,0.80,-2.63
US-2014-150595,2014-05-23,2014,5,Laurel Elliston,Central,Office Supplies,Supplies,22.34,3,0.20,2.51
US-2014-151127,2014-05-23,2014,5,Rob Lucas,West,Office Supplies,Art,49.56,7,0.00,18.83
CA-2014-164042,2014-05-24,2014,5,Ken Lonsdale,Central,Office Supplies,Fasteners,1.82,2,0.20,0.62
CA-2014-164042,2014-05-24,2014,5,Ken Lonsdale,Central,Office Supplies,Appliances,18.32,5,0.80,-46.72
CA-2014-164042,2014-05-24,2014,5,Ken Lonsdale,Central,Office Supplies,Storage,48.82,3,0.20,-11.59
CA-2014-164042,2014-05-24,2014,5,Ken Lonsdale,Central,Office Supplies,Binders,1.19,1,0.80,-1.96
CA-2014-167003,2014-05-24,2014,5,Vivek Sundaresam,West,Furniture,Tables,171.29,3,0.20,-6.42
CA-2014-112473,2014-05-26,2014,5,Jeremy Lonsdale,Central,Office Supplies,Storage,50.14,3,0.20,-11.28
CA-2014-120138,2014-05-26,2014,5,Trudy Brown,East,Office Supplies,Binders,663.92,5,0.20,207.48
CA-2014-120138,2014-05-26,2014,5,Trudy Brown,East,Technology,Accessories,120.00,8,0.00,13.20
CA-2014-120138,2014-05-26,2014,5,Trudy Brown,East,Office Supplies,Fasteners,3.29,1,0.00,1.48
CA-2014-120138,2014-05-26,2014,5,Trudy Brown,East,Furniture,Furnishings,18.84,3,0.00,6.03
CA-2014-161088,2014-05-26,2014,5,Mick Hernandez,South,Office Supplies,Binders,29.84,2,0.00,13.43
CA-2014-107853,2014-05-27,2014,5,Carlos Daly,West,Office Supplies,Paper,12.96,2,0.00,6.22
CA-2014-123687,2014-05-27,2014,5,Kimberly Carter,South,Office Supplies,Appliances,208.44,3,0.00,62.53
CA-2014-123687,2014-05-27,2014,5,Kimberly Carter,South,Office Supplies,Supplies,25.76,2,0.00,0.77
CA-2014-152968,2014-05-27,2014,5,Bryan Mills,South,Technology,Accessories,23.08,2,0.00,6.92
CA-2014-134152,2014-05-28,2014,5,Roy Phan,West,Technology,Accessories,98.16,6,0.00,9.82
CA-2014-134152,2014-05-28,2014,5,Roy Phan,West,Office Supplies,Art,31.44,3,0.00,7.86
CA-2014-136882,2014-05-28,2014,5,Duane Noonan,Central,Furniture,Furnishings,477.30,5,0.00,138.42
CA-2014-151855,2014-05-28,2014,5,Bart Watters,South,Technology,Accessories,27.19,3,0.20,0.34
CA-2014-151855,2014-05-28,2014,5,Bart Watters,South,Office Supplies,Binders,12.06,5,0.70,-10.05
CA-2014-160458,2014-05-28,2014,5,Eric Hoffmann,South,Office Supplies,Paper,25.92,5,0.20,9.07
US-2014-116897,2014-05-28,2014,5,James Galang,West,Furniture,Furnishings,35.00,4,0.00,14.70
US-2014-116897,2014-05-28,2014,5,James Galang,West,Office Supplies,Storage,477.15,5,0.00,28.63
US-2014-116897,2014-05-28,2014,5,James Galang,West,Technology,Phones,302.38,3,0.20,22.68
US-2014-132297,2014-05-28,2014,5,Dianna Wilson,South,Office Supplies,Binders,58.34,2,0.00,28.00
US-2014-132297,2014-05-28,2014,5,Dianna Wilson,South,Technology,Phones,539.97,3,0.00,134.99
CA-2014-100055,2014-05-29,2014,5,Michael Dominguez,East,Furniture,Furnishings,27.46,2,0.00,9.89
CA-2014-100055,2014-05-29,2014,5,Michael Dominguez,East,Office Supplies,Appliances,125.13,3,0.00,36.29
CA-2014-140088,2014-05-29,2014,5,Patrick O'Donnell,South,Furniture,Chairs,301.96,2,0.00,33.22
CA-2014-141572,2014-05-29,2014,5,Lori Olson,East,Furniture,Furnishings,247.44,8,0.00,101.45
CA-2014-145765,2014-05-29,2014,5,Candace McMahon,West,Technology,Phones,195.96,5,0.20,19.60
CA-2014-145765,2014-05-29,2014,5,Candace McMahon,West,Office Supplies,Paper,15.55,3,0.20,5.44
CA-2014-145765,2014-05-29,2014,5,Candace McMahon,West,Technology,Accessories,271.97,4,0.20,54.39
CA-2014-161340,2014-05-29,2014,5,Alice McCarthy,East,Office Supplies,Paper,13.87,3,0.20,5.03
CA-2014-161340,2014-05-29,2014,5,Alice McCarthy,East,Furniture,Bookcases,115.96,4,0.50,-64.94
US-2014-112613,2014-05-29,2014,5,Jonathan Howell,Central,Technology,Phones,54.37,4,0.20,4.08
US-2014-118556,2014-05-29,2014,5,Tiffany House,Central,Furniture,Chairs,106.87,3,0.30,-29.01
US-2014-118556,2014-05-29,2014,5,Tiffany House,Central,Office Supplies,Binders,3.56,3,0.80,-6.24
CA-2014-104745,2014-05-30,2014,5,Guy Thornton,Central,Office Supplies,Paper,25.92,5,0.20,9.40
CA-2014-104745,2014-05-30,2014,5,Guy Thornton,Central,Office Supplies,Storage,53.42,3,0.20,4.67
CA-2014-121580,2014-05-30,2014,5,Maris LaWare,Central,Office Supplies,Binders,43.41,1,0.00,19.97
CA-2014-121580,2014-05-30,2014,5,Maris LaWare,Central,Furniture,Furnishings,6.24,3,0.00,2.62
CA-2014-121580,2014-05-30,2014,5,Maris LaWare,Central,Office Supplies,Appliances,465.16,2,0.00,120.94
CA-2014-121580,2014-05-30,2014,5,Maris LaWare,Central,Office Supplies,Paper,7.98,1,0.00,3.99
CA-2014-144568,2014-05-30,2014,5,Jesus Ocampo,Central,Office Supplies,Fasteners,23.55,5,0.00,1.18
CA-2014-168739,2014-05-30,2014,5,Henia Zydlo,Central,Furniture,Furnishings,65.42,4,0.60,-52.34
CA-2014-116498,2014-05-31,2014,5,Kelly Andreada,West,Office Supplies,Art,35.10,6,0.00,10.18
CA-2014-120614,2014-05-31,2014,5,Suzanne McNair,West,Office Supplies,Paper,37.52,4,0.00,18.01
CA-2014-121125,2014-05-31,2014,5,Michael Granlund,West,Technology,Phones,156.79,1,0.20,17.64
CA-2014-121125,2014-05-31,2014,5,Michael Granlund,West,Technology,Accessories,35.36,2,0.20,-3.09
CA-2014-121125,2014-05-31,2014,5,Michael Granlund,West,Furniture,Furnishings,13.59,1,0.20,-0.34
CA-2014-125472,2014-05-31,2014,5,Bruce Degenhardt,South,Furniture,Bookcases,241.96,2,0.00,33.87
CA-2014-125472,2014-05-31,2014,5,Bruce Degenhardt,South,Office Supplies,Binders,3.89,1,0.00,1.87
CA-2014-125472,2014-05-31,2014,5,Bruce Degenhardt,South,Furniture,Furnishings,8.01,3,0.00,3.04
CA-2014-142461,2014-05-31,2014,5,Kean Thornton,Central,Furniture,Bookcases,204.67,1,0.32,-6.02
CA-2014-106831,2014-06-02,2014,6,Fred Harton,East,Office Supplies,Binders,3.80,2,0.70,-2.66
CA-2014-106831,2014-06-02,2014,6,Fred Harton,East,Office Supplies,Paper,27.74,6,0.20,10.06
CA-2014-106831,2014-06-02,2014,6,Fred Harton,East,Technology,Phones,158.38,4,0.40,-34.31
CA-2014-121559,2014-06-02,2014,6,Helen Wasserman,Central,Furniture,Chairs,1925.88,6,0.00,539.25
CA-2014-121559,2014-06-02,2014,6,Helen Wasserman,Central,Office Supplies,Appliances,2405.20,8,0.00,793.72
CA-2014-121559,2014-06-02,2014,6,Helen Wasserman,Central,Technology,Accessories,83.97,3,0.00,15.95
CA-2014-121559,2014-06-02,2014,6,Helen Wasserman,Central,Technology,Accessories,39.89,1,0.00,14.76
CA-2014-121559,2014-06-02,2014,6,Helen Wasserman,Central,Office Supplies,Binders,17.38,2,0.00,8.69
CA-2014-146493,2014-06-02,2014,6,Cynthia Voltz,Central,Office Supplies,Binders,53.90,5,0.00,25.87
CA-2014-157413,2014-06-02,2014,6,Barry Weirich,East,Office Supplies,Storage,324.74,3,0.20,-77.13
US-2014-112928,2014-06-02,2014,6,Barry Blumstein,East,Office Supplies,Appliances,17.48,5,0.20,1.31
CA-2014-127705,2014-06-03,2014,6,Alejandro Ballentine,East,Technology,Phones,2.97,1,0.40,-0.64
CA-2014-127705,2014-06-03,2014,6,Alejandro Ballentine,East,Office Supplies,Storage,27.44,2,0.20,2.40
CA-2014-140760,2014-06-03,2014,6,Denny Ordway,West,Office Supplies,Paper,25.34,6,0.20,7.92
CA-2014-140760,2014-06-03,2014,6,Denny Ordway,West,Office Supplies,Envelopes,43.92,5,0.20,15.92
CA-2014-143294,2014-06-03,2014,6,John Dryer,Central,Office Supplies,Paper,10.69,2,0.20,3.74
CA-2014-158883,2014-06-03,2014,6,Cari Schnelling,South,Office Supplies,Paper,25.34,4,0.20,9.19
CA-2014-113908,2014-06-04,2014,6,Katherine Nockton,East,Furniture,Tables,384.77,2,0.40,-115.43
CA-2014-113908,2014-06-04,2014,6,Katherine Nockton,East,Technology,Machines,78.66,6,0.00,36.18
CA-2014-113908,2014-06-04,2014,6,Katherine Nockton,East,Office Supplies,Paper,45.36,4,0.00,22.23
CA-2014-126382,2014-06-04,2014,6,Heather Kirkland,South,Furniture,Furnishings,35.17,7,0.20,9.67
CA-2014-140872,2014-06-04,2014,6,Nick Radford,South,Office Supplies,Binders,4.55,3,0.70,-3.49
CA-2014-140872,2014-06-04,2014,6,Nick Radford,South,Office Supplies,Appliances,5.20,2,0.20,0.59
CA-2014-140872,2014-06-04,2014,6,Nick Radford,South,Technology,Accessories,205.99,1,0.20,-2.57
CA-2014-140872,2014-06-04,2014,6,Nick Radford,South,Office Supplies,Paper,15.55,3,0.20,5.44
CA-2014-140872,2014-06-04,2014,6,Nick Radford,South,Technology,Phones,503.96,5,0.20,50.40
CA-2014-140872,2014-06-04,2014,6,Nick Radford,South,Office Supplies,Appliances,24.47,7,0.20,1.84
CA-2014-140872,2014-06-04,2014,6,Nick Radford,South,Furniture,Bookcases,241.57,2,0.20,0.00
CA-2014-140872,2014-06-04,2014,6,Nick Radford,South,Technology,Accessories,110.40,2,0.20,-4.14
CA-2014-145506,2014-06-04,2014,6,Meg O'Connel,West,Office Supplies,Storage,136.26,9,0.00,5.45
CA-2014-145772,2014-06-04,2014,6,Saphhira Shifley,West,Technology,Accessories,44.75,5,0.00,8.50
CA-2014-145772,2014-06-04,2014,6,Saphhira Shifley,West,Office Supplies,Paper,11.96,2,0.00,5.38
CA-2014-145772,2014-06-04,2014,6,Saphhira Shifley,West,Office Supplies,Binders,3.91,1,0.20,1.27
CA-2014-150420,2014-06-04,2014,6,Giulietta Dortch,West,Technology,Accessories,1099.50,10,0.00,362.84
CA-2014-100426,2014-06-05,2014,6,Dan Campbell,South,Office Supplies,Paper,12.48,2,0.00,5.62
CA-2014-133095,2014-06-05,2014,6,Erica Hernandez,South,Office Supplies,Binders,108.08,7,0.00,54.04
CA-2014-133095,2014-06-05,2014,6,Erica Hernandez,South,Office Supplies,Binders,9.54,3,0.00,4.39
CA-2014-149720,2014-06-05,2014,6,Erin Mull,Central,Furniture,Furnishings,30.34,6,0.60,-17.44
CA-2014-158106,2014-06-05,2014,6,Carol Triggs,Central,Office Supplies,Art,8.64,3,0.00,2.51
CA-2014-158407,2014-06-05,2014,6,Lindsay Williams,South,Furniture,Furnishings,31.98,2,0.20,2.00
CA-2014-158407,2014-06-05,2014,6,Lindsay Williams,South,Technology,Phones,71.98,2,0.20,25.19
CA-2014-158953,2014-06-05,2014,6,Michelle Lonsdale,Central,Office Supplies,Binders,6.37,7,0.80,-9.56
CA-2014-126788,2014-06-06,2014,6,Adrian Barton,Central,Technology,Phones,470.38,3,0.20,52.92
CA-2014-141614,2014-06-06,2014,6,Noel Staavos,South,Office Supplies,Paper,20.74,4,0.20,7.26
US-2014-131849,2014-06-07,2014,6,Gary Hansen,West,Furniture,Furnishings,4.95,1,0.00,2.18
US-2014-131849,2014-06-07,2014,6,Gary Hansen,West,Office Supplies,Storage,26.40,5,0.00,0.00
CA-2014-117436,2014-06-09,2014,6,Liz Willingham,East,Office Supplies,Binders,10.36,2,0.00,5.08
CA-2014-132682,2014-06-09,2014,6,Tiffany House,Central,Office Supplies,Supplies,23.76,3,0.20,2.08
CA-2014-132682,2014-06-09,2014,6,Tiffany House,Central,Office Supplies,Paper,85.06,3,0.20,28.71
CA-2014-132682,2014-06-09,2014,6,Tiffany House,Central,Technology,Phones,381.58,3,0.20,28.62
US-2014-106579,2014-06-09,2014,6,Ben Wallace,Central,Office Supplies,Binders,12.18,4,0.80,-18.87
US-2014-107979,2014-06-09,2014,6,Frank Olsen,West,Technology,Accessories,89.54,7,0.20,12.31
US-2014-107979,2014-06-09,2014,6,Frank Olsen,West,Office Supplies,Storage,35.17,2,0.20,-8.35
US-2014-107979,2014-06-09,2014,6,Frank Olsen,West,Office Supplies,Binders,72.59,2,0.70,-48.39
US-2014-109316,2014-06-09,2014,6,Maureen Gastineau,West,Furniture,Bookcases,1497.67,2,0.15,140.96
US-2014-109316,2014-06-09,2014,6,Maureen Gastineau,West,Technology,Phones,17.52,2,0.20,-3.50
US-2014-155299,2014-06-09,2014,6,Dorris liebe,Central,Office Supplies,Appliances,1.62,2,0.80,-4.47
CA-2014-100951,2014-06-10,2014,6,Noah Childs,Central,Office Supplies,Storage,720.76,5,0.20,54.06
US-2014-106663,2014-06-10,2014,6,Meg O'Connel,Central,Furniture,Furnishings,23.98,3,0.60,-14.39
US-2014-106663,2014-06-10,2014,6,Meg O'Connel,Central,Furniture,Tables,108.93,1,0.50,-71.89
US-2014-106663,2014-06-10,2014,6,Meg O'Connel,Central,Office Supplies,Paper,36.35,8,0.20,11.36
US-2014-146822,2014-06-10,2014,6,Anna Gayman,South,Office Supplies,Paper,49.12,4,0.00,23.09
CA-2014-106103,2014-06-11,2014,6,Sean Christensen,Central,Technology,Accessories,132.52,4,0.00,54.33
CA-2014-107167,2014-06-11,2014,6,Neil Ducich,South,Office Supplies,Storage,1347.52,8,0.20,84.22
CA-2014-112172,2014-06-11,2014,6,Muhammed MacIntyre,East,Office Supplies,Fasteners,14.13,3,0.00,0.71
CA-2014-137001,2014-06-11,2014,6,George Zrebassa,West,Office Supplies,Art,14.70,7,0.00,4.12
CA-2014-140963,2014-06-11,2014,6,Michelle Tran,West,Office Supplies,Labels,29.60,2,0.00,14.80
CA-2014-140963,2014-06-11,2014,6,Michelle Tran,West,Furniture,Bookcases,514.17,5,0.15,-30.25
CA-2014-140963,2014-06-11,2014,6,Michelle Tran,West,Technology,Phones,279.96,5,0.20,17.50
CA-2014-143343,2014-06-11,2014,6,Ben Wallace,West,Office Supplies,Art,16.40,5,0.00,4.76
CA-2014-158071,2014-06-11,2014,6,Bill Donatelli,West,Technology,Phones,88.78,3,0.20,7.77
CA-2014-158071,2014-06-11,2014,6,Bill Donatelli,West,Office Supplies,Labels,11.56,4,0.00,5.43
CA-2014-158071,2014-06-11,2014,6,Bill Donatelli,West,Office Supplies,Storage,15.58,1,0.00,3.90
CA-2014-167080,2014-06-11,2014,6,Linda Cazamias,East,Office Supplies,Art,8.40,5,0.00,4.20
US-2014-131583,2014-06-11,2014,6,Carl Ludwig,East,Office Supplies,Paper,40.03,6,0.20,15.01
CA-2014-102554,2014-06-12,2014,6,Kristina Nunn,South,Office Supplies,Art,3.76,2,0.00,1.09
CA-2014-133928,2014-06-12,2014,6,Zuschuss Carroll,South,Office Supplies,Binders,4.57,4,0.70,-3.81
CA-2014-134565,2014-06-12,2014,6,Tom Boeckenhauer,West,Office Supplies,Paper,37.94,2,0.00,18.21
CA-2014-134565,2014-06-12,2014,6,Tom Boeckenhauer,West,Office Supplies,Binders,18.29,6,0.20,6.63
CA-2014-134565,2014-06-12,2014,6,Tom Boeckenhauer,West,Technology,Machines,385.80,5,0.20,130.21
CA-2014-134565,2014-06-12,2014,6,Tom Boeckenhauer,West,Office Supplies,Storage,102.96,2,0.00,1.03
CA-2014-134565,2014-06-12,2014,6,Tom Boeckenhauer,West,Furniture,Bookcases,174.42,3,0.00,41.86
CA-2014-141481,2014-06-12,2014,6,Zuschuss Donatelli,West,Office Supplies,Appliances,61.44,3,0.00,16.59
US-2014-120418,2014-06-12,2014,6,Becky Castell,West,Furniture,Chairs,280.79,1,0.20,35.10
US-2014-120418,2014-06-12,2014,6,Becky Castell,West,Office Supplies,Storage,68.45,4,0.20,7.70
US-2014-120418,2014-06-12,2014,6,Becky Castell,West,Office Supplies,Art,88.04,5,0.20,6.60
US-2014-120418,2014-06-12,2014,6,Becky Castell,West,Office Supplies,Art,15.87,1,0.20,1.98
US-2014-120418,2014-06-12,2014,6,Becky Castell,West,Office Supplies,Storage,215.59,3,0.20,-48.51
US-2014-152002,2014-06-12,2014,6,Dianna Vittorini,West,Office Supplies,Paper,122.97,3,0.00,60.26
CA-2014-108441,2014-06-13,2014,6,Sarah Bern,East,Office Supplies,Paper,19.04,4,0.00,9.33
CA-2014-108441,2014-06-13,2014,6,Sarah Bern,East,Office Supplies,Binders,13.13,3,0.20,4.27
CA-2014-108441,2014-06-13,2014,6,Sarah Bern,East,Office Supplies,Art,64.14,3,0.00,16.68
CA-2014-108441,2014-06-13,2014,6,Sarah Bern,East,Furniture,Chairs,858.24,4,0.10,143.04
CA-2014-117821,2014-06-13,2014,6,Hunter Glantz,East,Technology,Accessories,63.92,2,0.20,19.18
CA-2014-119424,2014-06-13,2014,6,Sarah Brown,West,Technology,Phones,71.98,3,0.20,9.00
CA-2014-119424,2014-06-13,2014,6,Sarah Brown,West,Office Supplies,Paper,19.44,3,0.00,9.33
CA-2014-124191,2014-06-13,2014,6,Troy Staebel,Central,Furniture,Furnishings,8.86,3,0.60,-6.86
CA-2014-143861,2014-06-13,2014,6,Lena Creighton,South,Furniture,Furnishings,17.09,2,0.20,1.07
CA-2014-148474,2014-06-13,2014,6,Maria Etezadi,South,Office Supplies,Binders,91.20,3,0.00,41.95
CA-2014-148474,2014-06-13,2014,6,Maria Etezadi,South,Furniture,Tables,452.94,3,0.00,67.94
CA-2014-102337,2014-06-14,2014,6,Shirley Daniels,Central,Office Supplies,Storage,164.74,4,0.20,-39.12
CA-2014-102337,2014-06-14,2014,6,Shirley Daniels,Central,Furniture,Chairs,470.30,7,0.30,-87.34
CA-2014-102337,2014-06-14,2014,6,Shirley Daniels,Central,Technology,Phones,47.98,2,0.20,6.00
CA-2014-104850,2014-06-14,2014,6,Tamara Willingham,West,Furniture,Chairs,291.14,4,0.20,-25.47
CA-2014-122056,2014-06-14,2014,6,Paul Gonzalez,South,Office Supplies,Art,181.86,7,0.00,50.92
CA-2014-111178,2014-06-16,2014,6,Tamara Dahlen,Central,Office Supplies,Art,19.56,5,0.20,1.71
CA-2014-118864,2014-06-16,2014,6,Kristen Hastings,West,Technology,Phones,119.96,1,0.20,7.50
CA-2014-119284,2014-06-16,2014,6,Thomas Seio,South,Technology,Phones,239.98,3,0.20,27.00
CA-2014-119284,2014-06-16,2014,6,Thomas Seio,South,Furniture,Furnishings,31.17,4,0.20,9.35
CA-2014-119284,2014-06-16,2014,6,Thomas Seio,South,Furniture,Tables,120.96,2,0.40,-28.22
CA-2014-119284,2014-06-16,2014,6,Thomas Seio,South,Technology,Phones,2239.94,8,0.20,223.99
CA-2014-119284,2014-06-16,2014,6,Thomas Seio,South,Office Supplies,Appliances,76.61,8,0.20,6.70
CA-2014-119284,2014-06-16,2014,6,Thomas Seio,South,Office Supplies,Storage,142.78,1,0.20,17.85
CA-2014-119284,2014-06-16,2014,6,Thomas Seio,South,Office Supplies,Paper,91.36,5,0.20,29.69
CA-2014-126914,2014-06-16,2014,6,Joe Elijah,South,Furniture,Chairs,698.35,3,0.20,52.38
CA-2014-126914,2014-06-16,2014,6,Joe Elijah,South,Furniture,Bookcases,77.73,2,0.20,-3.89
CA-2014-135167,2014-06-16,2014,6,Stuart Calhoun,West,Office Supplies,Art,4.26,1,0.00,1.75
CA-2014-169691,2014-06-16,2014,6,Dean percer,Central,Office Supplies,Labels,44.40,3,0.00,22.20
CA-2014-169691,2014-06-16,2014,6,Dean percer,Central,Office Supplies,Storage,84.55,5,0.00,22.83
CA-2014-169691,2014-06-16,2014,6,Dean percer,Central,Office Supplies,Paper,17.94,3,0.00,8.79
CA-2014-169901,2014-06-16,2014,6,Clay Cheatham,West,Technology,Phones,47.98,3,0.20,4.80
CA-2014-105214,2014-06-17,2014,6,Troy Staebel,West,Furniture,Chairs,1212.96,7,0.20,90.97
CA-2014-105214,2014-06-17,2014,6,Troy Staebel,West,Office Supplies,Paper,18.54,2,0.00,8.71
CA-2014-111269,2014-06-17,2014,6,Christine Sundaresam,East,Technology,Accessories,479.95,6,0.20,107.99
CA-2014-111269,2014-06-17,2014,6,Christine Sundaresam,East,Office Supplies,Art,23.92,5,0.20,1.79
CA-2014-129462,2014-06-17,2014,6,Joel Eaton,South,Furniture,Chairs,301.96,2,0.00,90.59
CA-2014-129462,2014-06-17,2014,6,Joel Eaton,South,Office Supplies,Appliances,180.66,3,0.00,50.58
CA-2014-129462,2014-06-17,2014,6,Joel Eaton,South,Technology,Phones,191.98,2,0.00,51.83
CA-2014-129462,2014-06-17,2014,6,Joel Eaton,South,Technology,Phones,65.99,1,0.00,17.16
CA-2014-136826,2014-06-17,2014,6,Claudia Bergmann,South,Office Supplies,Art,14.02,3,0.20,4.73
CA-2014-155873,2014-06-17,2014,6,Alejandro Ballentine,West,Office Supplies,Supplies,16.68,2,0.00,4.34
CA-2014-155873,2014-06-17,2014,6,Alejandro Ballentine,West,Office Supplies,Paper,19.44,3,0.00,9.33
CA-2014-155873,2014-06-17,2014,6,Alejandro Ballentine,West,Office Supplies,Paper,192.16,4,0.00,92.24
US-2014-132206,2014-06-17,2014,6,Michael Kennedy,Central,Office Supplies,Binders,5.94,7,0.80,-8.90
CA-2014-118437,2014-06-18,2014,6,Philip Fox,West,Furniture,Furnishings,155.25,3,0.00,46.58
CA-2014-118437,2014-06-18,2014,6,Philip Fox,West,Office Supplies,Storage,14.03,1,0.00,4.07
CA-2014-131618,2014-06-18,2014,6,Luke Schmidt,Central,Office Supplies,Paper,12.22,2,0.20,4.43
CA-2014-131618,2014-06-18,2014,6,Luke Schmidt,Central,Office Supplies,Binders,2.30,4,0.80,-3.57
CA-2014-131618,2014-06-18,2014,6,Luke Schmidt,Central,Office Supplies,Binders,9.36,4,0.80,-16.38
CA-2014-146346,2014-06-18,2014,6,Ryan Akin,West,Office Supplies,Storage,146.35,3,0.20,-32.93
CA-2014-157833,2014-06-18,2014,6,Katherine Ducich,West,Office Supplies,Binders,51.31,3,0.20,17.96
CA-2014-165323,2014-06-18,2014,6,Steven Roelle,East,Technology,Machines,3404.50,5,0.00,1668.21
CA-2014-165323,2014-06-18,2014,6,Steven Roelle,East,Technology,Accessories,101.34,3,0.00,8.11
CA-2014-112753,2014-06-19,2014,6,Craig Carreira,West,Furniture,Bookcases,917.92,9,0.15,75.59
CA-2014-112753,2014-06-19,2014,6,Craig Carreira,West,Office Supplies,Paper,38.88,6,0.00,19.05
CA-2014-162712,2014-06-19,2014,6,Neil Knudson,Central,Office Supplies,Paper,74.35,3,0.20,23.24
CA-2014-128944,2014-06-20,2014,6,Katharine Harms,East,Furniture,Chairs,760.12,6,0.30,-43.44
CA-2014-128944,2014-06-20,2014,6,Katharine Harms,East,Furniture,Furnishings,38.78,3,0.20,7.27
CA-2014-128944,2014-06-20,2014,6,Katharine Harms,East,Technology,Accessories,122.33,9,0.20,1.53
CA-2014-138870,2014-06-20,2014,6,George Ashbrook,West,Furniture,Furnishings,50.32,4,0.00,21.13
CA-2014-138870,2014-06-20,2014,6,George Ashbrook,West,Office Supplies,Paper,24.56,2,0.00,11.54
CA-2014-140844,2014-06-20,2014,6,Allen Rosenblatt,East,Office Supplies,Paper,97.82,2,0.00,45.98
CA-2014-140844,2014-06-20,2014,6,Allen Rosenblatt,East,Technology,Accessories,103.12,8,0.00,10.31
CA-2014-141992,2014-06-20,2014,6,Frank Olsen,Central,Office Supplies,Supplies,11.18,1,0.20,0.84
CA-2014-141992,2014-06-20,2014,6,Frank Olsen,Central,Office Supplies,Storage,153.58,2,0.20,-32.64
CA-2014-154011,2014-06-20,2014,6,Deborah Brumfield,Central,Office Supplies,Binders,6.89,3,0.80,-11.02
CA-2014-154011,2014-06-20,2014,6,Deborah Brumfield,Central,Furniture,Tables,457.49,3,0.30,-84.96
CA-2014-169999,2014-06-20,2014,6,Jim Sink,East,Office Supplies,Storage,129.30,2,0.00,6.47
CA-2014-169999,2014-06-20,2014,6,Jim Sink,East,Office Supplies,Binders,11.57,3,0.20,3.76
US-2014-102288,2014-06-20,2014,6,Zuschuss Carroll,Central,Office Supplies,Appliances,2.26,1,0.80,-5.21
US-2014-102288,2014-06-20,2014,6,Zuschuss Carroll,Central,Office Supplies,Appliances,0.44,1,0.80,-1.11
US-2014-102288,2014-06-20,2014,6,Zuschuss Carroll,Central,Office Supplies,Paper,146.18,8,0.20,47.51
CA-2014-101434,2014-06-21,2014,6,Toby Ritter,East,Technology,Accessories,239.97,3,0.00,71.99
CA-2014-101434,2014-06-21,2014,6,Toby Ritter,East,Office Supplies,Labels,9.82,2,0.00,4.81
CA-2014-106852,2014-06-21,2014,6,Shui Tom,East,Office Supplies,Paper,31.10,6,0.20,10.89
CA-2014-106852,2014-06-21,2014,6,Shui Tom,East,Office Supplies,Art,5.25,2,0.20,0.59
CA-2014-132934,2014-06-21,2014,6,Jeremy Ellison,East,Technology,Accessories,149.95,5,0.00,15.00
CA-2014-132934,2014-06-21,2014,6,Jeremy Ellison,East,Office Supplies,Binders,51.31,3,0.20,18.60
CA-2014-151218,2014-06-21,2014,6,Pauline Johnson,South,Office Supplies,Storage,4.46,1,0.20,0.33
US-2014-135986,2014-06-21,2014,6,Paul Gonzalez,South,Office Supplies,Paper,32.40,5,0.00,15.55
US-2014-135986,2014-06-21,2014,6,Paul Gonzalez,South,Technology,Phones,503.96,4,0.00,125.99
CA-2014-101049,2014-06-22,2014,6,Alan Shonely,East,Furniture,Furnishings,17.92,5,0.20,2.46
CA-2014-101049,2014-06-22,2014,6,Alan Shonely,East,Office Supplies,Binders,41.26,6,0.70,-34.38
CA-2014-124744,2014-06-22,2014,6,Eugene Hildebrand,East,Office Supplies,Binders,82.40,5,0.00,40.38
CA-2014-124744,2014-06-22,2014,6,Eugene Hildebrand,East,Office Supplies,Binders,6.24,2,0.00,3.06
CA-2014-124744,2014-06-22,2014,6,Eugene Hildebrand,East,Office Supplies,Paper,447.84,8,0.00,219.44
CA-2014-105823,2014-06-23,2014,6,Rick Bensley,Central,Furniture,Chairs,487.96,2,0.00,146.39
CA-2014-155936,2014-06-23,2014,6,Joe Kamberova,Central,Office Supplies,Binders,3.04,3,0.80,-5.01
CA-2014-165757,2014-06-23,2014,6,Paul Lucas,East,Office Supplies,Binders,10.33,3,0.70,-7.58
CA-2014-165757,2014-06-23,2014,6,Paul Lucas,East,Office Supplies,Binders,31.16,5,0.70,-23.89
CA-2014-165757,2014-06-23,2014,6,Paul Lucas,East,Office Supplies,Storage,8.93,2,0.20,0.67
US-2014-133781,2014-06-23,2014,6,Dan Campbell,South,Office Supplies,Envelopes,37.61,3,0.20,12.69
CA-2014-100384,2014-06-25,2014,6,Nicole Hansen,West,Office Supplies,Art,385.60,8,0.00,111.82
CA-2014-100384,2014-06-25,2014,6,Nicole Hansen,West,Office Supplies,Art,35.82,9,0.00,11.82
CA-2014-105074,2014-06-25,2014,6,Maria Bertelson,East,Office Supplies,Paper,21.74,3,0.20,6.80
CA-2014-122105,2014-06-25,2014,6,Caroline Jumper,West,Office Supplies,Art,95.92,8,0.00,25.90
CA-2014-132955,2014-06-25,2014,6,Sonia Cooley,East,Office Supplies,Binders,102.93,3,0.00,48.38
CA-2014-136350,2014-06-25,2014,6,George Ashbrook,East,Furniture,Furnishings,276.69,3,0.00,49.80
CA-2014-136350,2014-06-25,2014,6,George Ashbrook,East,Furniture,Chairs,172.76,2,0.10,32.63
CA-2014-159107,2014-06-25,2014,6,Kean Thornton,West,Office Supplies,Fasteners,2.88,1,0.00,1.35
US-2014-151316,2014-06-25,2014,6,Matthew Clasen,Central,Office Supplies,Binders,182.99,3,0.80,-320.24
US-2014-151316,2014-06-25,2014,6,Matthew Clasen,Central,Office Supplies,Paper,10.27,3,0.20,3.21
CA-2014-116127,2014-06-26,2014,6,Sarah Brown,East,Furniture,Bookcases,400.78,1,0.20,-5.01
CA-2014-133648,2014-06-26,2014,6,Max Ludwig,West,Office Supplies,Labels,71.04,6,0.20,26.64
CA-2014-133648,2014-06-26,2014,6,Max Ludwig,West,Office Supplies,Art,5.34,2,0.20,0.73
CA-2014-133648,2014-06-26,2014,6,Max Ludwig,West,Office Supplies,Fasteners,11.30,3,0.20,-2.12
CA-2014-134796,2014-06-26,2014,6,Fred McMath,Central,Technology,Phones,148.48,2,0.20,16.70
US-2014-124821,2014-06-26,2014,6,Anne McFarland,West,Furniture,Tables,871.40,4,0.00,148.14
CA-2014-100636,2014-06-27,2014,6,Denny Ordway,East,Office Supplies,Storage,272.94,3,0.00,0.00
CA-2014-107132,2014-06-27,2014,6,Scott Cohen,East,Office Supplies,Binders,102.37,2,0.20,37.11
CA-2014-107132,2014-06-27,2014,6,Scott Cohen,East,Office Supplies,Supplies,28.40,5,0.00,8.24
CA-2014-107132,2014-06-27,2014,6,Scott Cohen,East,Office Supplies,Storage,713.88,4,0.00,214.16
CA-2014-107132,2014-06-27,2014,6,Scott Cohen,East,Office Supplies,Paper,68.52,3,0.00,31.52
CA-2014-115364,2014-06-27,2014,6,Olvera Toch,West,Office Supplies,Storage,83.76,12,0.00,1.68
CA-2014-133256,2014-06-27,2014,6,Tracy Hopkins,Central,Office Supplies,Paper,4.54,1,0.00,2.04
CA-2014-133256,2014-06-27,2014,6,Tracy Hopkins,Central,Office Supplies,Art,15.92,4,0.00,5.41
CA-2014-133256,2014-06-27,2014,6,Tracy Hopkins,Central,Technology,Phones,543.92,8,0.00,135.98
CA-2014-138310,2014-06-27,2014,6,Nora Preis,West,Technology,Accessories,431.93,9,0.20,64.79
CA-2014-148810,2014-06-27,2014,6,Dan Reichenbach,South,Office Supplies,Labels,13.87,6,0.20,4.68
CA-2014-148810,2014-06-27,2014,6,Dan Reichenbach,South,Furniture,Chairs,273.55,3,0.20,-13.68
CA-2014-157091,2014-06-27,2014,6,Denny Blanton,Central,Furniture,Furnishings,526.45,5,0.00,31.59
CA-2014-161410,2014-06-27,2014,6,Chris Cortes,East,Technology,Phones,358.20,3,0.40,41.79
CA-2014-161410,2014-06-27,2014,6,Chris Cortes,East,Technology,Phones,545.92,14,0.40,72.79
CA-2014-163531,2014-06-27,2014,6,Steven Cartwright,East,Technology,Phones,239.97,3,0.00,67.19
CA-2014-116988,2014-06-28,2014,6,Pauline Webber,West,Office Supplies,Paper,19.44,3,0.00,9.33
CA-2014-116988,2014-06-28,2014,6,Pauline Webber,West,Furniture,Furnishings,126.30,3,0.00,40.42
CA-2014-116988,2014-06-28,2014,6,Pauline Webber,West,Technology,Accessories,1287.45,5,0.00,244.62
CA-2014-123638,2014-06-28,2014,6,Michelle Arnett,East,Furniture,Chairs,191.65,3,0.10,31.94
CA-2014-151190,2014-06-28,2014,6,Greg Tran,Central,Office Supplies,Paper,20.07,3,0.00,9.23
CA-2014-100650,2014-06-30,2014,6,Dean Katz,West,Office Supplies,Storage,1295.78,2,0.00,310.99
CA-2014-137085,2014-06-30,2014,6,Carol Triggs,West,Office Supplies,Binders,312.55,9,0.20,101.58
CA-2014-137449,2014-06-30,2014,6,Max Engle,Central,Office Supplies,Appliances,21.39,2,0.80,-54.55
CA-2014-137449,2014-06-30,2014,6,Max Engle,Central,Furniture,Tables,307.31,3,0.30,-39.51
CA-2014-137449,2014-06-30,2014,6,Max Engle,Central,Furniture,Bookcases,410.00,3,0.32,-96.47
CA-2014-138149,2014-06-30,2014,6,William Brown,West,Office Supplies,Binders,895.92,5,0.20,302.37
CA-2014-138149,2014-06-30,2014,6,William Brown,West,Office Supplies,Storage,130.71,3,0.00,39.21
CA-2014-138149,2014-06-30,2014,6,William Brown,West,Office Supplies,Art,11.68,2,0.00,3.04
CA-2014-138149,2014-06-30,2014,6,William Brown,West,Technology,Accessories,62.31,3,0.00,22.43
CA-2014-143574,2014-06-30,2014,6,Dan Reichenbach,East,Furniture,Bookcases,638.82,9,0.00,185.26
CA-2014-143574,2014-06-30,2014,6,Dan Reichenbach,East,Office Supplies,Supplies,30.69,3,0.00,7.98
CA-2014-143574,2014-06-30,2014,6,Dan Reichenbach,East,Furniture,Furnishings,25.16,2,0.00,8.55
CA-2014-147039,2014-06-30,2014,6,Alex Avila,Central,Office Supplies,Appliances,362.94,3,0.00,90.74
CA-2014-147039,2014-06-30,2014,6,Alex Avila,Central,Office Supplies,Binders,11.54,2,0.00,5.77
US-2014-126081,2014-06-30,2014,6,Fred Chung,Central,Office Supplies,Paper,5.18,1,0.20,1.81
CA-2014-102946,2014-07-01,2014,7,Victor Preis,West,Office Supplies,Binders,75.79,3,0.20,25.58
CA-2014-109393,2014-07-01,2014,7,John Castell,West,Furniture,Bookcases,436.00,3,0.15,5.13
CA-2014-125745,2014-07-01,2014,7,Darrin Van Huff,South,Furniture,Furnishings,19.52,2,0.20,5.37
CA-2014-131695,2014-07-01,2014,7,Ralph Arnett,East,Office Supplies,Storage,248.57,7,0.00,67.11
CA-2014-131695,2014-07-01,2014,7,Ralph Arnett,East,Furniture,Furnishings,22.23,1,0.00,9.78
CA-2014-163006,2014-07-01,2014,7,Gary Hansen,Central,Technology,Phones,1001.58,2,0.20,125.20
CA-2014-163006,2014-07-01,2014,7,Gary Hansen,Central,Furniture,Chairs,569.06,3,0.30,-178.85
CA-2014-163006,2014-07-01,2014,7,Gary Hansen,Central,Furniture,Furnishings,14.22,2,0.60,-10.31
CA-2014-164112,2014-07-01,2014,7,Neil Ducich,East,Office Supplies,Storage,1085.42,7,0.00,282.21
US-2014-102890,2014-07-01,2014,7,Sheri Gordon,East,Furniture,Tables,1044.63,5,0.40,-295.98
US-2014-113201,2014-07-01,2014,7,Thomas Thornton,West,Office Supplies,Paper,204.95,5,0.00,100.43
US-2014-148362,2014-07-02,2014,7,Karen Ferguson,Central,Office Supplies,Storage,443.92,4,0.00,13.32
US-2014-148362,2014-07-02,2014,7,Karen Ferguson,Central,Office Supplies,Binders,169.99,1,0.00,78.20
US-2014-148362,2014-07-02,2014,7,Karen Ferguson,Central,Office Supplies,Paper,25.92,4,0.00,12.44
CA-2014-107958,2014-07-03,2014,7,Adrian Hane,Central,Office Supplies,Paper,163.96,5,0.20,59.44
CA-2014-107958,2014-07-03,2014,7,Adrian Hane,Central,Office Supplies,Binders,5.23,4,0.80,-8.11
CA-2014-106747,2014-07-04,2014,7,Tony Sayre,East,Furniture,Furnishings,102.30,1,0.00,26.60
CA-2014-111647,2014-07-04,2014,7,Rob Dowd,Central,Technology,Phones,167.97,4,0.20,62.99
CA-2014-121503,2014-07-04,2014,7,Frank Hawley,Central,Office Supplies,Paper,273.90,7,0.20,92.44
CA-2014-121503,2014-07-04,2014,7,Frank Hawley,Central,Technology,Machines,597.13,3,0.40,49.76
CA-2014-124828,2014-07-04,2014,7,Yana Sorensen,South,Office Supplies,Art,9.55,3,0.20,1.55
CA-2014-139437,2014-07-04,2014,7,Rob Dowd,West,Office Supplies,Storage,87.92,4,0.00,0.88
CA-2014-140053,2014-07-04,2014,7,Christina Anderson,West,Furniture,Furnishings,545.85,9,0.00,114.63
CA-2014-168109,2014-07-04,2014,7,Jim Kriz,West,Technology,Accessories,59.98,2,0.00,26.39
CA-2014-168109,2014-07-04,2014,7,Jim Kriz,West,Technology,Machines,2395.20,6,0.20,209.58
CA-2014-168109,2014-07-04,2014,7,Jim Kriz,West,Technology,Accessories,1687.80,4,0.00,742.63
CA-2014-168109,2014-07-04,2014,7,Jim Kriz,West,Technology,Phones,7.99,1,0.20,2.70
CA-2014-169124,2014-07-04,2014,7,Maria Bertelson,West,Furniture,Furnishings,129.39,3,0.00,54.34
US-2014-111024,2014-07-04,2014,7,Sam Zeldin,East,Office Supplies,Paper,32.90,4,0.20,11.10
US-2014-111024,2014-07-04,2014,7,Sam Zeldin,East,Furniture,Tables,215.15,2,0.40,-103.99
US-2014-111024,2014-07-04,2014,7,Sam Zeldin,East,Office Supplies,Paper,30.96,6,0.20,11.22
US-2014-126179,2014-07-04,2014,7,Chuck Sachs,South,Furniture,Furnishings,23.99,1,0.00,5.52
US-2014-126179,2014-07-04,2014,7,Chuck Sachs,South,Technology,Phones,287.97,3,0.00,77.75
US-2014-129777,2014-07-04,2014,7,Frank Merwin,East,Technology,Accessories,258.90,10,0.00,93.20
US-2014-129777,2014-07-04,2014,7,Frank Merwin,East,Office Supplies,Paper,24.56,2,0.00,11.54
US-2014-166233,2014-07-04,2014,7,Michael Oakman,South,Technology,Accessories,24.00,2,0.20,-2.70
CA-2014-100223,2014-07-06,2014,7,Linda Southworth,Central,Furniture,Furnishings,332.03,9,0.60,-348.63
CA-2014-100223,2014-07-06,2014,7,Linda Southworth,Central,Office Supplies,Binders,11.39,9,0.80,-17.66
CA-2014-100223,2014-07-06,2014,7,Linda Southworth,Central,Office Supplies,Paper,15.55,3,0.20,5.64
CA-2014-100223,2014-07-06,2014,7,Linda Southworth,Central,Office Supplies,Paper,31.10,6,0.20,11.28
CA-2014-100223,2014-07-06,2014,7,Linda Southworth,Central,Office Supplies,Binders,6.32,1,0.80,-10.42
CA-2014-104388,2014-07-06,2014,7,Damala Kotsonis,Central,Technology,Phones,79.96,4,0.00,22.39
US-2014-101784,2014-07-07,2014,7,Patrick O'Brill,West,Furniture,Chairs,122.14,3,0.20,-13.74
US-2014-124303,2014-07-07,2014,7,Fred Hopkins,East,Office Supplies,Binders,2.95,2,0.70,-2.26
US-2014-124303,2014-07-07,2014,7,Fred Hopkins,East,Office Supplies,Paper,16.06,3,0.20,5.82
US-2014-152492,2014-07-07,2014,7,Angele Hood,South,Furniture,Chairs,239.24,1,0.20,23.92
CA-2014-105053,2014-07-08,2014,7,Christine Sundaresam,East,Office Supplies,Binders,17.47,3,0.20,6.33
CA-2014-106824,2014-07-08,2014,7,Annie Thurman,West,Office Supplies,Fasteners,5.94,3,0.00,0.12
CA-2014-155152,2014-07-08,2014,7,Michael Paige,East,Technology,Accessories,252.00,4,0.00,93.24
US-2014-169551,2014-07-08,2014,7,Rob Lucas,East,Furniture,Bookcases,87.21,3,0.50,-45.35
US-2014-169551,2014-07-08,2014,7,Rob Lucas,East,Office Supplies,Paper,15.55,3,0.20,5.44
US-2014-169551,2014-07-08,2014,7,Rob Lucas,East,Technology,Phones,683.99,2,0.40,-114.00
US-2014-169551,2014-07-08,2014,7,Rob Lucas,East,Office Supplies,Storage,13.39,3,0.20,1.00
US-2014-169551,2014-07-08,2014,7,Rob Lucas,East,Technology,Accessories,16.78,3,0.20,4.82
US-2014-169551,2014-07-08,2014,7,Rob Lucas,East,Technology,Accessories,527.92,2,0.20,85.79
CA-2014-108560,2014-07-09,2014,7,Jenna Caffey,West,Furniture,Furnishings,198.46,2,0.00,99.23
CA-2014-108560,2014-07-09,2014,7,Jenna Caffey,West,Office Supplies,Labels,786.48,8,0.00,385.38
CA-2014-108560,2014-07-09,2014,7,Jenna Caffey,West,Office Supplies,Binders,23.17,2,0.20,7.82
CA-2014-108560,2014-07-09,2014,7,Jenna Caffey,West,Technology,Accessories,50.00,2,0.00,10.50
CA-2014-111759,2014-07-09,2014,7,Mathew Reese,West,Office Supplies,Paper,52.76,2,0.00,24.27
CA-2014-133249,2014-07-09,2014,7,Sam Zeldin,West,Furniture,Furnishings,145.90,5,0.00,62.74
CA-2014-134306,2014-07-09,2014,7,Tamara Dahlen,East,Office Supplies,Art,7.56,3,0.00,3.10
CA-2014-134306,2014-07-09,2014,7,Tamara Dahlen,East,Office Supplies,Paper,24.56,2,0.00,11.54
CA-2014-134306,2014-07-09,2014,7,Tamara Dahlen,East,Office Supplies,Art,12.96,2,0.00,4.15
CA-2014-138464,2014-07-09,2014,7,Vicky Freymann,West,Furniture,Furnishings,15.84,3,0.00,4.91
CA-2014-138464,2014-07-09,2014,7,Vicky Freymann,West,Office Supplies,Binders,86.38,3,0.20,30.23
CA-2014-138464,2014-07-09,2014,7,Vicky Freymann,West,Office Supplies,Art,18.24,3,0.00,6.20
CA-2014-138464,2014-07-09,2014,7,Vicky Freymann,West,Office Supplies,Art,13.12,4,0.00,4.33
CA-2014-140480,2014-07-09,2014,7,Harold Engle,East,Furniture,Furnishings,83.92,4,0.00,5.87
CA-2014-140480,2014-07-09,2014,7,Harold Engle,East,Technology,Accessories,141.90,5,0.00,58.18
CA-2014-140480,2014-07-09,2014,7,Harold Engle,East,Furniture,Furnishings,39.98,2,0.00,9.20
CA-2014-140480,2014-07-09,2014,7,Harold Engle,East,Office Supplies,Art,28.91,7,0.00,8.67
CA-2014-140480,2014-07-09,2014,7,Harold Engle,East,Office Supplies,Art,174.95,5,0.00,45.49
CA-2014-150189,2014-07-09,2014,7,Vivek Gonzalez,West,Office Supplies,Labels,75.18,6,0.00,35.33
CA-2014-115651,2014-07-10,2014,7,Noel Staavos,Central,Office Supplies,Art,8.84,5,0.20,2.98
CA-2014-115651,2014-07-10,2014,7,Noel Staavos,Central,Office Supplies,Appliances,58.46,9,0.80,-146.16
CA-2014-121083,2014-07-10,2014,7,Jamie Frazer,East,Office Supplies,Paper,274.80,5,0.00,134.65
CA-2014-121083,2014-07-10,2014,7,Jamie Frazer,East,Office Supplies,Storage,195.64,4,0.00,3.91
CA-2014-121083,2014-07-10,2014,7,Jamie Frazer,East,Technology,Phones,257.98,2,0.00,74.81
CA-2014-121083,2014-07-10,2014,7,Jamie Frazer,East,Office Supplies,Art,119.04,6,0.00,48.81
CA-2014-132122,2014-07-10,2014,7,John Huston,Central,Office Supplies,Storage,228.92,5,0.20,14.31
CA-2014-145128,2014-07-10,2014,7,Sean Miller,Central,Furniture,Furnishings,526.45,5,0.00,31.59
US-2014-100209,2014-07-10,2014,7,Tamara Dahlen,West,Office Supplies,Binders,1.08,2,0.70,-0.79
CA-2014-127460,2014-07-11,2014,7,Frank Gastineau,Central,Office Supplies,Storage,298.46,6,0.20,26.12
CA-2014-128629,2014-07-11,2014,7,Becky Pak,South,Furniture,Furnishings,18.84,3,0.00,7.91
CA-2014-169012,2014-07-11,2014,7,Beth Fritzler,South,Office Supplies,Appliances,41.91,3,0.00,10.90
CA-2014-127656,2014-07-12,2014,7,Natalie Webber,Central,Office Supplies,Art,30.32,4,0.00,11.82
CA-2014-136623,2014-07-12,2014,7,Tom Stivers,West,Technology,Phones,71.95,6,0.20,5.40
CA-2014-136623,2014-07-12,2014,7,Tom Stivers,West,Office Supplies,Binders,29.80,5,0.20,9.31
CA-2014-156818,2014-07-12,2014,7,Joy Daniels,East,Technology,Accessories,132.60,6,0.00,17.24
CA-2014-162012,2014-07-12,2014,7,Karen Bern,West,Technology,Accessories,1287.45,5,0.00,244.62
CA-2014-162012,2014-07-12,2014,7,Karen Bern,West,Office Supplies,Appliances,168.10,5,0.00,43.71
CA-2014-164959,2014-07-12,2014,7,Katherine Nockton,West,Office Supplies,Labels,8.67,3,0.00,4.07
CA-2014-106047,2014-07-13,2014,7,Cari Schnelling,East,Office Supplies,Paper,3.82,1,0.20,1.19
CA-2014-102155,2014-07-14,2014,7,Rick Reed,Central,Office Supplies,Storage,360.38,2,0.00,93.70
CA-2014-102155,2014-07-14,2014,7,Rick Reed,Central,Office Supplies,Paper,13.56,2,0.00,6.24
CA-2014-136364,2014-07-14,2014,7,Mark Hamilton,East,Technology,Phones,39.59,1,0.40,-7.26
CA-2014-136364,2014-07-14,2014,7,Mark Hamilton,East,Furniture,Furnishings,91.01,9,0.20,19.34
CA-2014-121048,2014-07-15,2014,7,Toby Carlisle,West,Office Supplies,Binders,4.45,2,0.20,1.45
CA-2014-121048,2014-07-15,2014,7,Toby Carlisle,West,Furniture,Furnishings,276.69,3,0.00,49.80
CA-2014-121048,2014-07-15,2014,7,Toby Carlisle,West,Office Supplies,Fasteners,4.96,4,0.00,2.33
CA-2014-121048,2014-07-15,2014,7,Toby Carlisle,West,Office Supplies,Art,71.92,4,0.00,20.86
CA-2014-121048,2014-07-15,2014,7,Toby Carlisle,West,Furniture,Furnishings,18.84,3,0.00,7.91
CA-2014-121048,2014-07-15,2014,7,Toby Carlisle,West,Technology,Accessories,140.97,3,0.00,19.74
CA-2014-121048,2014-07-15,2014,7,Toby Carlisle,West,Technology,Phones,470.38,3,0.20,52.92
US-2014-161935,2014-07-15,2014,7,John Lee,East,Office Supplies,Paper,9.25,2,0.20,3.35
US-2014-161935,2014-07-15,2014,7,John Lee,East,Technology,Phones,1889.95,9,0.40,-377.99
US-2014-161935,2014-07-15,2014,7,John Lee,East,Office Supplies,Storage,62.04,5,0.20,4.65
US-2014-161935,2014-07-15,2014,7,John Lee,East,Furniture,Furnishings,396.92,5,0.20,148.85
US-2014-161935,2014-07-15,2014,7,John Lee,East,Office Supplies,Storage,239.46,7,0.20,17.96
US-2014-161935,2014-07-15,2014,7,John Lee,East,Office Supplies,Art,13.12,5,0.20,2.13
CA-2014-164378,2014-07-16,2014,7,Michelle Moray,East,Office Supplies,Art,6.56,2,0.00,1.90
CA-2014-164378,2014-07-16,2014,7,Michelle Moray,East,Office Supplies,Labels,7.83,3,0.00,3.60
CA-2014-164378,2014-07-16,2014,7,Michelle Moray,East,Technology,Accessories,41.90,2,0.00,8.80
CA-2014-164378,2014-07-16,2014,7,Michelle Moray,East,Furniture,Chairs,664.15,6,0.10,88.55
CA-2014-164378,2014-07-16,2014,7,Michelle Moray,East,Office Supplies,Paper,8.96,2,0.00,4.39
CA-2014-166142,2014-07-16,2014,7,Magdelene Morse,East,Office Supplies,Binders,26.55,3,0.00,13.01
CA-2014-166142,2014-07-16,2014,7,Magdelene Morse,East,Furniture,Tables,310.44,3,0.30,-48.78
US-2014-128951,2014-07-16,2014,7,Ricardo Sperren,South,Office Supplies,Appliances,179.94,3,0.00,50.38
US-2014-128951,2014-07-16,2014,7,Ricardo Sperren,South,Furniture,Tables,872.94,3,0.00,157.13
US-2014-128951,2014-07-16,2014,7,Ricardo Sperren,South,Office Supplies,Paper,12.96,2,0.00,6.22
CA-2014-109778,2014-07-17,2014,7,Valerie Mitchum,Central,Office Supplies,Art,2.91,2,0.20,0.91
US-2014-152842,2014-07-17,2014,7,Natalie Fritzler,South,Furniture,Chairs,242.35,3,0.20,15.15
US-2014-156909,2014-07-17,2014,7,Sandra Flanagan,East,Furniture,Chairs,71.37,2,0.30,-1.02
CA-2014-126662,2014-07-18,2014,7,Alejandro Ballentine,West,Technology,Copiers,479.98,2,0.20,90.00
CA-2014-139948,2014-07-18,2014,7,Shaun Weien,South,Furniture,Furnishings,7.90,2,0.20,2.17
CA-2014-142342,2014-07-18,2014,7,Anthony Johnson,West,Office Supplies,Paper,32.40,5,0.00,15.55
CA-2014-142342,2014-07-18,2014,7,Anthony Johnson,West,Office Supplies,Envelopes,57.90,5,0.00,28.95
CA-2014-142342,2014-07-18,2014,7,Anthony Johnson,West,Office Supplies,Storage,10.56,2,0.00,0.00
CA-2014-142342,2014-07-18,2014,7,Anthony Johnson,West,Furniture,Bookcases,1194.17,5,0.15,210.74
US-2014-105046,2014-07-18,2014,7,Bill Eplett,East,Technology,Phones,269.98,2,0.00,67.50
US-2014-105046,2014-07-18,2014,7,Bill Eplett,East,Office Supplies,Paper,99.90,5,0.00,47.95
US-2014-105046,2014-07-18,2014,7,Bill Eplett,East,Furniture,Furnishings,39.08,4,0.00,14.46
US-2014-142573,2014-07-19,2014,7,Maris LaWare,West,Furniture,Tables,801.60,5,0.50,-448.90
US-2014-142573,2014-07-19,2014,7,Maris LaWare,West,Furniture,Chairs,161.57,2,0.20,10.10
US-2014-142573,2014-07-19,2014,7,Maris LaWare,West,Office Supplies,Paper,16.10,2,0.20,5.23
US-2014-142573,2014-07-19,2014,7,Maris LaWare,West,Office Supplies,Binders,7.66,4,0.70,-6.12
US-2014-142573,2014-07-19,2014,7,Maris LaWare,West,Furniture,Chairs,311.98,3,0.20,-42.90
US-2014-165358,2014-07-19,2014,7,Seth Vernon,East,Technology,Copiers,599.97,5,0.40,70.00
US-2014-165358,2014-07-19,2014,7,Seth Vernon,East,Furniture,Chairs,198.74,4,0.30,-14.20
US-2014-165358,2014-07-19,2014,7,Seth Vernon,East,Office Supplies,Supplies,9.18,2,0.20,1.15
CA-2014-118640,2014-07-21,2014,7,Carlos Soltero,Central,Office Supplies,Storage,69.71,2,0.20,8.71
CA-2014-118640,2014-07-21,2014,7,Carlos Soltero,Central,Furniture,Furnishings,8.79,1,0.60,-5.71
CA-2014-122035,2014-07-21,2014,7,Elizabeth Moffitt,Central,Office Supplies,Labels,14.62,2,0.00,6.87
CA-2014-122035,2014-07-21,2014,7,Elizabeth Moffitt,Central,Office Supplies,Appliances,416.32,2,0.00,112.41
CA-2014-122035,2014-07-21,2014,7,Elizabeth Moffitt,Central,Office Supplies,Binders,43.00,5,0.00,20.21
CA-2014-122035,2014-07-21,2014,7,Elizabeth Moffitt,Central,Furniture,Chairs,182.94,3,0.00,27.44
CA-2014-122035,2014-07-21,2014,7,Elizabeth Moffitt,Central,Office Supplies,Binders,60.83,7,0.00,30.42
CA-2014-122035,2014-07-21,2014,7,Elizabeth Moffitt,Central,Technology,Accessories,389.97,3,0.00,132.59
CA-2014-150497,2014-07-21,2014,7,Suzanne McNair,Central,Office Supplies,Binders,735.98,2,0.00,331.19
US-2014-108343,2014-07-21,2014,7,Anthony Rawles,East,Office Supplies,Paper,13.36,2,0.00,6.41
US-2014-108343,2014-07-21,2014,7,Anthony Rawles,East,Furniture,Chairs,163.76,2,0.10,25.47
US-2014-108343,2014-07-21,2014,7,Anthony Rawles,East,Furniture,Furnishings,183.92,4,0.00,31.27
CA-2014-103478,2014-07-22,2014,7,Kelly Lampkin,Central,Office Supplies,Binders,2.86,4,0.80,-4.58
CA-2014-103478,2014-07-22,2014,7,Kelly Lampkin,Central,Office Supplies,Binders,94.19,7,0.80,-164.84
CA-2014-104731,2014-07-22,2014,7,Anne McFarland,South,Office Supplies,Art,101.94,6,0.00,29.56
CA-2014-104731,2014-07-22,2014,7,Anne McFarland,South,Technology,Phones,271.96,4,0.00,67.99
CA-2014-104731,2014-07-22,2014,7,Anne McFarland,South,Furniture,Furnishings,8.80,5,0.00,3.87
CA-2014-104731,2014-07-22,2014,7,Anne McFarland,South,Office Supplies,Art,19.68,6,0.00,5.71
CA-2014-104731,2014-07-22,2014,7,Anne McFarland,South,Furniture,Bookcases,302.94,3,0.00,69.68
CA-2014-104731,2014-07-22,2014,7,Anne McFarland,South,Office Supplies,Binders,14.94,3,0.00,7.17
CA-2014-104731,2014-07-22,2014,7,Anne McFarland,South,Office Supplies,Supplies,231.72,2,0.00,11.59
CA-2014-118724,2014-07-22,2014,7,Anthony Rawles,West,Office Supplies,Art,3.52,2,0.00,1.69
CA-2014-118724,2014-07-22,2014,7,Anthony Rawles,West,Technology,Phones,1626.19,9,0.20,121.96
CA-2014-145093,2014-07-22,2014,7,Pete Takahito,Central,Office Supplies,Binders,2.11,2,0.80,-3.38
CA-2014-145429,2014-07-22,2014,7,Shaun Weien,West,Office Supplies,Paper,16.34,2,0.00,7.68
CA-2014-145429,2014-07-22,2014,7,Shaun Weien,West,Furniture,Chairs,225.30,2,0.20,22.53
CA-2014-145429,2014-07-22,2014,7,Shaun Weien,West,Office Supplies,Binders,50.35,3,0.20,17.62
US-2014-123204,2014-07-22,2014,7,Cari Schnelling,East,Office Supplies,Appliances,17.48,4,0.00,4.54
US-2014-123834,2014-07-22,2014,7,Gene McClure,Central,Furniture,Tables,124.40,4,0.30,-21.33
US-2014-127719,2014-07-22,2014,7,Tamara Willingham,East,Office Supplies,Paper,6.48,1,0.00,3.18
US-2014-158505,2014-07-22,2014,7,Sarah Foster,West,Technology,Phones,71.93,9,0.20,6.29
US-2014-158505,2014-07-22,2014,7,Sarah Foster,West,Office Supplies,Art,25.99,1,0.00,7.54
US-2014-160465,2014-07-22,2014,7,Sean Wendt,East,Office Supplies,Binders,33.93,3,0.70,-22.62
US-2014-160465,2014-07-22,2014,7,Sean Wendt,East,Office Supplies,Storage,222.32,7,0.20,25.01
US-2014-160465,2014-07-22,2014,7,Sean Wendt,East,Technology,Phones,210.56,6,0.40,-52.64
CA-2014-109750,2014-07-23,2014,7,Fred Hopkins,East,Technology,Phones,29.97,3,0.00,14.09
US-2014-106551,2014-07-23,2014,7,Eric Barreto,Central,Furniture,Chairs,526.34,4,0.30,-75.19
CA-2014-103506,2014-07-24,2014,7,Lisa Ryan,East,Office Supplies,Labels,41.40,4,0.00,19.87
CA-2014-110940,2014-07-24,2014,7,Annie Zypern,Central,Office Supplies,Art,121.54,4,0.20,15.19
CA-2014-117240,2014-07-24,2014,7,Christine Phan,East,Office Supplies,Binders,13.13,3,0.20,4.27
CA-2014-118346,2014-07-24,2014,7,Philisse Overcash,Central,Technology,Accessories,399.95,5,0.00,143.98
CA-2014-125367,2014-07-24,2014,7,Nathan Mautz,East,Office Supplies,Binders,13.92,3,0.20,4.35
CA-2014-133718,2014-07-24,2014,7,Tracy Blumstein,West,Office Supplies,Binders,15.19,3,0.20,5.51
CA-2014-133718,2014-07-24,2014,7,Tracy Blumstein,West,Office Supplies,Paper,58.32,9,0.00,27.99
US-2014-101721,2014-07-24,2014,7,Maribeth Yedwab,Central,Office Supplies,Paper,63.31,3,0.20,20.58
US-2014-169320,2014-07-24,2014,7,Lena Hernandez,Central,Office Supplies,Art,11.68,2,0.00,5.49
US-2014-169320,2014-07-24,2014,7,Lena Hernandez,Central,Technology,Accessories,159.75,5,0.00,11.18
US-2014-135013,2014-07-25,2014,7,Harold Ryan,West,Technology,Copiers,2399.96,5,0.20,839.99
CA-2014-121293,2014-07-26,2014,7,John Castell,East,Furniture,Furnishings,20.10,4,0.20,3.01
CA-2014-121293,2014-07-26,2014,7,John Castell,East,Office Supplies,Supplies,37.75,3,0.20,4.25
CA-2014-121293,2014-07-26,2014,7,John Castell,East,Furniture,Tables,138.59,1,0.40,-34.65
CA-2014-121293,2014-07-26,2014,7,John Castell,East,Office Supplies,Storage,259.92,5,0.20,-25.99
CA-2014-121293,2014-07-26,2014,7,John Castell,East,Office Supplies,Paper,20.74,4,0.20,7.26
CA-2014-125640,2014-07-26,2014,7,Dorothy Dickinson,East,Office Supplies,Labels,3.30,1,0.20,1.07
CA-2014-167549,2014-07-26,2014,7,Evan Minnotte,Central,Furniture,Tables,298.12,6,0.30,-4.26
CA-2014-169810,2014-07-26,2014,7,Raymond Buch,Central,Office Supplies,Labels,20.23,7,0.00,9.51
US-2014-167318,2014-07-27,2014,7,George Zrebassa,West,Technology,Accessories,1649.95,5,0.00,659.98
US-2014-167318,2014-07-27,2014,7,George Zrebassa,West,Furniture,Chairs,362.35,3,0.20,45.29
CA-2014-107209,2014-07-28,2014,7,Joni Wasserman,South,Furniture,Chairs,194.85,4,0.20,12.18
CA-2014-108791,2014-07-28,2014,7,Tony Molinari,East,Furniture,Furnishings,14.89,1,0.00,4.02
CA-2014-108791,2014-07-28,2014,7,Tony Molinari,East,Technology,Phones,543.92,8,0.00,135.98
CA-2014-123239,2014-07-28,2014,7,Mike Gockenbach,South,Furniture,Furnishings,91.03,3,0.20,-2.28
CA-2014-133046,2014-07-28,2014,7,Dennis Kane,West,Furniture,Furnishings,23.88,3,0.00,10.51
CA-2014-133046,2014-07-28,2014,7,Dennis Kane,West,Office Supplies,Paper,26.20,4,0.00,12.05
CA-2014-133046,2014-07-28,2014,7,Dennis Kane,West,Office Supplies,Paper,12.96,2,0.00,6.22
CA-2014-133046,2014-07-28,2014,7,Dennis Kane,West,Technology,Accessories,234.95,5,0.00,32.89
CA-2014-130841,2014-07-29,2014,7,Matt Hagelstein,West,Office Supplies,Binders,9.98,4,0.20,3.62
CA-2014-130841,2014-07-29,2014,7,Matt Hagelstein,West,Office Supplies,Storage,14.98,1,0.00,4.19
CA-2014-130841,2014-07-29,2014,7,Matt Hagelstein,West,Technology,Phones,1145.60,4,0.20,100.24
CA-2014-101483,2014-07-30,2014,7,Anna Gayman,South,Office Supplies,Appliances,34.85,2,0.20,6.53
CA-2014-101483,2014-07-30,2014,7,Anna Gayman,South,Technology,Phones,22.00,5,0.20,1.38
CA-2014-101483,2014-07-30,2014,7,Anna Gayman,South,Office Supplies,Art,4.37,3,0.20,0.38
CA-2014-130771,2014-07-30,2014,7,Laura Armstrong,Central,Office Supplies,Fasteners,2.90,2,0.20,0.47
CA-2014-130771,2014-07-30,2014,7,Laura Armstrong,Central,Technology,Phones,124.79,1,0.20,15.60
CA-2014-146031,2014-07-30,2014,7,Gary McGarr,East,Office Supplies,Art,60.12,9,0.00,22.24
US-2014-113852,2014-07-30,2014,7,Giulietta Weimer,West,Technology,Accessories,90.57,3,0.00,11.77
US-2014-115301,2014-07-30,2014,7,Vivek Gonzalez,West,Furniture,Bookcases,115.96,2,0.00,25.51
US-2014-130953,2014-07-30,2014,7,Roland Fjeld,Central,Office Supplies,Binders,33.48,2,0.00,16.41
US-2014-130953,2014-07-30,2014,7,Roland Fjeld,Central,Technology,Phones,461.97,3,0.00,133.97
US-2014-130953,2014-07-30,2014,7,Roland Fjeld,Central,Office Supplies,Appliances,137.62,2,0.00,60.55
US-2014-130953,2014-07-30,2014,7,Roland Fjeld,Central,Furniture,Chairs,302.67,3,0.00,72.64
CA-2014-141103,2014-07-31,2014,7,Jay Fein,East,Technology,Phones,89.95,5,0.00,43.18
CA-2014-155740,2014-07-31,2014,7,Tony Chapman,East,Office Supplies,Binders,76.78,4,0.70,-53.74
CA-2014-167913,2014-07-31,2014,7,John Lee,West,Office Supplies,Storage,330.40,2,0.00,85.90
CA-2014-167913,2014-07-31,2014,7,John Lee,West,Office Supplies,Labels,26.25,7,0.00,12.60
CA-2014-115805,2014-08-01,2014,8,Katrina Willman,Central,Technology,Phones,36.79,1,0.20,4.14
CA-2014-121909,2014-08-01,2014,8,Erin Ashbrook,East,Office Supplies,Paper,54.82,3,0.20,17.82
CA-2014-125752,2014-08-01,2014,8,Eugene Hildebrand,South,Technology,Accessories,41.42,2,0.20,8.28
CA-2014-126144,2014-08-01,2014,8,Greg Matthias,East,Technology,Phones,285.58,4,0.40,-57.12
CA-2014-147032,2014-08-01,2014,8,Laurel Beltran,East,Office Supplies,Paper,11.54,1,0.00,5.54
CA-2014-147032,2014-08-01,2014,8,Laurel Beltran,East,Office Supplies,Binders,849.95,5,0.00,390.98
CA-2014-147032,2014-08-01,2014,8,Laurel Beltran,East,Office Supplies,Binders,11.01,3,0.00,5.39
CA-2014-161102,2014-08-01,2014,8,Erin Creighton,West,Office Supplies,Storage,56.56,2,0.00,15.27
CA-2014-161102,2014-08-01,2014,8,Erin Creighton,West,Furniture,Furnishings,36.96,7,0.00,11.46
US-2014-165869,2014-08-01,2014,8,Luke Schmidt,Central,Office Supplies,Binders,17.52,4,0.00,8.41
US-2014-165869,2014-08-01,2014,8,Luke Schmidt,Central,Office Supplies,Appliances,155.88,6,0.00,54.56
CA-2014-124576,2014-08-02,2014,8,Heather Kirkland,West,Office Supplies,Binders,54.90,2,0.20,18.53
CA-2014-133235,2014-08-02,2014,8,Larry Hughes,South,Technology,Phones,271.96,5,0.20,17.00
CA-2014-135034,2014-08-02,2014,8,Annie Thurman,Central,Technology,Phones,95.98,2,0.20,6.00
CA-2014-162691,2014-08-02,2014,8,Aaron Smayling,Central,Technology,Machines,1439.98,3,0.40,-264.00
CA-2014-162691,2014-08-02,2014,8,Aaron Smayling,Central,Office Supplies,Paper,36.29,7,0.20,12.70
CA-2014-168942,2014-08-02,2014,8,Eric Murdock,West,Office Supplies,Storage,186.54,3,0.00,50.37
CA-2014-140781,2014-08-04,2014,8,Adrian Barton,Central,Technology,Accessories,39.82,3,0.20,7.47
CA-2014-141747,2014-08-04,2014,8,Scot Coram,West,Office Supplies,Storage,16.06,1,0.00,4.18
CA-2014-163566,2014-08-04,2014,8,Ted Butterfield,East,Office Supplies,Labels,16.52,5,0.20,5.37
CA-2014-165386,2014-08-04,2014,8,Charlotte Melton,Central,Furniture,Bookcases,183.37,2,0.30,-36.67
CA-2014-168396,2014-08-04,2014,8,Bruce Degenhardt,West,Office Supplies,Labels,51.75,5,0.00,24.84
CA-2014-168396,2014-08-04,2014,8,Bruce Degenhardt,West,Furniture,Furnishings,123.96,3,0.00,11.16
US-2014-143175,2014-08-04,2014,8,George Ashbrook,West,Office Supplies,Storage,99.87,3,0.00,23.97
CA-2014-132738,2014-08-05,2014,8,Harry Marie,West,Office Supplies,Paper,7.97,2,0.20,2.89
CA-2014-132738,2014-08-05,2014,8,Harry Marie,West,Office Supplies,Envelopes,8.78,1,0.20,3.18
CA-2014-146367,2014-08-05,2014,8,Harry Marie,Central,Office Supplies,Binders,3.32,3,0.80,-5.64
CA-2014-117695,2014-08-06,2014,8,Pauline Webber,South,Office Supplies,Paper,13.76,2,0.00,6.33
CA-2014-128328,2014-08-06,2014,8,Patrick O'Donnell,Central,Office Supplies,Binders,125.88,6,0.00,60.42
CA-2014-128328,2014-08-06,2014,8,Patrick O'Donnell,Central,Technology,Accessories,79.78,2,0.00,29.52
CA-2014-128328,2014-08-06,2014,8,Patrick O'Donnell,Central,Office Supplies,Labels,133.20,9,0.00,66.60
CA-2014-154676,2014-08-06,2014,8,Nick Zandusky,Central,Office Supplies,Storage,151.06,9,0.20,7.55
CA-2014-136609,2014-08-07,2014,8,Todd Boyes,Central,Office Supplies,Paper,115.30,3,0.20,40.35
CA-2014-151981,2014-08-07,2014,8,Gary Mitchum,East,Technology,Phones,824.95,5,0.00,247.49
CA-2014-151981,2014-08-07,2014,8,Gary Mitchum,East,Office Supplies,Labels,24.64,8,0.00,11.83
CA-2014-151981,2014-08-07,2014,8,Gary Mitchum,East,Office Supplies,Art,227.88,6,0.00,68.36
CA-2014-161200,2014-08-07,2014,8,Seth Vernon,South,Furniture,Bookcases,145.74,3,0.00,23.32
CA-2014-161200,2014-08-07,2014,8,Seth Vernon,South,Furniture,Furnishings,15.40,5,0.00,7.39
CA-2014-168172,2014-08-07,2014,8,Shahid Hopkins,East,Office Supplies,Supplies,70.12,4,0.00,21.04
CA-2014-110821,2014-08-08,2014,8,Chloris Kastensmidt,Central,Technology,Accessories,119.45,3,0.20,-13.44
CA-2014-110821,2014-08-08,2014,8,Chloris Kastensmidt,Central,Office Supplies,Storage,118.16,2,0.20,-25.11
CA-2014-115175,2014-08-08,2014,8,Matt Collins,West,Office Supplies,Paper,244.55,5,0.00,114.94
CA-2014-117023,2014-08-08,2014,8,Joni Wasserman,East,Office Supplies,Art,11.68,2,0.00,5.49
CA-2014-117023,2014-08-08,2014,8,Joni Wasserman,East,Office Supplies,Art,104.80,10,0.00,26.20
CA-2014-156776,2014-08-08,2014,8,Jeremy Lonsdale,West,Technology,Phones,707.88,3,0.20,44.24
CA-2014-156776,2014-08-08,2014,8,Jeremy Lonsdale,West,Office Supplies,Binders,11.95,3,0.20,4.18
CA-2014-156776,2014-08-08,2014,8,Jeremy Lonsdale,West,Office Supplies,Binders,31.13,3,0.20,11.67
CA-2014-156776,2014-08-08,2014,8,Jeremy Lonsdale,West,Technology,Accessories,55.76,4,0.00,7.81
CA-2014-156776,2014-08-08,2014,8,Jeremy Lonsdale,West,Office Supplies,Paper,24.56,2,0.00,11.54
CA-2014-156776,2014-08-08,2014,8,Jeremy Lonsdale,West,Furniture,Furnishings,51.75,1,0.00,15.53
CA-2014-156776,2014-08-08,2014,8,Jeremy Lonsdale,West,Furniture,Chairs,207.18,1,0.20,25.90
CA-2014-156776,2014-08-08,2014,8,Jeremy Lonsdale,West,Office Supplies,Appliances,1473.10,5,0.00,412.47
CA-2014-158344,2014-08-08,2014,8,Cindy Chapman,Central,Technology,Accessories,63.96,4,0.00,19.83
CA-2014-163321,2014-08-08,2014,8,Fred McMath,South,Technology,Accessories,79.99,1,0.20,22.00
US-2014-155999,2014-08-08,2014,8,Jay Kimmel,West,Technology,Phones,159.96,5,0.20,18.00
US-2014-155999,2014-08-08,2014,8,Jay Kimmel,West,Office Supplies,Binders,13.76,2,0.20,4.64
CA-2014-143063,2014-08-11,2014,8,Ivan Liston,Central,Office Supplies,Envelopes,70.08,6,0.00,35.04
CA-2014-143063,2014-08-11,2014,8,Ivan Liston,Central,Furniture,Furnishings,121.30,2,0.00,25.47
CA-2014-143063,2014-08-11,2014,8,Ivan Liston,Central,Technology,Phones,1454.49,9,0.00,378.17
CA-2014-145443,2014-08-11,2014,8,Steve Chapman,Central,Office Supplies,Paper,177.20,5,0.00,83.28
CA-2014-100433,2014-08-12,2014,8,Sanjit Jacobs,East,Office Supplies,Paper,25.92,4,0.00,12.44
CA-2014-139311,2014-08-12,2014,8,Sylvia Foulston,Central,Office Supplies,Paper,29.66,4,0.20,10.01
CA-2014-139311,2014-08-12,2014,8,Sylvia Foulston,Central,Office Supplies,Art,9.18,7,0.20,2.87
CA-2014-139311,2014-08-12,2014,8,Sylvia Foulston,Central,Technology,Phones,153.58,2,0.20,13.44
CA-2014-139311,2014-08-12,2014,8,Sylvia Foulston,Central,Office Supplies,Binders,12.86,8,0.80,-22.51
CA-2014-160899,2014-08-12,2014,8,Daniel Raglin,South,Office Supplies,Binders,477.51,11,0.00,219.65
CA-2014-106537,2014-08-13,2014,8,Rick Hansen,South,Office Supplies,Paper,20.74,4,0.20,7.26
CA-2014-152310,2014-08-13,2014,8,Dana Kaydos,West,Technology,Copiers,299.99,1,0.00,90.00
CA-2014-152310,2014-08-13,2014,8,Dana Kaydos,West,Office Supplies,Paper,192.16,4,0.00,92.24
CA-2014-152310,2014-08-13,2014,8,Dana Kaydos,West,Technology,Phones,242.62,8,0.20,27.30
CA-2014-152310,2014-08-13,2014,8,Dana Kaydos,West,Office Supplies,Storage,46.74,3,0.00,11.69
CA-2014-152310,2014-08-13,2014,8,Dana Kaydos,West,Technology,Accessories,174.95,5,0.00,12.25
CA-2014-152310,2014-08-13,2014,8,Dana Kaydos,West,Office Supplies,Binders,100.70,6,0.20,37.76
CA-2014-158169,2014-08-13,2014,8,Justin MacKendrick,West,Office Supplies,Appliances,542.94,3,0.00,152.02
CA-2014-158169,2014-08-13,2014,8,Justin MacKendrick,West,Furniture,Furnishings,54.92,4,0.00,19.77
US-2014-118941,2014-08-13,2014,8,Brenda Bowman,East,Office Supplies,Art,17.52,3,0.00,5.26
US-2014-118941,2014-08-13,2014,8,Brenda Bowman,East,Furniture,Chairs,1779.90,5,0.00,373.78
US-2014-118941,2014-08-13,2014,8,Brenda Bowman,East,Office Supplies,Art,219.90,5,0.00,59.37
CA-2014-100580,2014-08-14,2014,8,Michael Kennedy,West,Office Supplies,Binders,36.02,3,0.20,11.71
CA-2014-128363,2014-08-14,2014,8,Dan Campbell,South,Office Supplies,Appliances,272.05,7,0.20,30.61
CA-2014-128363,2014-08-14,2014,8,Dan Campbell,South,Office Supplies,Binders,1614.58,6,0.70,-1237.85
CA-2014-128363,2014-08-14,2014,8,Dan Campbell,South,Office Supplies,Fasteners,24.32,5,0.20,9.12
CA-2014-128363,2014-08-14,2014,8,Dan Campbell,South,Technology,Accessories,1.58,2,0.20,0.48
CA-2014-128363,2014-08-14,2014,8,Dan Campbell,South,Furniture,Furnishings,31.98,1,0.20,0.00
CA-2014-128363,2014-08-14,2014,8,Dan Campbell,South,Office Supplies,Envelopes,14.76,5,0.20,4.80
CA-2014-128363,2014-08-14,2014,8,Dan Campbell,South,Furniture,Chairs,423.65,2,0.20,47.66
CA-2014-167542,2014-08-14,2014,8,Keith Dawkins,East,Office Supplies,Labels,17.54,3,0.20,5.92
US-2014-103828,2014-08-14,2014,8,Jay Kimmel,West,Office Supplies,Storage,31.44,3,0.00,8.49
US-2014-103828,2014-08-14,2014,8,Jay Kimmel,West,Office Supplies,Appliances,83.79,7,0.00,22.62
US-2014-103828,2014-08-14,2014,8,Jay Kimmel,West,Office Supplies,Art,59.52,3,0.00,15.48
US-2014-103828,2014-08-14,2014,8,Jay Kimmel,West,Office Supplies,Supplies,31.92,4,0.00,9.26
CA-2014-105921,2014-08-15,2014,8,Janet Martin,West,Furniture,Tables,418.30,3,0.20,5.23
CA-2014-169264,2014-08-15,2014,8,Nora Preis,West,Office Supplies,Labels,5.76,2,0.00,2.82
CA-2014-169264,2014-08-15,2014,8,Nora Preis,West,Office Supplies,Art,16.68,6,0.00,4.34
CA-2014-138548,2014-08-16,2014,8,James Galang,East,Office Supplies,Appliances,97.84,2,0.00,25.44
CA-2014-144883,2014-08-16,2014,8,Bill Overfelt,Central,Office Supplies,Labels,50.40,8,0.00,23.18
US-2014-117723,2014-08-16,2014,8,Dionis Lloyd,East,Office Supplies,Storage,1801.63,6,0.20,-337.81
CA-2014-122987,2014-08-17,2014,8,Sarah Jordon,South,Office Supplies,Binders,13.43,3,0.70,-11.19
CA-2014-122987,2014-08-17,2014,8,Sarah Jordon,South,Office Supplies,Storage,67.14,4,0.20,-0.84
CA-2014-118892,2014-08-18,2014,8,Tom Prescott,East,Furniture,Chairs,4416.17,9,0.30,-630.88
CA-2014-133102,2014-08-18,2014,8,Emily Ducich,Central,Office Supplies,Supplies,5.55,2,0.20,-1.04
CA-2014-133102,2014-08-18,2014,8,Emily Ducich,Central,Office Supplies,Art,8.02,3,0.20,1.00
CA-2014-133102,2014-08-18,2014,8,Emily Ducich,Central,Furniture,Chairs,74.59,4,0.30,-2.13
CA-2014-133102,2014-08-18,2014,8,Emily Ducich,Central,Furniture,Furnishings,16.78,2,0.60,-22.24
CA-2014-133102,2014-08-18,2014,8,Emily Ducich,Central,Office Supplies,Appliances,38.86,4,0.80,-99.10
CA-2014-151211,2014-08-18,2014,8,Adrian Hane,South,Office Supplies,Binders,102.93,3,0.00,48.38
CA-2014-151211,2014-08-18,2014,8,Adrian Hane,South,Technology,Accessories,98.16,6,0.00,9.82
CA-2014-166093,2014-08-18,2014,8,Rick Wilson,West,Office Supplies,Envelopes,23.36,2,0.00,11.68
CA-2014-166093,2014-08-18,2014,8,Rick Wilson,West,Technology,Phones,71.98,3,0.20,9.00
CA-2014-166093,2014-08-18,2014,8,Rick Wilson,West,Office Supplies,Paper,8.56,2,0.00,3.85
CA-2014-166093,2014-08-18,2014,8,Rick Wilson,West,Office Supplies,Binders,13.92,3,0.20,4.87
CA-2014-166093,2014-08-18,2014,8,Rick Wilson,West,Office Supplies,Appliances,2518.29,9,0.00,654.76
CA-2014-166093,2014-08-18,2014,8,Rick Wilson,West,Office Supplies,Storage,540.57,3,0.00,140.55
CA-2014-166093,2014-08-18,2014,8,Rick Wilson,West,Office Supplies,Binders,221.06,8,0.20,77.37
US-2014-111423,2014-08-18,2014,8,Edward Hooks,East,Office Supplies,Binders,895.92,5,0.20,302.37
US-2014-111423,2014-08-18,2014,8,Edward Hooks,East,Furniture,Chairs,462.56,2,0.10,97.65
CA-2014-112809,2014-08-19,2014,8,Russell Applegate,Central,Office Supplies,Storage,200.06,3,0.20,12.50
CA-2014-112809,2014-08-19,2014,8,Russell Applegate,Central,Office Supplies,Binders,21.38,5,0.80,-33.14
CA-2014-112809,2014-08-19,2014,8,Russell Applegate,Central,Office Supplies,Binders,6.74,4,0.80,-11.46
CA-2014-117947,2014-08-19,2014,8,Nat Gilpin,East,Furniture,Furnishings,40.48,2,0.00,15.79
CA-2014-117947,2014-08-19,2014,8,Nat Gilpin,East,Furniture,Furnishings,9.94,2,0.00,3.08
CA-2014-117947,2014-08-19,2014,8,Nat Gilpin,East,Office Supplies,Binders,107.42,9,0.20,33.57
CA-2014-117947,2014-08-19,2014,8,Nat Gilpin,East,Technology,Phones,37.91,1,0.00,10.99
CA-2014-117947,2014-08-19,2014,8,Nat Gilpin,East,Furniture,Furnishings,88.02,3,0.00,27.29
CA-2014-119809,2014-08-19,2014,8,Yana Sorensen,West,Office Supplies,Binders,2793.53,9,0.20,942.82
CA-2014-119809,2014-08-19,2014,8,Yana Sorensen,West,Office Supplies,Storage,1000.02,7,0.00,290.01
CA-2014-119809,2014-08-19,2014,8,Yana Sorensen,West,Furniture,Furnishings,65.94,3,0.00,22.42
CA-2014-121027,2014-08-19,2014,8,Helen Wasserman,West,Technology,Accessories,843.90,2,0.00,371.32
CA-2014-121027,2014-08-19,2014,8,Helen Wasserman,West,Technology,Accessories,1496.16,9,0.00,224.42
CA-2014-122028,2014-08-19,2014,8,Chloris Kastensmidt,East,Office Supplies,Binders,10.78,3,0.70,-7.91
CA-2014-151358,2014-08-19,2014,8,Nicole Fjeld,West,Office Supplies,Storage,323.10,2,0.00,61.39
CA-2014-162936,2014-08-19,2014,8,Charles McCrossin,East,Technology,Accessories,23.18,2,0.00,7.65
CA-2014-163069,2014-08-19,2014,8,Pauline Johnson,East,Office Supplies,Art,9.91,3,0.20,1.24
CA-2014-101728,2014-08-20,2014,8,Sonia Cooley,Central,Office Supplies,Binders,2.30,2,0.80,-3.90
CA-2014-115777,2014-08-20,2014,8,Doug O'Connell,East,Office Supplies,Paper,19.44,3,0.00,9.33
CA-2014-132339,2014-08-20,2014,8,Jennifer Braxton,East,Office Supplies,Binders,387.99,1,0.00,182.36
US-2014-100398,2014-08-20,2014,8,Denny Ordway,West,Office Supplies,Binders,102.72,3,0.20,37.24
CA-2014-105326,2014-08-21,2014,8,Kean Thornton,West,Office Supplies,Paper,25.92,4,0.00,12.44
CA-2014-119011,2014-08-21,2014,8,Lisa Ryan,West,Office Supplies,Supplies,17.22,3,0.00,5.17
CA-2014-119011,2014-08-21,2014,8,Lisa Ryan,West,Office Supplies,Storage,226.56,6,0.00,63.44
CA-2014-119011,2014-08-21,2014,8,Lisa Ryan,West,Technology,Phones,107.88,3,0.20,10.79
CA-2014-137344,2014-08-21,2014,8,Eleni McCrary,East,Office Supplies,Storage,40.29,3,0.00,10.48
US-2014-111241,2014-08-21,2014,8,Gene McClure,West,Office Supplies,Binders,239.12,5,0.20,77.71
US-2014-114356,2014-08-21,2014,8,Tonja Turnell,South,Technology,Phones,35.96,1,0.20,3.60
CA-2014-112956,2014-08-22,2014,8,Tracy Hopkins,East,Office Supplies,Paper,277.40,5,0.00,133.15
CA-2014-112956,2014-08-22,2014,8,Tracy Hopkins,East,Furniture,Furnishings,25.16,2,0.00,8.55
CA-2014-112956,2014-08-22,2014,8,Tracy Hopkins,East,Furniture,Furnishings,91.92,4,0.00,31.25
CA-2014-117646,2014-08-22,2014,8,Sung Chung,West,Office Supplies,Storage,237.10,3,0.20,20.75
CA-2014-117646,2014-08-22,2014,8,Sung Chung,West,Furniture,Furnishings,22.75,3,0.20,7.11
CA-2014-117646,2014-08-22,2014,8,Sung Chung,West,Office Supplies,Paper,6.67,1,0.20,2.09
CA-2014-121489,2014-08-22,2014,8,Candace McMahon,West,Furniture,Chairs,388.70,6,0.20,38.87
CA-2014-121489,2014-08-22,2014,8,Candace McMahon,West,Office Supplies,Storage,572.58,6,0.00,34.35
CA-2014-121489,2014-08-22,2014,8,Candace McMahon,West,Technology,Accessories,33.18,2,0.00,11.61
CA-2014-126956,2014-08-22,2014,8,Greg Tran,Central,Office Supplies,Fasteners,35.00,7,0.00,16.80
CA-2014-126956,2014-08-22,2014,8,Greg Tran,Central,Office Supplies,Supplies,37.24,4,0.00,10.80
CA-2014-126956,2014-08-22,2014,8,Greg Tran,Central,Office Supplies,Envelopes,15.28,2,0.00,7.49
CA-2014-144750,2014-08-22,2014,8,Dionis Lloyd,West,Office Supplies,Paper,83.88,1,0.20,29.36
CA-2014-155705,2014-08-22,2014,8,Natalie Fritzler,South,Furniture,Chairs,866.40,4,0.00,225.26
US-2014-102183,2014-08-22,2014,8,Pete Kriz,East,Office Supplies,Binders,32.09,7,0.20,11.23
US-2014-102183,2014-08-22,2014,8,Pete Kriz,East,Office Supplies,Binders,4305.55,6,0.20,1453.12
US-2014-109253,2014-08-22,2014,8,Patrick Ryan,West,Office Supplies,Art,17.12,4,0.00,4.96
US-2014-109253,2014-08-22,2014,8,Patrick Ryan,West,Technology,Phones,431.97,4,0.20,37.80
US-2014-109253,2014-08-22,2014,8,Patrick Ryan,West,Furniture,Furnishings,129.92,4,0.00,10.39
US-2014-109253,2014-08-22,2014,8,Patrick Ryan,West,Furniture,Tables,568.73,3,0.20,28.44
US-2014-109253,2014-08-22,2014,8,Patrick Ryan,West,Office Supplies,Binders,117.14,9,0.20,42.46
US-2014-109253,2014-08-22,2014,8,Patrick Ryan,West,Office Supplies,Appliances,203.52,3,0.00,54.95
US-2014-109253,2014-08-22,2014,8,Patrick Ryan,West,Office Supplies,Labels,51.75,5,0.00,24.84
CA-2014-131037,2014-08-23,2014,8,Tony Molinari,West,Furniture,Tables,210.01,1,0.20,2.63
US-2014-132381,2014-08-23,2014,8,Dean percer,East,Furniture,Tables,314.53,2,0.40,-83.88
CA-2014-129021,2014-08-24,2014,8,Patrick O'Brill,South,Technology,Phones,4367.90,13,0.20,327.59
CA-2014-129021,2014-08-24,2014,8,Patrick O'Brill,South,Office Supplies,Paper,49.57,2,0.20,15.49
CA-2014-129021,2014-08-24,2014,8,Patrick O'Brill,South,Office Supplies,Appliances,161.38,6,0.20,12.10
CA-2014-129021,2014-08-24,2014,8,Patrick O'Brill,South,Furniture,Furnishings,2.78,2,0.20,0.42
CA-2014-129021,2014-08-24,2014,8,Patrick O'Brill,South,Office Supplies,Paper,8.72,5,0.20,2.94
CA-2014-123043,2014-08-25,2014,8,Alan Haines,East,Office Supplies,Binders,24.67,4,0.20,7.71
CA-2014-123043,2014-08-25,2014,8,Alan Haines,East,Office Supplies,Binders,3.74,1,0.20,1.31
CA-2014-139717,2014-08-25,2014,8,Darrin Martin,East,Office Supplies,Appliances,646.27,8,0.20,64.63
CA-2014-139717,2014-08-25,2014,8,Darrin Martin,East,Office Supplies,Paper,10.37,2,0.20,3.76
CA-2014-101210,2014-08-26,2014,8,Don Weiss,South,Office Supplies,Art,9.73,2,0.20,1.70
CA-2014-101210,2014-08-26,2014,8,Don Weiss,South,Office Supplies,Paper,3.42,1,0.20,1.07
CA-2014-114636,2014-08-26,2014,8,Guy Armstrong,South,Office Supplies,Paper,192.16,5,0.20,67.26
CA-2014-159793,2014-08-26,2014,8,Seth Vernon,East,Furniture,Bookcases,130.98,2,0.50,-89.07
US-2014-105697,2014-08-26,2014,8,Joe Elijah,East,Office Supplies,Storage,25.70,2,0.20,1.93
CA-2014-128475,2014-08-27,2014,8,Steve Carroll,South,Technology,Accessories,71.98,2,0.00,15.12
CA-2014-132584,2014-08-27,2014,8,Heather Jas,Central,Office Supplies,Storage,53.72,4,0.00,13.97
CA-2014-157350,2014-08-27,2014,8,Darren Powers,Central,Furniture,Furnishings,64.96,5,0.60,-43.85
CA-2014-101273,2014-08-28,2014,8,Shui Tom,South,Office Supplies,Appliances,14.34,4,0.20,0.90
CA-2014-130036,2014-08-28,2014,8,Ben Peterman,East,Office Supplies,Paper,12.67,3,0.20,3.96
CA-2014-130036,2014-08-28,2014,8,Ben Peterman,East,Technology,Accessories,1119.89,14,0.20,209.98
CA-2014-133501,2014-08-28,2014,8,Dana Kaydos,South,Office Supplies,Paper,5.18,1,0.20,1.81
CA-2014-155047,2014-08-28,2014,8,Sanjit Engle,Central,Office Supplies,Art,5.95,1,0.20,0.37
CA-2014-161956,2014-08-28,2014,8,Dan Reichenbach,West,Furniture,Furnishings,198.46,2,0.00,99.23
CA-2014-161956,2014-08-28,2014,8,Dan Reichenbach,West,Office Supplies,Appliances,321.92,4,0.00,96.58
CA-2014-161956,2014-08-28,2014,8,Dan Reichenbach,West,Technology,Copiers,879.98,2,0.20,329.99
CA-2014-161956,2014-08-28,2014,8,Dan Reichenbach,West,Office Supplies,Supplies,28.40,5,0.00,8.24
CA-2014-161956,2014-08-28,2014,8,Dan Reichenbach,West,Furniture,Chairs,230.28,3,0.20,23.03
CA-2014-161956,2014-08-28,2014,8,Dan Reichenbach,West,Office Supplies,Paper,116.28,3,0.00,56.98
CA-2014-161956,2014-08-28,2014,8,Dan Reichenbach,West,Office Supplies,Binders,841.57,2,0.20,294.55
CA-2014-161956,2014-08-28,2014,8,Dan Reichenbach,West,Office Supplies,Storage,354.90,5,0.00,17.75
CA-2014-163097,2014-08-28,2014,8,Sarah Foster,West,Furniture,Furnishings,120.58,8,0.20,33.16
US-2014-134481,2014-08-28,2014,8,Allen Rosenblatt,East,Furniture,Tables,1488.42,7,0.30,-297.68
US-2014-139465,2014-08-28,2014,8,Mathew Reese,East,Office Supplies,Storage,63.84,8,0.00,16.60
US-2014-139465,2014-08-28,2014,8,Mathew Reese,East,Technology,Phones,347.97,3,0.00,100.91
US-2014-139465,2014-08-28,2014,8,Mathew Reese,East,Office Supplies,Binders,37.01,6,0.20,11.57
US-2014-162208,2014-08-28,2014,8,Stefania Perrino,South,Office Supplies,Envelopes,2.90,1,0.20,0.98
CA-2014-126067,2014-08-29,2014,8,Kristina Nunn,West,Technology,Phones,35.17,4,0.20,11.43
CA-2014-126067,2014-08-29,2014,8,Kristina Nunn,West,Furniture,Tables,1137.75,5,0.00,250.31
CA-2014-126067,2014-08-29,2014,8,Kristina Nunn,West,Office Supplies,Binders,99.68,5,0.20,32.40
CA-2014-126067,2014-08-29,2014,8,Kristina Nunn,West,Office Supplies,Art,5.56,2,0.00,1.45
CA-2014-146920,2014-08-29,2014,8,Sean Christensen,Central,Office Supplies,Paper,25.34,6,0.20,7.92
CA-2014-146920,2014-08-29,2014,8,Sean Christensen,Central,Office Supplies,Paper,26.72,5,0.20,9.35
US-2014-169502,2014-08-29,2014,8,Matthew Grinstein,Central,Office Supplies,Supplies,21.81,3,0.00,5.89
US-2014-169502,2014-08-29,2014,8,Matthew Grinstein,Central,Office Supplies,Appliances,91.60,5,0.00,26.56
CA-2014-101014,2014-08-30,2014,8,Rick Wilson,West,Furniture,Furnishings,148.02,3,0.00,41.45
CA-2014-104024,2014-08-30,2014,8,Michael Dominguez,East,Office Supplies,Art,9.41,7,0.20,0.71
CA-2014-144064,2014-08-30,2014,8,Cathy Prescott,Central,Office Supplies,Labels,47.36,4,0.20,17.76
CA-2014-144064,2014-08-30,2014,8,Cathy Prescott,Central,Office Supplies,Storage,27.44,2,0.20,2.40
CA-2014-144064,2014-08-30,2014,8,Cathy Prescott,Central,Office Supplies,Binders,3.24,9,0.80,-5.18
CA-2014-107321,2014-09-01,2014,9,Arthur Wiediger,West,Office Supplies,Binders,6.67,3,0.20,2.17
CA-2014-107321,2014-09-01,2014,9,Arthur Wiediger,West,Technology,Phones,689.41,4,0.20,77.56
CA-2014-117198,2014-09-01,2014,9,Barry Gonzalez,South,Technology,Accessories,659.90,2,0.00,217.77
CA-2014-127712,2014-09-01,2014,9,Michael Granlund,West,Office Supplies,Supplies,6.21,2,0.20,0.70
CA-2014-132619,2014-09-01,2014,9,Maxwell Schwartz,West,Office Supplies,Storage,193.95,3,0.00,9.70
CA-2014-133004,2014-09-01,2014,9,Ashley Jarboe,Central,Office Supplies,Appliances,638.73,9,0.00,166.07
CA-2014-154074,2014-09-01,2014,9,Bart Watters,West,Furniture,Chairs,569.57,2,0.20,7.12
CA-2014-154074,2014-09-01,2014,9,Bart Watters,West,Office Supplies,Storage,149.73,7,0.00,43.42
CA-2014-159884,2014-09-01,2014,9,Jeremy Farry,West,Office Supplies,Storage,10.74,1,0.20,0.81
CA-2014-159884,2014-09-01,2014,9,Jeremy Farry,West,Office Supplies,Fasteners,8.38,3,0.20,2.72
US-2014-135062,2014-09-01,2014,9,Rob Lucas,South,Office Supplies,Paper,229.54,7,0.20,83.21
CA-2014-107909,2014-09-02,2014,9,Sung Shariari,West,Technology,Accessories,19.99,1,0.00,6.80
CA-2014-107909,2014-09-02,2014,9,Sung Shariari,West,Office Supplies,Binders,22.92,5,0.20,8.02
CA-2014-128041,2014-09-02,2014,9,Rick Wilson,West,Office Supplies,Appliances,314.60,4,0.00,103.82
CA-2014-128041,2014-09-02,2014,9,Rick Wilson,West,Furniture,Tables,283.56,4,0.00,45.37
CA-2014-131625,2014-09-02,2014,9,Bradley Nguyen,East,Furniture,Furnishings,114.90,5,0.00,39.07
CA-2014-145653,2014-09-02,2014,9,Cynthia Arntzen,Central,Furniture,Chairs,498.26,7,0.00,134.53
US-2014-135230,2014-09-02,2014,9,Christine Kargatis,West,Office Supplies,Art,7.58,1,0.00,2.96
CA-2014-102218,2014-09-03,2014,9,Luke Weiss,West,Office Supplies,Labels,11.70,2,0.20,3.95
CA-2014-110380,2014-09-03,2014,9,Phillip Flathmann,West,Office Supplies,Art,6.57,3,0.00,1.77
CA-2014-111220,2014-09-03,2014,9,Jill Stevenson,Central,Office Supplies,Fasteners,16.00,4,0.20,5.60
CA-2014-111220,2014-09-03,2014,9,Jill Stevenson,Central,Office Supplies,Appliances,5.59,2,0.80,-15.09
CA-2014-111220,2014-09-03,2014,9,Jill Stevenson,Central,Office Supplies,Storage,235.92,5,0.20,-44.24
CA-2014-111388,2014-09-03,2014,9,Stephanie Ulpright,West,Furniture,Chairs,215.98,3,0.20,-2.70
CA-2014-113075,2014-09-03,2014,9,Mick Crebagga,Central,Technology,Accessories,40.68,3,0.20,-7.12
CA-2014-114216,2014-09-03,2014,9,Ralph Kennedy,East,Office Supplies,Paper,12.19,3,0.20,4.11
CA-2014-114552,2014-09-03,2014,9,Dorris liebe,East,Furniture,Furnishings,15.07,3,0.20,4.14
CA-2014-123001,2014-09-03,2014,9,Anthony Witt,West,Office Supplies,Art,9.40,5,0.00,2.73
CA-2014-123001,2014-09-03,2014,9,Anthony Witt,West,Office Supplies,Labels,74.00,5,0.00,37.00
CA-2014-123001,2014-09-03,2014,9,Anthony Witt,West,Technology,Phones,201.58,2,0.20,12.60
CA-2014-137596,2014-09-03,2014,9,Bill Eplett,Central,Technology,Phones,1199.80,4,0.00,323.95
CA-2014-137596,2014-09-03,2014,9,Bill Eplett,Central,Technology,Accessories,1928.78,7,0.00,829.38
CA-2014-137596,2014-09-03,2014,9,Bill Eplett,Central,Office Supplies,Storage,352.38,2,0.00,81.05
CA-2014-145037,2014-09-03,2014,9,Ted Butterfield,East,Office Supplies,Storage,10.90,1,0.00,2.83
CA-2014-145037,2014-09-03,2014,9,Ted Butterfield,East,Office Supplies,Paper,79.92,4,0.00,37.56
CA-2014-145037,2014-09-03,2014,9,Ted Butterfield,East,Office Supplies,Paper,146.82,3,0.00,73.41
CA-2014-146983,2014-09-03,2014,9,Alan Hwang,South,Office Supplies,Binders,1577.94,3,0.00,757.41
CA-2014-157987,2014-09-03,2014,9,Ann Chong,East,Office Supplies,Art,23.10,2,0.00,6.47
CA-2014-157987,2014-09-03,2014,9,Ann Chong,East,Furniture,Furnishings,11.54,2,0.00,3.46
CA-2014-157987,2014-09-03,2014,9,Ann Chong,East,Furniture,Tables,254.53,1,0.40,-93.33
CA-2014-157987,2014-09-03,2014,9,Ann Chong,East,Office Supplies,Appliances,12.98,1,0.00,3.76
CA-2014-157987,2014-09-03,2014,9,Ann Chong,East,Office Supplies,Binders,26.43,8,0.20,8.92
CA-2014-157987,2014-09-03,2014,9,Ann Chong,East,Technology,Phones,197.97,3,0.00,57.41
CA-2014-157987,2014-09-03,2014,9,Ann Chong,East,Office Supplies,Labels,18.90,6,0.00,9.07
CA-2014-157987,2014-09-03,2014,9,Ann Chong,East,Furniture,Chairs,1282.41,5,0.10,213.74
CA-2014-157987,2014-09-03,2014,9,Ann Chong,East,Office Supplies,Art,4.92,3,0.00,2.21
CA-2014-157987,2014-09-03,2014,9,Ann Chong,East,Technology,Accessories,238.00,2,0.00,38.08
CA-2014-157987,2014-09-03,2014,9,Ann Chong,East,Technology,Accessories,167.97,3,0.00,40.31
CA-2014-157987,2014-09-03,2014,9,Ann Chong,East,Office Supplies,Paper,17.12,4,0.00,7.70
CA-2014-169327,2014-09-03,2014,9,Marc Harrigan,West,Office Supplies,Appliances,43.10,5,0.00,11.21
CA-2014-169327,2014-09-03,2014,9,Marc Harrigan,West,Furniture,Furnishings,511.50,5,0.00,132.99
CA-2014-169327,2014-09-03,2014,9,Marc Harrigan,West,Office Supplies,Binders,147.92,5,0.20,46.23
US-2014-163657,2014-09-03,2014,9,Janet Lee,West,Office Supplies,Binders,18.72,5,0.20,6.55
US-2014-163657,2014-09-03,2014,9,Janet Lee,West,Furniture,Tables,236.53,2,0.20,-2.96
CA-2014-123022,2014-09-04,2014,9,Sample Company A,West,Office Supplies,Binders,82.56,5,0.20,28.90
CA-2014-123022,2014-09-04,2014,9,Sample Company A,West,Technology,Accessories,284.97,3,0.00,85.49
CA-2014-146136,2014-09-04,2014,9,Arthur Prichep,South,Office Supplies,Envelopes,24.45,4,0.20,8.86
CA-2014-161067,2014-09-04,2014,9,Katrina Bavinger,East,Office Supplies,Paper,419.40,4,0.00,201.31
CA-2014-161067,2014-09-04,2014,9,Katrina Bavinger,East,Furniture,Chairs,90.80,1,0.10,14.12
CA-2014-161067,2014-09-04,2014,9,Katrina Bavinger,East,Furniture,Chairs,181.76,2,0.10,-8.08
CA-2014-161067,2014-09-04,2014,9,Katrina Bavinger,East,Office Supplies,Art,5.56,2,0.00,2.22
CA-2014-161557,2014-09-04,2014,9,Arthur Gainer,Central,Furniture,Furnishings,108.40,5,0.60,-105.69
CA-2014-161823,2014-09-04,2014,9,Aleksandra Gannaway,West,Office Supplies,Art,5.96,2,0.00,1.67
CA-2014-167626,2014-09-04,2014,9,Muhammed Yedwab,Central,Office Supplies,Paper,8.90,3,0.20,3.34
CA-2014-167626,2014-09-04,2014,9,Muhammed Yedwab,Central,Technology,Accessories,100.80,2,0.20,21.42
US-2014-122637,2014-09-04,2014,9,Emily Phan,Central,Office Supplies,Binders,42.62,7,0.80,-68.19
US-2014-153255,2014-09-04,2014,9,Joe Kamberova,West,Furniture,Bookcases,239.67,2,0.15,14.10
CA-2014-100783,2014-09-05,2014,9,Julie Kriz,Central,Office Supplies,Art,30.38,1,0.20,3.80
CA-2014-101182,2014-09-05,2014,9,Katrina Bavinger,West,Office Supplies,Paper,12.96,2,0.00,6.22
CA-2014-101182,2014-09-05,2014,9,Katrina Bavinger,West,Technology,Phones,43.18,3,0.20,15.11
CA-2014-102750,2014-09-05,2014,9,Greg Maxwell,West,Furniture,Tables,1322.35,3,0.20,-99.18
CA-2014-109757,2014-09-05,2014,9,Maribeth Dona,East,Office Supplies,Art,8.26,4,0.20,0.62
CA-2014-109757,2014-09-05,2014,9,Maribeth Dona,East,Office Supplies,Binders,25.56,5,0.70,-20.45
CA-2014-109757,2014-09-05,2014,9,Maribeth Dona,East,Office Supplies,Binders,4.37,2,0.70,-3.06
CA-2014-109757,2014-09-05,2014,9,Maribeth Dona,East,Office Supplies,Paper,11.52,4,0.20,3.74
CA-2014-116680,2014-09-05,2014,9,Pete Kriz,West,Office Supplies,Binders,13.34,6,0.20,4.34
CA-2014-116680,2014-09-05,2014,9,Pete Kriz,West,Furniture,Tables,1478.27,8,0.20,92.39
CA-2014-117261,2014-09-05,2014,9,Tiffany House,West,Office Supplies,Storage,54.32,4,0.00,0.54
CA-2014-117394,2014-09-05,2014,9,Michael Moore,East,Technology,Accessories,19.04,4,0.20,-1.43
CA-2014-120761,2014-09-05,2014,9,Aimee Bixby,East,Technology,Accessories,91.96,4,0.00,39.54
CA-2014-137582,2014-09-05,2014,9,Cynthia Voltz,West,Office Supplies,Binders,11.81,3,0.20,4.13
CA-2014-140326,2014-09-05,2014,9,Helen Wasserman,Central,Furniture,Bookcases,825.17,9,0.30,-117.88
CA-2014-140326,2014-09-05,2014,9,Helen Wasserman,Central,Office Supplies,Paper,17.76,3,0.20,5.55
CA-2014-140326,2014-09-05,2014,9,Helen Wasserman,Central,Office Supplies,Art,6.91,3,0.20,0.86
CA-2014-141929,2014-09-05,2014,9,Ralph Arnett,West,Office Supplies,Binders,487.98,2,0.20,152.50
CA-2014-141929,2014-09-05,2014,9,Ralph Arnett,West,Technology,Phones,5.56,1,0.20,1.74
CA-2014-141929,2014-09-05,2014,9,Ralph Arnett,West,Office Supplies,Storage,217.85,5,0.00,65.36
CA-2014-147410,2014-09-05,2014,9,Eva Jacobs,West,Office Supplies,Storage,421.10,2,0.00,105.28
CA-2014-152485,2014-09-05,2014,9,John Dryer,Central,Office Supplies,Art,10.19,7,0.20,3.19
CA-2014-152485,2014-09-05,2014,9,John Dryer,Central,Office Supplies,Storage,16.78,1,0.20,-0.21
CA-2014-152485,2014-09-05,2014,9,John Dryer,Central,Office Supplies,Art,13.12,5,0.20,3.77
US-2014-117450,2014-09-05,2014,9,Doug O'Connell,South,Furniture,Chairs,97.18,2,0.20,6.07
US-2014-117450,2014-09-05,2014,9,Doug O'Connell,South,Office Supplies,Paper,10.37,2,0.20,3.63
US-2014-147655,2014-09-05,2014,9,Aaron Smayling,West,Office Supplies,Binders,88.07,7,0.70,-58.72
US-2014-166394,2014-09-05,2014,9,Vivian Mathis,East,Office Supplies,Fasteners,14.82,6,0.00,6.97
CA-2014-102736,2014-09-06,2014,9,Liz Preis,South,Technology,Accessories,89.57,4,0.20,-1.12
CA-2014-102736,2014-09-06,2014,9,Liz Preis,South,Office Supplies,Art,71.96,5,0.20,7.20
CA-2014-102736,2014-09-06,2014,9,Liz Preis,South,Office Supplies,Paper,15.55,3,0.20,5.44
CA-2014-107293,2014-09-06,2014,9,Christopher Schild,West,Office Supplies,Art,2.78,1,0.00,0.72
CA-2014-120705,2014-09-06,2014,9,Michael Grace,South,Office Supplies,Storage,147.18,2,0.20,-29.44
CA-2014-100160,2014-09-08,2014,9,Cassandra Brandow,East,Office Supplies,Labels,29.24,5,0.20,9.87
CA-2014-100160,2014-09-08,2014,9,Cassandra Brandow,East,Office Supplies,Paper,15.55,3,0.20,5.44
CA-2014-100160,2014-09-08,2014,9,Cassandra Brandow,East,Office Supplies,Envelopes,4.90,3,0.20,1.65
CA-2014-100335,2014-09-08,2014,9,Nicole Fjeld,Central,Office Supplies,Paper,73.01,9,0.20,26.47
CA-2014-103877,2014-09-08,2014,9,Robert Dilbeck,Central,Office Supplies,Binders,1577.94,3,0.00,757.41
CA-2014-107244,2014-09-08,2014,9,Allen Goldenen,West,Furniture,Furnishings,19.76,4,0.00,8.30
CA-2014-124401,2014-09-08,2014,9,Ruben Dartt,West,Office Supplies,Storage,37.68,3,0.20,2.36
CA-2014-124401,2014-09-08,2014,9,Ruben Dartt,West,Technology,Accessories,279.94,7,0.20,80.48
CA-2014-128769,2014-09-08,2014,9,Dario Medina,South,Office Supplies,Appliances,81.57,2,0.20,7.14
CA-2014-128783,2014-09-08,2014,9,Trudy Glocke,Central,Technology,Accessories,113.52,4,0.00,46.54
CA-2014-128783,2014-09-08,2014,9,Trudy Glocke,Central,Furniture,Furnishings,135.30,5,0.00,37.88
CA-2014-148929,2014-09-08,2014,9,Stefania Perrino,East,Office Supplies,Storage,478.08,8,0.00,133.86
CA-2014-151008,2014-09-08,2014,9,Justin MacKendrick,West,Furniture,Furnishings,25.16,2,0.00,10.57
CA-2014-151008,2014-09-08,2014,9,Justin MacKendrick,West,Technology,Phones,126.56,4,0.20,47.46
CA-2014-163692,2014-09-08,2014,9,Dean percer,West,Office Supplies,Binders,7.86,3,0.70,-6.02
US-2014-104094,2014-09-08,2014,9,Anna Gayman,Central,Technology,Accessories,13.48,1,0.00,1.89
US-2014-129441,2014-09-08,2014,9,Jasper Cacioppo,West,Furniture,Furnishings,47.94,3,0.00,2.40
US-2014-130687,2014-09-08,2014,9,Phillip Flathmann,West,Furniture,Furnishings,80.96,4,0.00,34.81
US-2014-130687,2014-09-08,2014,9,Phillip Flathmann,West,Technology,Phones,455.71,2,0.20,34.18
US-2014-130687,2014-09-08,2014,9,Phillip Flathmann,West,Office Supplies,Art,25.98,1,0.00,7.27
US-2014-150070,2014-09-08,2014,9,Joseph Airdo,West,Furniture,Chairs,161.57,2,0.20,-28.27
US-2014-169488,2014-09-08,2014,9,Allen Armold,East,Office Supplies,Paper,16.90,5,0.00,7.77
US-2014-169488,2014-09-08,2014,9,Allen Armold,East,Office Supplies,Paper,39.96,2,0.00,18.78
CA-2014-126396,2014-09-09,2014,9,Alex Russell,Central,Technology,Accessories,85.20,6,0.20,20.24
CA-2014-132437,2014-09-09,2014,9,Eudokia Martin,East,Office Supplies,Storage,65.12,4,0.00,16.93
CA-2014-144456,2014-09-09,2014,9,Frank Carlisle,South,Office Supplies,Storage,61.68,5,0.20,5.40
CA-2014-144456,2014-09-09,2014,9,Frank Carlisle,South,Technology,Phones,158.38,3,0.20,13.86
CA-2014-149895,2014-09-09,2014,9,Eugene Barchas,East,Technology,Phones,258.53,2,0.40,-47.40
CA-2014-152856,2014-09-09,2014,9,Roland Schwarz,East,Technology,Accessories,116.83,4,0.20,33.59
CA-2014-158036,2014-09-09,2014,9,Dorothy Badders,East,Technology,Accessories,9.10,1,0.20,1.71
US-2014-124779,2014-09-09,2014,9,Barry Französisch,Central,Office Supplies,Binders,42.62,7,0.80,-68.19
US-2014-124779,2014-09-09,2014,9,Barry Französisch,Central,Technology,Copiers,319.98,2,0.20,107.99
US-2014-124779,2014-09-09,2014,9,Barry Französisch,Central,Office Supplies,Fasteners,45.92,5,0.20,15.50
US-2014-124779,2014-09-09,2014,9,Barry Französisch,Central,Furniture,Furnishings,21.18,2,0.60,-11.65
US-2014-124779,2014-09-09,2014,9,Barry Französisch,Central,Office Supplies,Paper,20.74,4,0.20,7.26
US-2014-124779,2014-09-09,2014,9,Barry Französisch,Central,Furniture,Chairs,213.43,5,0.30,-39.64
US-2014-124968,2014-09-09,2014,9,Michelle Moray,Central,Furniture,Tables,765.63,7,0.50,-566.56
CA-2014-100825,2014-09-10,2014,9,Keith Dawkins,West,Office Supplies,Storage,99.87,3,0.00,23.97
CA-2014-137498,2014-09-10,2014,9,Liz Carlisle,West,Office Supplies,Art,6.56,2,0.00,1.90
CA-2014-137498,2014-09-10,2014,9,Liz Carlisle,West,Furniture,Chairs,243.92,5,0.20,-15.25
CA-2014-137498,2014-09-10,2014,9,Liz Carlisle,West,Office Supplies,Paper,47.52,9,0.00,22.81
CA-2014-139444,2014-09-10,2014,9,Grace Kelly,Central,Office Supplies,Labels,9.86,4,0.20,3.45
CA-2014-147228,2014-09-10,2014,9,Sean O'Donnell,South,Office Supplies,Supplies,8.83,3,0.20,-1.99
CA-2014-147228,2014-09-10,2014,9,Sean O'Donnell,South,Office Supplies,Paper,177.54,4,0.20,62.14
CA-2014-147228,2014-09-10,2014,9,Sean O'Donnell,South,Office Supplies,Storage,258.48,2,0.20,-3.23
CA-2014-147228,2014-09-10,2014,9,Sean O'Donnell,South,Furniture,Furnishings,14.14,3,0.20,4.24
CA-2014-147361,2014-09-10,2014,9,Sean Braxton,South,Office Supplies,Storage,628.81,7,0.00,12.58
CA-2014-147361,2014-09-10,2014,9,Sean Braxton,South,Office Supplies,Storage,56.45,5,0.00,14.68
CA-2014-152198,2014-09-10,2014,9,Joy Daniels,East,Office Supplies,Labels,17.71,6,0.20,5.98
CA-2014-152198,2014-09-10,2014,9,Joy Daniels,East,Office Supplies,Binders,4.86,3,0.70,-3.56
CA-2014-152198,2014-09-10,2014,9,Joy Daniels,East,Office Supplies,Binders,6.26,2,0.70,-5.22
CA-2014-155929,2014-09-10,2014,9,Arianne Irving,West,Office Supplies,Paper,6.37,2,0.20,2.39
CA-2014-168403,2014-09-10,2014,9,Damala Kotsonis,West,Office Supplies,Paper,31.10,6,0.20,11.28
CA-2014-168403,2014-09-10,2014,9,Damala Kotsonis,West,Office Supplies,Appliances,11.18,1,0.20,0.84
CA-2014-169439,2014-09-10,2014,9,Logan Currie,East,Office Supplies,Art,25.92,5,0.20,3.89
CA-2014-169439,2014-09-10,2014,9,Logan Currie,East,Furniture,Furnishings,66.11,2,0.20,-9.09
US-2014-118087,2014-09-10,2014,9,Stefania Perrino,East,Furniture,Chairs,141.37,2,0.30,-48.47
US-2014-118087,2014-09-10,2014,9,Stefania Perrino,East,Office Supplies,Binders,3.04,2,0.70,-2.33
US-2014-118087,2014-09-10,2014,9,Stefania Perrino,East,Office Supplies,Binders,4.50,1,0.70,-3.60
US-2014-118087,2014-09-10,2014,9,Stefania Perrino,East,Office Supplies,Art,4.67,1,0.20,1.58
US-2014-118087,2014-09-10,2014,9,Stefania Perrino,East,Technology,Accessories,95.88,3,0.20,28.76
US-2014-118087,2014-09-10,2014,9,Stefania Perrino,East,Furniture,Furnishings,17.02,2,0.20,1.70
US-2014-118087,2014-09-10,2014,9,Stefania Perrino,East,Technology,Accessories,258.70,3,0.20,64.67
US-2014-118087,2014-09-10,2014,9,Stefania Perrino,East,Technology,Phones,1931.96,7,0.40,-386.39
US-2014-146213,2014-09-10,2014,9,Matt Connell,West,Technology,Accessories,159.96,4,0.00,51.19
US-2014-159562,2014-09-10,2014,9,Joy Bell-,Central,Office Supplies,Envelopes,17.48,2,0.00,8.22
CA-2014-110905,2014-09-11,2014,9,Robert Waldorf,Central,Office Supplies,Binders,16.20,3,0.00,7.78
CA-2014-110905,2014-09-11,2014,9,Robert Waldorf,Central,Office Supplies,Appliances,33.99,3,0.00,14.62
CA-2014-110905,2014-09-11,2014,9,Robert Waldorf,Central,Technology,Accessories,296.85,5,0.00,53.43
CA-2014-110905,2014-09-11,2014,9,Robert Waldorf,Central,Technology,Accessories,112.80,6,0.00,6.77
CA-2014-110905,2014-09-11,2014,9,Robert Waldorf,Central,Office Supplies,Binders,13.71,3,0.00,6.58
CA-2014-110905,2014-09-11,2014,9,Robert Waldorf,Central,Office Supplies,Paper,24.90,5,0.00,11.70
CA-2014-110905,2014-09-11,2014,9,Robert Waldorf,Central,Office Supplies,Storage,286.29,3,0.00,17.18
CA-2014-110905,2014-09-11,2014,9,Robert Waldorf,Central,Office Supplies,Appliances,24.18,2,0.00,7.25
CA-2014-120999,2014-09-11,2014,9,Linda Cazamias,Central,Technology,Phones,147.17,4,0.20,16.56
CA-2014-122280,2014-09-11,2014,9,Shahid Hopkins,East,Office Supplies,Paper,18.76,2,0.00,9.00
CA-2014-123036,2014-09-11,2014,9,Helen Abelman,East,Technology,Accessories,37.06,4,0.20,8.80
CA-2014-123036,2014-09-11,2014,9,Helen Abelman,East,Technology,Phones,259.90,2,0.40,-56.31
CA-2014-126438,2014-09-11,2014,9,Alex Russell,East,Office Supplies,Art,14.88,2,0.00,3.72
CA-2014-128370,2014-09-11,2014,9,Frank Hawley,West,Furniture,Chairs,362.35,3,0.20,27.18
CA-2014-128370,2014-09-11,2014,9,Frank Hawley,West,Office Supplies,Binders,7.18,2,0.20,2.25
CA-2014-147403,2014-09-11,2014,9,Ken Heidel,East,Office Supplies,Paper,85.06,3,0.20,28.71
CA-2014-152093,2014-09-11,2014,9,Skye Norling,Central,Office Supplies,Binders,762.59,3,0.80,-1143.89
CA-2014-159954,2014-09-11,2014,9,Shahid Shariari,South,Office Supplies,Binders,2.78,1,0.00,1.36
CA-2014-112774,2014-09-12,2014,9,Ryan Crowe,South,Furniture,Furnishings,34.50,1,0.20,6.04
CA-2014-117044,2014-09-12,2014,9,Helen Andreada,Central,Office Supplies,Fasteners,10.53,4,0.20,3.29
CA-2014-117044,2014-09-12,2014,9,Helen Andreada,Central,Office Supplies,Paper,20.54,6,0.20,6.42
CA-2014-124898,2014-09-12,2014,9,Daniel Byrd,South,Office Supplies,Paper,184.66,7,0.00,84.94
CA-2014-127726,2014-09-12,2014,9,Shahid Shariari,South,Office Supplies,Appliances,195.68,4,0.00,50.88
CA-2014-127726,2014-09-12,2014,9,Shahid Shariari,South,Office Supplies,Fasteners,14.20,4,0.00,6.67
CA-2014-144484,2014-09-12,2014,9,Cassandra Brandow,West,Furniture,Furnishings,32.36,4,0.00,11.65
CA-2014-144484,2014-09-12,2014,9,Cassandra Brandow,West,Office Supplies,Appliances,406.60,5,0.00,113.85
CA-2014-149559,2014-09-12,2014,9,Karen Ferguson,West,Office Supplies,Paper,12.96,2,0.00,6.22
CA-2014-149559,2014-09-12,2014,9,Karen Ferguson,West,Office Supplies,Envelopes,22.18,2,0.00,10.87
CA-2014-149559,2014-09-12,2014,9,Karen Ferguson,West,Furniture,Chairs,2054.27,8,0.20,256.78
CA-2014-166898,2014-09-12,2014,9,Ken Heidel,West,Technology,Phones,143.95,6,0.20,17.99
CA-2014-166898,2014-09-12,2014,9,Ken Heidel,West,Office Supplies,Paper,19.44,3,0.00,9.33
US-2014-142188,2014-09-12,2014,9,Jennifer Ferguson,West,Furniture,Chairs,177.57,2,0.20,8.88
US-2014-142188,2014-09-12,2014,9,Jennifer Ferguson,West,Office Supplies,Paper,19.44,3,0.00,9.33
US-2014-142188,2014-09-12,2014,9,Jennifer Ferguson,West,Office Supplies,Paper,71.28,11,0.00,34.21
US-2014-142188,2014-09-12,2014,9,Jennifer Ferguson,West,Office Supplies,Binders,1471.96,5,0.20,459.99
US-2014-142188,2014-09-12,2014,9,Jennifer Ferguson,West,Technology,Phones,79.96,5,0.20,-17.99
US-2014-152898,2014-09-12,2014,9,Cassandra Brandow,South,Office Supplies,Appliances,67.90,5,0.00,20.37
US-2014-160836,2014-09-12,2014,9,Cindy Chapman,Central,Office Supplies,Paper,10.27,3,0.20,3.21
US-2014-160836,2014-09-12,2014,9,Cindy Chapman,Central,Furniture,Tables,512.19,5,0.30,-65.85
US-2014-160836,2014-09-12,2014,9,Cindy Chapman,Central,Office Supplies,Appliances,1.56,2,0.80,-4.20
CA-2014-103611,2014-09-13,2014,9,Jessica Myrick,West,Furniture,Furnishings,8.36,2,0.00,3.01
CA-2014-108749,2014-09-13,2014,9,Don Jones,East,Office Supplies,Paper,45.36,7,0.00,21.77
CA-2014-108749,2014-09-13,2014,9,Don Jones,East,Office Supplies,Binders,45.78,3,0.00,22.89
CA-2014-140676,2014-09-13,2014,9,Bart Folk,East,Office Supplies,Paper,39.90,5,0.00,19.95
CA-2014-140676,2014-09-13,2014,9,Bart Folk,East,Office Supplies,Appliances,90.86,7,0.00,26.35
CA-2014-140676,2014-09-13,2014,9,Bart Folk,East,Office Supplies,Paper,94.85,5,0.00,45.53
US-2014-109582,2014-09-13,2014,9,John Murray,West,Office Supplies,Paper,166.44,3,0.00,79.89
CA-2014-139493,2014-09-14,2014,9,Speros Goranitis,South,Office Supplies,Art,15.92,5,0.20,2.79
CA-2014-108931,2014-09-15,2014,9,Henia Zydlo,East,Office Supplies,Paper,8.56,2,0.00,3.85
CA-2014-108931,2014-09-15,2014,9,Henia Zydlo,East,Office Supplies,Paper,11.56,2,0.00,5.66
CA-2014-114440,2014-09-15,2014,9,Tracy Blumstein,Central,Office Supplies,Paper,19.05,3,0.00,8.76
CA-2014-115882,2014-09-15,2014,9,Dorothy Badders,South,Office Supplies,Appliances,942.78,4,0.20,94.28
CA-2014-115882,2014-09-15,2014,9,Dorothy Badders,South,Office Supplies,Paper,74.35,3,0.20,23.24
CA-2014-130302,2014-09-15,2014,9,Craig Yedwab,East,Technology,Accessories,895.94,7,0.20,190.39
CA-2014-147725,2014-09-15,2014,9,Liz Thompson,East,Office Supplies,Art,70.95,3,0.00,18.45
CA-2014-152975,2014-09-15,2014,9,Roger Barcio,East,Technology,Phones,1079.85,3,0.00,323.96
CA-2014-152975,2014-09-15,2014,9,Roger Barcio,East,Office Supplies,Storage,70.98,1,0.00,3.55
CA-2014-152975,2014-09-15,2014,9,Roger Barcio,East,Office Supplies,Art,29.95,5,0.00,8.69
CA-2014-152975,2014-09-15,2014,9,Roger Barcio,East,Furniture,Chairs,589.41,5,0.10,-6.55
CA-2014-156237,2014-09-15,2014,9,Pamela Stobb,East,Office Supplies,Binders,3.88,2,0.70,-2.59
CA-2014-156237,2014-09-15,2014,9,Pamela Stobb,East,Technology,Machines,12.59,1,0.70,-18.04
CA-2014-156237,2014-09-15,2014,9,Pamela Stobb,East,Furniture,Chairs,113.37,2,0.30,-29.15
CA-2014-156237,2014-09-15,2014,9,Pamela Stobb,East,Office Supplies,Binders,18.31,4,0.70,-12.21
CA-2014-156237,2014-09-15,2014,9,Pamela Stobb,East,Furniture,Furnishings,127.94,8,0.20,4.80
CA-2014-156237,2014-09-15,2014,9,Pamela Stobb,East,Technology,Machines,241.17,2,0.70,-168.82
US-2014-157224,2014-09-15,2014,9,Joy Bell-,West,Office Supplies,Labels,56.70,9,0.00,26.08
CA-2014-121888,2014-09-16,2014,9,Carl Ludwig,East,Technology,Phones,39.99,1,0.00,11.60
CA-2014-121888,2014-09-16,2014,9,Carl Ludwig,East,Office Supplies,Art,16.28,2,0.00,6.51
CA-2014-121888,2014-09-16,2014,9,Carl Ludwig,East,Furniture,Bookcases,782.94,3,0.00,203.56
CA-2014-121888,2014-09-16,2014,9,Carl Ludwig,East,Office Supplies,Binders,242.48,7,0.00,116.39
CA-2014-124205,2014-09-16,2014,9,Theresa Coyne,East,Furniture,Furnishings,47.40,5,0.00,18.96
CA-2014-124205,2014-09-16,2014,9,Theresa Coyne,East,Furniture,Chairs,512.96,4,0.00,143.63
CA-2014-124205,2014-09-16,2014,9,Theresa Coyne,East,Technology,Phones,395.94,6,0.00,102.94
CA-2014-124205,2014-09-16,2014,9,Theresa Coyne,East,Office Supplies,Storage,81.96,2,0.00,0.00
CA-2014-127096,2014-09-16,2014,9,Christopher Schild,West,Furniture,Tables,300.90,1,0.20,11.28
CA-2014-130043,2014-09-16,2014,9,Brenda Bowman,Central,Office Supplies,Paper,31.87,8,0.20,11.55
CA-2014-132353,2014-09-16,2014,9,Dave Brooks,Central,Technology,Phones,323.98,3,0.20,20.25
CA-2014-134418,2014-09-16,2014,9,Gene McClure,West,Office Supplies,Art,12.42,3,0.00,5.22
CA-2014-139822,2014-09-16,2014,9,Dean percer,East,Office Supplies,Storage,38.62,2,0.00,10.81
CA-2014-139822,2014-09-16,2014,9,Dean percer,East,Technology,Accessories,59.98,2,0.00,10.80
CA-2014-145737,2014-09-16,2014,9,Alan Barnes,South,Office Supplies,Paper,163.96,5,0.20,59.44
CA-2014-146185,2014-09-16,2014,9,Charles Crestani,Central,Office Supplies,Art,31.74,2,0.20,8.33
CA-2014-163020,2014-09-16,2014,9,Meg O'Connel,East,Furniture,Furnishings,35.56,7,0.00,12.09
CA-2014-165008,2014-09-16,2014,9,Doug O'Connell,West,Office Supplies,Binders,295.06,9,0.20,106.96
US-2014-116652,2014-09-16,2014,9,Rick Duston,West,Furniture,Chairs,218.35,3,0.20,0.00
US-2014-116652,2014-09-16,2014,9,Rick Duston,West,Furniture,Furnishings,529.90,5,0.00,105.98
US-2014-116652,2014-09-16,2014,9,Rick Duston,West,Office Supplies,Art,99.30,10,0.00,41.71
US-2014-116652,2014-09-16,2014,9,Rick Duston,West,Office Supplies,Appliances,108.96,2,0.00,30.51
US-2014-116652,2014-09-16,2014,9,Rick Duston,West,Office Supplies,Binders,2.69,1,0.20,0.84
US-2014-163300,2014-09-16,2014,9,Erica Smith,West,Office Supplies,Binders,2357.49,7,0.20,884.06
US-2014-163300,2014-09-16,2014,9,Erica Smith,West,Technology,Phones,369.54,7,0.20,32.34
US-2014-163300,2014-09-16,2014,9,Erica Smith,West,Furniture,Chairs,184.75,3,0.20,-20.78
CA-2014-112984,2014-09-17,2014,9,Evan Henry,East,Office Supplies,Paper,20.54,6,0.20,6.42
CA-2014-118136,2014-09-17,2014,9,Barry Blumstein,West,Office Supplies,Paper,8.82,2,0.00,4.06
CA-2014-118136,2014-09-17,2014,9,Barry Blumstein,West,Office Supplies,Art,5.98,1,0.00,1.55
CA-2014-130715,2014-09-17,2014,9,Craig Yedwab,West,Office Supplies,Fasteners,17.90,5,0.00,8.77
CA-2014-134173,2014-09-17,2014,9,Adam Bellavance,East,Office Supplies,Paper,20.74,4,0.20,7.26
CA-2014-136448,2014-09-17,2014,9,Adam Shillingsburg,East,Technology,Accessories,71.98,3,0.20,19.79
CA-2014-136448,2014-09-17,2014,9,Adam Shillingsburg,East,Furniture,Furnishings,22.51,3,0.20,2.25
CA-2014-136448,2014-09-17,2014,9,Adam Shillingsburg,East,Office Supplies,Binders,3.44,2,0.70,-2.76
CA-2014-136448,2014-09-17,2014,9,Adam Shillingsburg,East,Office Supplies,Binders,538.19,2,0.70,-412.62
CA-2014-136448,2014-09-17,2014,9,Adam Shillingsburg,East,Technology,Accessories,47.98,2,0.20,14.40
CA-2014-141446,2014-09-17,2014,9,Craig Leslie,South,Technology,Accessories,18.00,1,0.00,3.24
CA-2014-144113,2014-09-17,2014,9,Jay Fein,Central,Office Supplies,Envelopes,17.57,2,0.20,6.37
CA-2014-144113,2014-09-17,2014,9,Jay Fein,Central,Technology,Phones,55.99,1,0.20,5.60
CA-2014-105669,2014-09-18,2014,9,Sanjit Jacobs,Central,Office Supplies,Art,9.91,3,0.20,3.22
CA-2014-105669,2014-09-18,2014,9,Sanjit Jacobs,Central,Furniture,Chairs,318.43,5,0.30,-77.33
CA-2014-105669,2014-09-18,2014,9,Sanjit Jacobs,Central,Office Supplies,Binders,5.80,5,0.80,-10.15
CA-2014-105669,2014-09-18,2014,9,Sanjit Jacobs,Central,Technology,Phones,1415.76,6,0.20,88.49
CA-2014-112515,2014-09-18,2014,9,Alan Schoenberger,West,Office Supplies,Binders,10.78,3,0.20,3.50
CA-2014-112515,2014-09-18,2014,9,Alan Schoenberger,West,Office Supplies,Binders,11.78,3,0.20,4.27
CA-2014-112515,2014-09-18,2014,9,Alan Schoenberger,West,Office Supplies,Paper,164.88,3,0.00,80.79
CA-2014-112515,2014-09-18,2014,9,Alan Schoenberger,West,Furniture,Bookcases,1292.94,3,0.00,77.58
CA-2014-112515,2014-09-18,2014,9,Alan Schoenberger,West,Office Supplies,Binders,25.58,2,0.20,8.95
CA-2014-112515,2014-09-18,2014,9,Alan Schoenberger,West,Office Supplies,Storage,261.74,2,0.00,65.44
CA-2014-112515,2014-09-18,2014,9,Alan Schoenberger,West,Office Supplies,Labels,14.40,5,0.00,7.06
CA-2014-126928,2014-09-18,2014,9,Gary Zandusky,East,Technology,Machines,480.00,4,0.00,225.60
CA-2014-126928,2014-09-18,2014,9,Gary Zandusky,East,Office Supplies,Storage,34.05,3,0.00,9.53
CA-2014-137470,2014-09-18,2014,9,Tom Prescott,West,Office Supplies,Paper,12.96,2,0.00,6.35
CA-2014-142293,2014-09-18,2014,9,Shahid Collister,West,Technology,Accessories,89.97,3,0.00,37.79
CA-2014-157931,2014-09-18,2014,9,Meg O'Connel,South,Furniture,Chairs,723.92,4,0.00,188.22
CA-2014-157931,2014-09-18,2014,9,Meg O'Connel,South,Office Supplies,Paper,106.32,3,0.00,49.97
CA-2014-106180,2014-09-19,2014,9,Sally Hughsby,West,Office Supplies,Art,8.82,3,0.00,2.38
CA-2014-106180,2014-09-19,2014,9,Sally Hughsby,West,Office Supplies,Envelopes,10.86,3,0.00,5.10
CA-2014-106180,2014-09-19,2014,9,Sally Hughsby,West,Office Supplies,Paper,143.70,3,0.00,68.98
CA-2014-131016,2014-09-19,2014,9,Dan Campbell,Central,Office Supplies,Art,8.93,2,0.20,0.56
CA-2014-131016,2014-09-19,2014,9,Dan Campbell,Central,Office Supplies,Storage,47.58,2,0.20,-2.97
CA-2014-133333,2014-09-19,2014,9,Barry Französisch,Central,Office Supplies,Paper,22.72,4,0.00,10.22
CA-2014-134439,2014-09-19,2014,9,Tamara Manning,Central,Office Supplies,Paper,15.96,2,0.00,7.98
CA-2014-140508,2014-09-19,2014,9,Pete Armstrong,Central,Office Supplies,Envelopes,114.85,4,0.20,35.89
CA-2014-148068,2014-09-19,2014,9,Muhammed MacIntyre,East,Office Supplies,Paper,19.44,3,0.00,9.33
CA-2014-148068,2014-09-19,2014,9,Muhammed MacIntyre,East,Furniture,Furnishings,9.82,2,0.00,3.24
CA-2014-164756,2014-09-19,2014,9,Saphhira Shifley,South,Technology,Phones,95.68,8,0.00,26.79
CA-2014-164756,2014-09-19,2014,9,Saphhira Shifley,South,Office Supplies,Paper,50.96,7,0.00,24.46
CA-2014-164756,2014-09-19,2014,9,Saphhira Shifley,South,Office Supplies,Art,113.94,3,0.00,34.18
CA-2014-164756,2014-09-19,2014,9,Saphhira Shifley,South,Office Supplies,Paper,25.92,4,0.00,12.44
CA-2014-164756,2014-09-19,2014,9,Saphhira Shifley,South,Furniture,Furnishings,20.32,4,0.00,6.91
CA-2014-164756,2014-09-19,2014,9,Saphhira Shifley,South,Technology,Phones,411.98,2,0.00,119.47
CA-2014-164756,2014-09-19,2014,9,Saphhira Shifley,South,Office Supplies,Supplies,34.48,2,0.00,10.00
CA-2014-164756,2014-09-19,2014,9,Saphhira Shifley,South,Office Supplies,Paper,244.55,5,0.00,114.94
CA-2014-166856,2014-09-19,2014,9,Tony Sayre,West,Office Supplies,Binders,10.08,7,0.20,3.53
CA-2014-166856,2014-09-19,2014,9,Tony Sayre,West,Technology,Accessories,101.34,3,0.00,8.11
CA-2014-102974,2014-09-20,2014,9,Dave Poirier,West,Technology,Accessories,149.95,5,0.00,31.49
CA-2014-102974,2014-09-20,2014,9,Dave Poirier,West,Office Supplies,Art,23.32,2,0.00,6.06
CA-2014-102974,2014-09-20,2014,9,Dave Poirier,West,Office Supplies,Art,16.74,3,0.00,4.85
CA-2014-139619,2014-09-20,2014,9,Erin Smith,South,Office Supplies,Storage,95.62,2,0.20,9.56
CA-2014-139787,2014-09-20,2014,9,Julie Prescott,South,Office Supplies,Art,35.40,5,0.00,13.45
CA-2014-143378,2014-09-20,2014,9,Justin Ritter,West,Technology,Phones,191.98,3,0.20,19.20
CA-2014-143378,2014-09-20,2014,9,Justin Ritter,West,Office Supplies,Art,23.83,3,0.20,6.55
CA-2014-143378,2014-09-20,2014,9,Justin Ritter,West,Furniture,Furnishings,409.22,8,0.20,61.38
CA-2014-143378,2014-09-20,2014,9,Justin Ritter,West,Furniture,Bookcases,72.59,2,0.70,-128.24
CA-2014-153822,2014-09-20,2014,9,Adrian Barton,West,Office Supplies,Storage,12.62,2,0.20,-2.52
CA-2014-153822,2014-09-20,2014,9,Adrian Barton,West,Technology,Accessories,89.58,2,0.20,4.48
CA-2014-153822,2014-09-20,2014,9,Adrian Barton,West,Technology,Phones,471.92,2,0.20,29.50
CA-2014-153822,2014-09-20,2014,9,Adrian Barton,West,Office Supplies,Binders,18.18,4,0.70,-13.94
CA-2014-160801,2014-09-20,2014,9,Frank Gastineau,East,Office Supplies,Binders,4.84,3,0.70,-3.39
US-2014-148866,2014-09-20,2014,9,Jessica Myrick,East,Office Supplies,Paper,32.40,5,0.00,15.55
CA-2014-100111,2014-09-21,2014,9,Seth Vernon,East,Furniture,Chairs,272.65,3,0.10,18.18
CA-2014-100111,2014-09-21,2014,9,Seth Vernon,East,Technology,Accessories,212.80,2,0.00,95.76
CA-2014-100111,2014-09-21,2014,9,Seth Vernon,East,Office Supplies,Paper,38.52,9,0.00,18.10
CA-2014-100111,2014-09-21,2014,9,Seth Vernon,East,Technology,Accessories,72.64,2,0.00,21.79
CA-2014-100111,2014-09-21,2014,9,Seth Vernon,East,Office Supplies,Storage,45.40,4,0.00,12.71
CA-2014-100111,2014-09-21,2014,9,Seth Vernon,East,Office Supplies,Paper,13.76,2,0.00,6.33
CA-2014-100111,2014-09-21,2014,9,Seth Vernon,East,Furniture,Chairs,80.99,1,0.10,8.10
CA-2014-100111,2014-09-21,2014,9,Seth Vernon,East,Office Supplies,Binders,11.78,3,0.20,3.98
CA-2014-100111,2014-09-21,2014,9,Seth Vernon,East,Office Supplies,Fasteners,4.36,2,0.00,1.79
CA-2014-100111,2014-09-21,2014,9,Seth Vernon,East,Furniture,Chairs,2888.13,11,0.10,609.72
CA-2014-100111,2014-09-21,2014,9,Seth Vernon,East,Technology,Phones,1299.66,2,0.00,350.91
CA-2014-100111,2014-09-21,2014,9,Seth Vernon,East,Furniture,Chairs,2254.41,5,0.10,375.74
CA-2014-100111,2014-09-21,2014,9,Seth Vernon,East,Technology,Phones,104.85,3,0.00,28.31
CA-2014-100111,2014-09-21,2014,9,Seth Vernon,East,Technology,Accessories,59.97,3,0.00,20.39
CA-2014-123351,2014-09-22,2014,9,Kean Thornton,South,Office Supplies,Appliances,80.48,1,0.00,24.14
CA-2014-132262,2014-09-22,2014,9,Muhammed Lee,West,Technology,Accessories,71.98,2,0.00,15.12
CA-2014-132262,2014-09-22,2014,9,Muhammed Lee,West,Technology,Accessories,79.98,2,0.00,26.39
CA-2014-133074,2014-09-22,2014,9,Doug Bickford,West,Office Supplies,Paper,55.86,7,0.00,27.93
CA-2014-151428,2014-09-22,2014,9,Rick Hansen,Central,Office Supplies,Binders,20.16,7,0.00,9.88
CA-2014-165155,2014-09-22,2014,9,Brendan Murry,West,Office Supplies,Storage,15.51,1,0.00,3.88
CA-2014-169817,2014-09-22,2014,9,Emily Burns,East,Office Supplies,Binders,1.91,2,0.70,-1.53
US-2014-146878,2014-09-22,2014,9,Dan Lawera,South,Office Supplies,Binders,12.29,1,0.70,-8.61
CA-2014-102967,2014-09-23,2014,9,Michael Granlund,East,Office Supplies,Storage,67.40,5,0.00,17.52
CA-2014-117009,2014-09-23,2014,9,Berenike Kampe,West,Office Supplies,Supplies,21.96,2,0.00,6.15
CA-2014-122196,2014-09-23,2014,9,Christina Anderson,East,Technology,Phones,391.98,2,0.00,113.67
CA-2014-136000,2014-09-23,2014,9,Shaun Chance,East,Office Supplies,Binders,40.18,3,0.20,14.56
CA-2014-158379,2014-09-23,2014,9,Joseph Airdo,East,Office Supplies,Binders,5.61,1,0.70,-4.30
CA-2014-158379,2014-09-23,2014,9,Joseph Airdo,East,Office Supplies,Supplies,4663.74,7,0.20,-1049.34
CA-2014-158379,2014-09-23,2014,9,Joseph Airdo,East,Technology,Accessories,79.98,2,0.20,23.00
CA-2014-161053,2014-09-23,2014,9,Joel Eaton,South,Office Supplies,Binders,691.96,4,0.00,318.30
CA-2014-161053,2014-09-23,2014,9,Joel Eaton,South,Technology,Accessories,34.95,5,0.00,15.38
CA-2014-161970,2014-09-23,2014,9,Peter Bühler,South,Office Supplies,Paper,12.96,2,0.00,6.22
CA-2014-161970,2014-09-23,2014,9,Peter Bühler,South,Office Supplies,Art,17.94,3,0.00,6.46
CA-2014-162789,2014-09-23,2014,9,Logan Currie,East,Technology,Accessories,1071.00,9,0.00,171.36
CA-2014-162789,2014-09-23,2014,9,Logan Currie,East,Furniture,Furnishings,12.07,1,0.00,3.98
CA-2014-166317,2014-09-23,2014,9,Jim Epp,Central,Office Supplies,Paper,219.84,4,0.00,107.72
CA-2014-166317,2014-09-23,2014,9,Jim Epp,Central,Technology,Accessories,98.16,6,0.00,9.82
CA-2014-166317,2014-09-23,2014,9,Jim Epp,Central,Office Supplies,Binders,33.04,8,0.00,15.53
CA-2014-166317,2014-09-23,2014,9,Jim Epp,Central,Technology,Phones,86.97,3,0.00,25.22
CA-2014-167381,2014-09-23,2014,9,Erica Hernandez,Central,Furniture,Bookcases,241.96,2,0.00,41.13
CA-2014-167381,2014-09-23,2014,9,Erica Hernandez,Central,Office Supplies,Labels,27.72,9,0.00,13.31
US-2014-103226,2014-09-23,2014,9,David Wiener,West,Office Supplies,Paper,27.18,3,0.00,12.23
US-2014-108245,2014-09-23,2014,9,Sally Hughsby,Central,Office Supplies,Envelopes,13.39,3,0.20,5.02
US-2014-108245,2014-09-23,2014,9,Sally Hughsby,Central,Office Supplies,Binders,11.23,7,0.80,-18.53
CA-2014-102309,2014-09-24,2014,9,Doug O'Connell,South,Technology,Accessories,199.95,5,0.00,63.98
CA-2014-102309,2014-09-24,2014,9,Doug O'Connell,South,Office Supplies,Paper,12.96,2,0.00,6.22
CA-2014-103520,2014-09-24,2014,9,Maya Herman,Central,Office Supplies,Paper,9.25,2,0.20,3.35
CA-2014-117485,2014-09-24,2014,9,Bill Donatelli,Central,Technology,Accessories,291.96,4,0.00,102.19
CA-2014-121314,2014-09-24,2014,9,Bobby Elias,South,Office Supplies,Paper,251.64,3,0.20,88.07
CA-2014-121412,2014-09-24,2014,9,Brooke Gillingham,West,Furniture,Furnishings,29.33,3,0.20,3.67
CA-2014-121853,2014-09-24,2014,9,Duane Benoit,West,Office Supplies,Paper,211.04,8,0.00,97.08
CA-2014-121853,2014-09-24,2014,9,Duane Benoit,West,Furniture,Chairs,594.82,2,0.20,59.48
CA-2014-121853,2014-09-24,2014,9,Duane Benoit,West,Office Supplies,Binders,72.96,3,0.20,23.71
CA-2014-123778,2014-09-24,2014,9,Bruce Stewart,West,Office Supplies,Binders,25.82,6,0.20,9.04
CA-2014-123778,2014-09-24,2014,9,Bruce Stewart,West,Office Supplies,Appliances,160.96,2,0.00,48.29
CA-2014-132521,2014-09-24,2014,9,Don Weiss,West,Office Supplies,Appliances,119.96,2,0.00,33.59
CA-2014-132521,2014-09-24,2014,9,Don Weiss,West,Office Supplies,Storage,31.44,3,0.00,8.49
CA-2014-132521,2014-09-24,2014,9,Don Weiss,West,Office Supplies,Binders,6.88,1,0.20,2.32
CA-2014-138422,2014-09-24,2014,9,Kristina Nunn,West,Office Supplies,Envelopes,14.35,3,0.20,5.20
US-2014-125647,2014-09-24,2014,9,Lena Cacioppo,Central,Office Supplies,Appliances,73.18,6,0.80,-197.58
US-2014-125647,2014-09-24,2014,9,Lena Cacioppo,Central,Office Supplies,Paper,20.74,4,0.20,7.26
US-2014-125647,2014-09-24,2014,9,Lena Cacioppo,Central,Technology,Phones,39.98,2,0.20,-9.00
US-2014-132059,2014-09-24,2014,9,Arthur Prichep,West,Furniture,Bookcases,180.59,2,0.70,-240.78
US-2014-132059,2014-09-24,2014,9,Arthur Prichep,West,Technology,Accessories,47.98,2,0.20,0.60
CA-2014-108910,2014-09-25,2014,9,Kelly Collister,East,Furniture,Furnishings,103.06,3,0.20,24.48
CA-2014-121839,2014-09-25,2014,9,Mick Hernandez,East,Technology,Phones,1169.69,3,0.40,-253.43
CA-2014-122364,2014-09-25,2014,9,Frank Atkinson,West,Technology,Phones,859.20,3,0.20,75.18
CA-2014-122364,2014-09-25,2014,9,Frank Atkinson,West,Technology,Machines,506.28,3,0.20,177.20
CA-2014-130148,2014-09-25,2014,9,Neil Knudson,West,Office Supplies,Paper,31.08,6,0.00,15.23
CA-2014-130148,2014-09-25,2014,9,Neil Knudson,West,Office Supplies,Supplies,7.30,2,0.00,2.19
CA-2014-134096,2014-09-25,2014,9,Paul Prost,South,Technology,Phones,383.96,5,0.20,38.40
CA-2014-134096,2014-09-25,2014,9,Paul Prost,South,Office Supplies,Binders,15.57,3,0.70,-11.42
CA-2014-142034,2014-09-25,2014,9,Karen Bern,Central,Technology,Accessories,72.00,4,0.00,12.96
CA-2014-142034,2014-09-25,2014,9,Karen Bern,Central,Technology,Accessories,655.90,5,0.00,275.48
CA-2014-142034,2014-09-25,2014,9,Karen Bern,Central,Furniture,Chairs,603.92,4,0.00,181.18
CA-2014-142391,2014-09-25,2014,9,Philip Brown,West,Furniture,Furnishings,199.80,10,0.00,71.93
CA-2014-144694,2014-09-25,2014,9,Brian Dahlen,South,Technology,Accessories,17.88,3,0.20,2.46
CA-2014-144694,2014-09-25,2014,9,Brian Dahlen,South,Office Supplies,Labels,235.94,3,0.20,85.53
CA-2014-148411,2014-09-25,2014,9,Rose O'Brian,Central,Furniture,Chairs,520.46,2,0.30,-14.87
CA-2014-148411,2014-09-25,2014,9,Rose O'Brian,Central,Office Supplies,Paper,11.42,3,0.20,3.71
CA-2014-160325,2014-09-25,2014,9,Bart Pistole,East,Technology,Phones,391.98,2,0.00,109.75
CA-2014-160325,2014-09-25,2014,9,Bart Pistole,East,Technology,Phones,437.85,3,0.00,131.36
CA-2014-163335,2014-09-25,2014,9,Anna Gayman,South,Office Supplies,Storage,40.29,3,0.00,10.07
CA-2014-163335,2014-09-25,2014,9,Anna Gayman,South,Office Supplies,Binders,38.71,7,0.00,17.81
US-2014-132675,2014-09-25,2014,9,Karen Ferguson,South,Office Supplies,Storage,15.51,1,0.00,3.88
US-2014-132675,2014-09-25,2014,9,Karen Ferguson,South,Technology,Phones,89.90,2,0.00,25.17
US-2014-132675,2014-09-25,2014,9,Karen Ferguson,South,Office Supplies,Art,14.28,4,0.00,3.71
US-2014-132675,2014-09-25,2014,9,Karen Ferguson,South,Office Supplies,Art,12.72,3,0.00,4.96
US-2014-132675,2014-09-25,2014,9,Karen Ferguson,South,Office Supplies,Labels,15.75,5,0.00,7.56
CA-2014-112004,2014-09-26,2014,9,Adam Hart,East,Office Supplies,Binders,8.60,5,0.70,-6.30
CA-2014-112004,2014-09-26,2014,9,Adam Hart,East,Office Supplies,Supplies,190.90,2,0.20,-42.95
CA-2014-116939,2014-09-26,2014,9,Arthur Gainer,South,Office Supplies,Storage,177.55,5,0.00,47.94
CA-2014-122112,2014-09-26,2014,9,Carol Adams,East,Office Supplies,Envelopes,24.45,4,0.20,8.86
CA-2014-144904,2014-09-26,2014,9,Katrina Willman,East,Office Supplies,Labels,20.70,2,0.00,9.94
CA-2014-144904,2014-09-26,2014,9,Katrina Willman,East,Furniture,Chairs,488.65,3,0.10,86.87
CA-2014-144904,2014-09-26,2014,9,Katrina Willman,East,Office Supplies,Art,5.56,2,0.00,1.45
CA-2014-144904,2014-09-26,2014,9,Katrina Willman,East,Furniture,Furnishings,47.12,8,0.00,20.73
CA-2014-162481,2014-09-26,2014,9,Carol Triggs,Central,Office Supplies,Binders,8.26,2,0.00,3.88
CA-2014-162481,2014-09-26,2014,9,Carol Triggs,Central,Furniture,Chairs,269.97,3,0.00,51.29
CA-2014-162572,2014-09-26,2014,9,Raymond Buch,East,Technology,Accessories,119.96,5,0.20,35.99
CA-2014-162572,2014-09-26,2014,9,Raymond Buch,East,Office Supplies,Art,10.61,6,0.20,0.93
CA-2014-169929,2014-09-26,2014,9,Luke Schmidt,West,Office Supplies,Storage,39.90,5,0.00,10.37
CA-2014-129490,2014-09-27,2014,9,Sanjit Jacobs,South,Furniture,Chairs,419.14,4,0.20,-57.63
CA-2014-156391,2014-09-27,2014,9,Sara Luxemburg,West,Office Supplies,Art,2.22,1,0.20,0.56
US-2014-106145,2014-09-27,2014,9,Ruben Ausman,West,Office Supplies,Envelopes,71.88,6,0.00,33.06
US-2014-106145,2014-09-27,2014,9,Ruben Ausman,West,Furniture,Furnishings,9.24,3,0.00,2.96
US-2014-106145,2014-09-27,2014,9,Ruben Ausman,West,Office Supplies,Paper,35.88,6,0.00,16.15
US-2014-106145,2014-09-27,2014,9,Ruben Ausman,West,Office Supplies,Binders,17.04,3,0.20,5.54
US-2014-106145,2014-09-27,2014,9,Ruben Ausman,West,Office Supplies,Binders,931.18,3,0.20,314.27
CA-2014-101574,2014-09-29,2014,9,Bruce Degenhardt,West,Furniture,Furnishings,9.24,3,0.00,4.44
CA-2014-152205,2014-09-29,2014,9,Sylvia Foulston,East,Office Supplies,Binders,2.66,1,0.70,-1.86
CA-2014-160017,2014-09-29,2014,9,Sung Pak,South,Office Supplies,Paper,10.37,2,0.20,3.63
US-2014-125717,2014-09-29,2014,9,Darrin Sayre,West,Furniture,Furnishings,32.78,1,0.20,3.28
US-2014-125717,2014-09-29,2014,9,Darrin Sayre,West,Office Supplies,Storage,147.18,2,0.20,-29.44
US-2014-125717,2014-09-29,2014,9,Darrin Sayre,West,Technology,Accessories,54.38,2,0.20,1.36
US-2014-125717,2014-09-29,2014,9,Darrin Sayre,West,Office Supplies,Binders,76.78,4,0.70,-58.86
US-2014-125717,2014-09-29,2014,9,Darrin Sayre,West,Office Supplies,Paper,14.35,3,0.20,5.20
US-2014-125717,2014-09-29,2014,9,Darrin Sayre,West,Office Supplies,Appliances,209.79,2,0.20,26.22
US-2014-139955,2014-09-29,2014,9,Charles McCrossin,Central,Office Supplies,Supplies,1.74,1,0.20,-0.35
CA-2014-100314,2014-09-30,2014,9,Ann Steele,Central,Office Supplies,Labels,7.97,2,0.20,2.59
CA-2014-100314,2014-09-30,2014,9,Ann Steele,Central,Office Supplies,Envelopes,27.97,4,0.20,9.44
CA-2014-100314,2014-09-30,2014,9,Ann Steele,Central,Technology,Machines,336.51,3,0.40,44.87
CA-2014-118402,2014-09-30,2014,9,Jas O'Carroll,South,Office Supplies,Storage,243.92,5,0.20,-54.88
CA-2014-121300,2014-09-30,2014,9,Maureen Gastineau,East,Furniture,Chairs,63.69,1,0.30,-15.47
CA-2014-121300,2014-09-30,2014,9,Maureen Gastineau,East,Technology,Accessories,239.98,3,0.20,65.99
CA-2014-121300,2014-09-30,2014,9,Maureen Gastineau,East,Furniture,Tables,344.22,2,0.40,-189.32
CA-2014-121300,2014-09-30,2014,9,Maureen Gastineau,East,Office Supplies,Paper,15.55,3,0.20,5.44
CA-2014-121300,2014-09-30,2014,9,Maureen Gastineau,East,Furniture,Furnishings,21.25,4,0.20,7.44
CA-2014-121300,2014-09-30,2014,9,Maureen Gastineau,East,Office Supplies,Paper,8.45,2,0.20,2.64
CA-2014-126676,2014-09-30,2014,9,Fred Hopkins,East,Office Supplies,Envelopes,7.98,3,0.00,3.91
CA-2014-128335,2014-09-30,2014,9,Joseph Airdo,East,Office Supplies,Envelopes,23.34,3,0.00,10.97
CA-2014-128335,2014-09-30,2014,9,Joseph Airdo,East,Office Supplies,Paper,51.55,5,0.00,24.23
CA-2014-137918,2014-09-30,2014,9,Joe Kamberova,West,Office Supplies,Supplies,97.30,7,0.00,28.22
CA-2014-140186,2014-09-30,2014,9,Patrick Gardner,West,Office Supplies,Fasteners,35.00,7,0.00,16.80
CA-2014-140186,2014-09-30,2014,9,Patrick Gardner,West,Furniture,Chairs,72.78,1,0.20,0.00
CA-2014-140186,2014-09-30,2014,9,Patrick Gardner,West,Office Supplies,Appliances,97.84,2,0.00,25.44
CA-2014-140186,2014-09-30,2014,9,Patrick Gardner,West,Furniture,Furnishings,51.75,1,0.00,15.53
CA-2014-140186,2014-09-30,2014,9,Patrick Gardner,West,Office Supplies,Binders,46.67,2,0.20,16.34
CA-2014-148138,2014-09-30,2014,9,Michelle Ellison,East,Office Supplies,Storage,51.17,2,0.20,-6.40
US-2014-141509,2014-09-30,2014,9,Sonia Cooley,West,Office Supplies,Art,99.20,5,0.00,25.79
CA-2014-123029,2014-10-01,2014,10,Bradley Talbott,West,Technology,Accessories,159.98,2,0.00,47.99
CA-2014-144225,2014-10-01,2014,10,Cindy Chapman,East,Office Supplies,Paper,164.88,3,0.00,80.79
CA-2014-147452,2014-10-01,2014,10,Cari Sayre,West,Office Supplies,Paper,11.76,2,0.00,5.76
CA-2014-147452,2014-10-01,2014,10,Cari Sayre,West,Office Supplies,Paper,167.94,3,0.00,82.29
CA-2014-147452,2014-10-01,2014,10,Cari Sayre,West,Office Supplies,Appliances,3.89,1,0.00,1.01
US-2014-120908,2014-10-01,2014,10,Barbara Fisher,East,Office Supplies,Labels,20.66,7,0.20,6.97
US-2014-130603,2014-10-01,2014,10,Sample Company A,Central,Office Supplies,Binders,11.65,9,0.80,-17.47
CA-2014-113418,2014-10-02,2014,10,Corinna Mitchell,East,Technology,Machines,1704.89,11,0.00,767.20
CA-2014-117807,2014-10-02,2014,10,Dave Kipp,Central,Office Supplies,Paper,104.85,1,0.00,50.33
CA-2014-129378,2014-10-02,2014,10,Neola Schneider,West,Office Supplies,Binders,1.44,1,0.20,0.50
CA-2014-129378,2014-10-02,2014,10,Neola Schneider,West,Office Supplies,Binders,61.78,13,0.20,20.85
CA-2014-129378,2014-10-02,2014,10,Neola Schneider,West,Office Supplies,Appliances,241.96,2,0.00,60.49
CA-2014-129378,2014-10-02,2014,10,Neola Schneider,West,Furniture,Chairs,108.61,4,0.20,9.50
CA-2014-152275,2014-10-02,2014,10,Ken Heidel,Central,Office Supplies,Art,6.67,6,0.20,0.50
CA-2014-156951,2014-10-02,2014,10,Ellis Ballard,West,Office Supplies,Paper,91.84,8,0.00,45.00
CA-2014-156951,2014-10-02,2014,10,Ellis Ballard,West,Office Supplies,Binders,81.09,7,0.20,27.37
CA-2014-156951,2014-10-02,2014,10,Ellis Ballard,West,Office Supplies,Paper,19.44,3,0.00,9.33
CA-2014-156951,2014-10-02,2014,10,Ellis Ballard,West,Furniture,Chairs,451.15,3,0.20,0.00
US-2014-139577,2014-10-02,2014,10,Tanja Norvell,West,Technology,Accessories,104.75,5,0.00,22.00
CA-2014-101308,2014-10-03,2014,10,Frank Gastineau,West,Office Supplies,Fasteners,8.94,3,0.00,4.11
CA-2014-101308,2014-10-03,2014,10,Frank Gastineau,West,Technology,Phones,84.78,2,0.20,-20.14
CA-2014-105914,2014-10-03,2014,10,Paul Van Hugh,West,Office Supplies,Binders,112.12,5,0.20,42.05
CA-2014-105914,2014-10-03,2014,10,Paul Van Hugh,West,Office Supplies,Storage,1575.14,7,0.00,204.77
CA-2014-116113,2014-10-03,2014,10,Jane Waco,South,Furniture,Furnishings,10.16,2,0.00,3.45
CA-2014-123981,2014-10-03,2014,10,Rob Williams,East,Technology,Phones,65.99,1,0.00,17.16
CA-2014-126074,2014-10-03,2014,10,Roland Fjeld,Central,Office Supplies,Binders,58.05,3,0.00,26.70
CA-2014-126074,2014-10-03,2014,10,Roland Fjeld,Central,Furniture,Furnishings,157.74,11,0.00,56.79
CA-2014-126074,2014-10-03,2014,10,Roland Fjeld,Central,Office Supplies,Art,56.98,7,0.00,22.79
CA-2014-126074,2014-10-03,2014,10,Roland Fjeld,Central,Office Supplies,Binders,2.88,1,0.00,1.41
CA-2014-137414,2014-10-03,2014,10,Chad McGuire,West,Furniture,Furnishings,17.46,2,0.00,5.94
CA-2014-137414,2014-10-03,2014,10,Chad McGuire,West,Technology,Machines,369.16,11,0.20,32.30
CA-2014-141117,2014-10-03,2014,10,Juliana Krohn,West,Furniture,Bookcases,217.76,6,0.70,-384.72
CA-2014-141117,2014-10-03,2014,10,Juliana Krohn,West,Office Supplies,Supplies,39.07,6,0.20,4.40
CA-2014-141117,2014-10-03,2014,10,Juliana Krohn,West,Office Supplies,Binders,22.64,7,0.70,-16.60
CA-2014-141117,2014-10-03,2014,10,Juliana Krohn,West,Office Supplies,Art,95.14,7,0.20,10.70
CA-2014-147564,2014-10-03,2014,10,Becky Pak,East,Office Supplies,Paper,49.12,4,0.00,23.09
CA-2014-152926,2014-10-03,2014,10,Steve Chapman,Central,Office Supplies,Appliances,15.22,2,0.80,-38.82
CA-2014-152926,2014-10-03,2014,10,Steve Chapman,Central,Office Supplies,Appliances,21.98,6,0.80,-56.06
US-2014-162558,2014-10-03,2014,10,Dean percer,South,Furniture,Furnishings,11.81,2,0.20,1.33
US-2014-162558,2014-10-03,2014,10,Dean percer,South,Furniture,Furnishings,9.66,1,0.20,1.57
US-2014-162558,2014-10-03,2014,10,Dean percer,South,Office Supplies,Paper,20.74,4,0.20,7.26
US-2014-162558,2014-10-03,2014,10,Dean percer,South,Office Supplies,Binders,27.36,3,0.70,-21.89
US-2014-162558,2014-10-03,2014,10,Dean percer,South,Furniture,Tables,2314.12,7,0.40,-1002.78
US-2014-162558,2014-10-03,2014,10,Dean percer,South,Office Supplies,Binders,34.24,4,0.70,-26.25
US-2014-162558,2014-10-03,2014,10,Dean percer,South,Furniture,Furnishings,19.76,2,0.20,5.93
CA-2014-101749,2014-10-04,2014,10,Aaron Smayling,West,Furniture,Tables,171.29,3,0.20,-6.42
CA-2014-134607,2014-10-04,2014,10,Hunter Lopez,East,Office Supplies,Storage,22.58,2,0.00,5.87
CA-2014-141789,2014-10-04,2014,10,Amy Cox,Central,Office Supplies,Binders,1793.98,2,0.00,843.17
CA-2014-143035,2014-10-04,2014,10,Chuck Clark,East,Furniture,Furnishings,83.92,4,0.00,21.82
CA-2014-143035,2014-10-04,2014,10,Chuck Clark,East,Office Supplies,Art,6.63,3,0.00,3.12
CA-2014-143035,2014-10-04,2014,10,Chuck Clark,East,Technology,Accessories,371.97,3,0.00,66.95
CA-2014-144820,2014-10-04,2014,10,Laurel Workman,Central,Office Supplies,Art,20.64,5,0.20,2.32
CA-2014-149853,2014-10-04,2014,10,Patrick O'Brill,South,Office Supplies,Paper,15.55,3,0.20,5.44
CA-2014-149853,2014-10-04,2014,10,Patrick O'Brill,South,Office Supplies,Appliances,17.92,5,0.20,1.12
CA-2014-163818,2014-10-05,2014,10,Paul Stevenson,East,Furniture,Furnishings,19.98,1,0.00,8.59
CA-2014-131807,2014-10-06,2014,10,Greg Guthrie,West,Furniture,Chairs,435.17,4,0.20,-59.84
CA-2014-131807,2014-10-06,2014,10,Greg Guthrie,West,Office Supplies,Fasteners,14.90,5,0.00,6.85
CA-2014-131807,2014-10-06,2014,10,Greg Guthrie,West,Office Supplies,Appliances,15.80,4,0.00,4.11
CA-2014-131807,2014-10-06,2014,10,Greg Guthrie,West,Furniture,Furnishings,72.90,5,0.00,26.97
CA-2014-131807,2014-10-06,2014,10,Greg Guthrie,West,Furniture,Tables,206.35,3,0.20,5.16
CA-2014-131807,2014-10-06,2014,10,Greg Guthrie,West,Technology,Phones,7.99,1,0.20,2.70
CA-2014-143112,2014-10-06,2014,10,Todd Sumrall,East,Technology,Phones,87.80,4,0.00,43.90
CA-2014-143112,2014-10-06,2014,10,Todd Sumrall,East,Furniture,Chairs,221.38,2,0.10,2.46
CA-2014-143112,2014-10-06,2014,10,Todd Sumrall,East,Technology,Machines,5199.96,4,0.00,1351.99
CA-2014-157672,2014-10-06,2014,10,Ross Baird,West,Technology,Accessories,63.82,2,0.20,13.56
CA-2014-167661,2014-10-06,2014,10,Mike Pelletier,West,Office Supplies,Binders,39.92,5,0.20,13.47
CA-2014-167661,2014-10-06,2014,10,Mike Pelletier,West,Office Supplies,Paper,61.96,2,0.00,27.88
CA-2014-167661,2014-10-06,2014,10,Mike Pelletier,West,Office Supplies,Binders,19.94,4,0.20,7.23
US-2014-103247,2014-10-06,2014,10,Phillina Ober,East,Technology,Phones,160.93,7,0.00,3.22
US-2014-103247,2014-10-06,2014,10,Phillina Ober,East,Office Supplies,Binders,75.79,3,0.20,25.58
CA-2014-109099,2014-10-07,2014,10,Muhammed MacIntyre,East,Office Supplies,Paper,40.99,1,0.00,20.09
CA-2014-118577,2014-10-07,2014,10,Xylona Preis,East,Office Supplies,Paper,143.70,3,0.00,68.98
CA-2014-118577,2014-10-07,2014,10,Xylona Preis,East,Office Supplies,Paper,6.48,1,0.00,3.11
CA-2014-137421,2014-10-07,2014,10,Ashley Jarboe,West,Office Supplies,Art,9.34,2,0.20,1.87
CA-2014-146269,2014-10-07,2014,10,Mark Hamilton,Central,Office Supplies,Storage,290.34,2,0.20,32.66
CA-2014-146269,2014-10-07,2014,10,Mark Hamilton,Central,Office Supplies,Art,19.15,2,0.20,1.20
US-2014-136868,2014-10-07,2014,10,Cyra Reiten,East,Technology,Accessories,319.96,4,0.00,115.19
US-2014-136868,2014-10-07,2014,10,Cyra Reiten,East,Office Supplies,Paper,17.04,3,0.00,7.67
US-2014-136868,2014-10-07,2014,10,Cyra Reiten,East,Office Supplies,Storage,344.91,3,0.00,10.35
US-2014-148054,2014-10-07,2014,10,Nick Zandusky,West,Furniture,Furnishings,41.96,2,0.00,2.94
US-2014-148054,2014-10-07,2014,10,Nick Zandusky,West,Office Supplies,Appliances,227.84,4,0.00,66.07
US-2014-148054,2014-10-07,2014,10,Nick Zandusky,West,Office Supplies,Paper,37.94,2,0.00,18.21
CA-2014-104003,2014-10-08,2014,10,Debra Catini,West,Furniture,Bookcases,307.67,2,0.15,-14.48
CA-2014-108574,2014-10-08,2014,10,Mike Gockenbach,West,Technology,Accessories,1115.91,9,0.00,200.86
CA-2014-108574,2014-10-08,2014,10,Mike Gockenbach,West,Technology,Phones,128.74,7,0.20,-28.97
CA-2014-108574,2014-10-08,2014,10,Mike Gockenbach,West,Technology,Phones,79.92,10,0.20,26.97
CA-2014-128426,2014-10-08,2014,10,Joe Kamberova,Central,Office Supplies,Binders,4.24,5,0.80,-6.36
CA-2014-148404,2014-10-08,2014,10,Dean percer,South,Office Supplies,Storage,580.67,4,0.20,65.33
CA-2014-148404,2014-10-08,2014,10,Dean percer,South,Office Supplies,Fasteners,18.94,3,0.20,5.92
CA-2014-148404,2014-10-08,2014,10,Dean percer,South,Technology,Phones,222.38,2,0.20,16.68
CA-2014-148404,2014-10-08,2014,10,Dean percer,South,Office Supplies,Binders,50.45,6,0.70,-33.64
CA-2014-148404,2014-10-08,2014,10,Dean percer,South,Furniture,Tables,154.76,3,0.40,-36.11
CA-2014-152709,2014-10-08,2014,10,Dean Braden,Central,Office Supplies,Storage,85.52,2,0.00,22.24
CA-2014-105487,2014-10-09,2014,10,Chris Selesnick,West,Technology,Phones,103.19,1,0.20,11.61
CA-2014-105487,2014-10-09,2014,10,Chris Selesnick,West,Technology,Accessories,36.00,2,0.00,6.48
CA-2014-105487,2014-10-09,2014,10,Chris Selesnick,West,Technology,Accessories,239.96,4,0.00,115.18
CA-2014-105487,2014-10-09,2014,10,Chris Selesnick,West,Office Supplies,Storage,40.68,2,0.00,0.41
CA-2014-151596,2014-10-09,2014,10,Barry Pond,East,Office Supplies,Storage,42.76,1,0.00,11.12
US-2014-168613,2014-10-09,2014,10,Gary McGarr,East,Furniture,Chairs,145.76,2,0.10,3.24
CA-2014-132430,2014-10-10,2014,10,Cathy Prescott,East,Furniture,Furnishings,45.89,4,0.20,9.18
CA-2014-141873,2014-10-10,2014,10,Harry Greene,East,Office Supplies,Binders,12.82,3,0.20,4.33
CA-2014-141873,2014-10-10,2014,10,Harry Greene,East,Furniture,Bookcases,314.35,3,0.20,-15.72
CA-2014-141873,2014-10-10,2014,10,Harry Greene,East,Office Supplies,Paper,18.98,2,0.00,8.92
CA-2014-141873,2014-10-10,2014,10,Harry Greene,East,Office Supplies,Binders,18.24,6,0.20,6.16
CA-2014-162635,2014-10-10,2014,10,Evan Bailliet,South,Office Supplies,Paper,10.82,4,0.20,3.52
CA-2014-163125,2014-10-10,2014,10,Maria Bertelson,Central,Office Supplies,Art,67.14,7,0.20,5.88
CA-2014-163125,2014-10-10,2014,10,Maria Bertelson,Central,Furniture,Chairs,254.06,3,0.30,-32.66
US-2014-115595,2014-10-10,2014,10,Xylona Preis,West,Office Supplies,Paper,35.20,5,0.00,16.54
US-2014-117247,2014-10-10,2014,10,Cyma Kinney,Central,Furniture,Tables,652.45,5,0.50,-430.62
US-2014-117247,2014-10-10,2014,10,Cyma Kinney,Central,Furniture,Tables,66.65,3,0.50,-42.65
CA-2014-111717,2014-10-11,2014,10,Scot Wooten,Central,Furniture,Chairs,239.36,3,0.30,-47.87
CA-2014-112431,2014-10-13,2014,10,Robert Waldorf,West,Technology,Accessories,435.84,12,0.00,130.75
CA-2014-112431,2014-10-13,2014,10,Robert Waldorf,West,Office Supplies,Art,5.88,2,0.00,1.59
CA-2014-126536,2014-10-13,2014,10,Neil Knudson,West,Technology,Accessories,0.99,1,0.00,0.44
CA-2014-126536,2014-10-13,2014,10,Neil Knudson,West,Office Supplies,Binders,101.84,5,0.20,36.92
CA-2014-130505,2014-10-13,2014,10,Natalie Fritzler,East,Furniture,Tables,673.34,3,0.30,-76.95
CA-2014-149146,2014-10-13,2014,10,Sean Miller,South,Office Supplies,Paper,7.97,2,0.20,2.69
CA-2014-150091,2014-10-13,2014,10,Nora Paige,East,Technology,Accessories,45.00,3,0.00,4.95
CA-2014-150091,2014-10-13,2014,10,Nora Paige,East,Office Supplies,Fasteners,17.90,5,0.00,8.77
CA-2014-150091,2014-10-13,2014,10,Nora Paige,East,Furniture,Furnishings,40.48,2,0.00,17.41
CA-2014-150091,2014-10-13,2014,10,Nora Paige,East,Furniture,Bookcases,2154.90,5,0.00,129.29
CA-2014-152702,2014-10-13,2014,10,Steve Nguyen,Central,Furniture,Chairs,254.60,14,0.30,-18.19
CA-2014-152933,2014-10-13,2014,10,Matthew Grinstein,Central,Technology,Phones,369.54,7,0.20,27.72
CA-2014-152933,2014-10-13,2014,10,Matthew Grinstein,Central,Office Supplies,Paper,10.37,2,0.20,3.76
CA-2014-152933,2014-10-13,2014,10,Matthew Grinstein,Central,Technology,Accessories,791.88,3,0.20,128.68
CA-2014-168655,2014-10-13,2014,10,Michelle Lonsdale,West,Technology,Accessories,595.00,5,0.00,95.20
CA-2014-168655,2014-10-13,2014,10,Michelle Lonsdale,West,Office Supplies,Binders,79.87,3,0.20,29.95
CA-2014-169362,2014-10-13,2014,10,Sung Pak,Central,Technology,Accessories,39.98,2,0.20,-1.50
CA-2014-169607,2014-10-13,2014,10,Christina Anderson,East,Office Supplies,Paper,9.96,2,0.00,4.68
CA-2014-103212,2014-10-14,2014,10,Michelle Huthwaite,South,Office Supplies,Labels,11.07,3,0.00,5.20
CA-2014-103212,2014-10-14,2014,10,Michelle Huthwaite,South,Furniture,Tables,1504.52,4,0.00,346.04
CA-2014-103212,2014-10-14,2014,10,Michelle Huthwaite,South,Office Supplies,Paper,25.92,4,0.00,12.44
CA-2014-116519,2014-10-14,2014,10,Craig Reiter,East,Office Supplies,Appliances,904.90,5,0.00,253.37
CA-2014-132976,2014-10-14,2014,10,Andrew Gjertsen,East,Office Supplies,Paper,11.65,2,0.20,4.08
CA-2014-132976,2014-10-14,2014,10,Andrew Gjertsen,East,Office Supplies,Paper,18.18,4,0.20,5.91
CA-2014-132976,2014-10-14,2014,10,Andrew Gjertsen,East,Office Supplies,Storage,59.71,6,0.20,5.97
CA-2014-132976,2014-10-14,2014,10,Andrew Gjertsen,East,Office Supplies,Labels,24.84,3,0.20,8.69
CA-2014-135909,2014-10-14,2014,10,Jane Waco,West,Technology,Accessories,209.94,6,0.00,39.89
CA-2014-135909,2014-10-14,2014,10,Jane Waco,West,Technology,Phones,31.98,2,0.20,-8.00
CA-2014-135909,2014-10-14,2014,10,Jane Waco,West,Office Supplies,Binders,5083.96,5,0.20,1906.49
CA-2014-163160,2014-10-14,2014,10,Troy Staebel,Central,Office Supplies,Paper,63.31,3,0.20,20.58
CA-2014-163160,2014-10-14,2014,10,Troy Staebel,Central,Office Supplies,Binders,96.78,4,0.80,-145.18
CA-2014-163160,2014-10-14,2014,10,Troy Staebel,Central,Furniture,Furnishings,10.48,3,0.60,-6.81
US-2014-148831,2014-10-14,2014,10,Alan Hwang,South,Office Supplies,Storage,348.56,8,0.00,104.57
CA-2014-126123,2014-10-15,2014,10,Anthony Garverick,Central,Office Supplies,Binders,27.40,9,0.80,-42.46
CA-2014-126123,2014-10-15,2014,10,Anthony Garverick,Central,Office Supplies,Binders,13.46,1,0.80,-23.55
CA-2014-150707,2014-10-15,2014,10,Ed Ludwig,East,Office Supplies,Binders,37.66,7,0.00,18.45
CA-2014-151183,2014-10-15,2014,10,Berenike Kampe,West,Technology,Accessories,46.36,4,0.00,15.30
CA-2014-168837,2014-10-15,2014,10,Joni Wasserman,West,Furniture,Furnishings,9.46,2,0.00,3.69
CA-2014-100237,2014-10-16,2014,10,Stuart Van,West,Office Supplies,Art,11.68,2,0.00,4.20
CA-2014-106033,2014-10-16,2014,10,Frank Gastineau,West,Office Supplies,Art,87.92,4,0.00,26.38
CA-2014-113670,2014-10-16,2014,10,Roland Schwarz,West,Furniture,Tables,510.24,3,0.20,6.38
CA-2014-113670,2014-10-16,2014,10,Roland Schwarz,West,Office Supplies,Paper,204.95,5,0.00,100.43
CA-2014-142643,2014-10-16,2014,10,Dionis Lloyd,West,Office Supplies,Labels,152.65,5,0.00,70.22
CA-2014-142643,2014-10-16,2014,10,Dionis Lloyd,West,Furniture,Furnishings,22.72,1,0.00,9.32
CA-2014-154949,2014-10-16,2014,10,Marc Crier,West,Office Supplies,Labels,14.73,3,0.00,7.22
CA-2014-164819,2014-10-16,2014,10,Ricardo Sperren,East,Office Supplies,Labels,13.05,5,0.00,6.00
CA-2014-111577,2014-10-17,2014,10,Anthony Jacobs,West,Office Supplies,Paper,307.78,7,0.20,111.57
CA-2014-132234,2014-10-17,2014,10,Maribeth Yedwab,East,Furniture,Furnishings,547.30,13,0.00,175.14
CA-2014-158386,2014-10-17,2014,10,Bobby Odegard,South,Office Supplies,Binders,124.75,5,0.00,57.39
CA-2014-159100,2014-10-17,2014,10,Victoria Pisteka,South,Technology,Accessories,18.53,2,0.20,4.40
CA-2014-159100,2014-10-17,2014,10,Victoria Pisteka,South,Furniture,Tables,1875.26,7,0.40,-968.88
CA-2014-159282,2014-10-17,2014,10,Gary Hansen,West,Technology,Machines,599.99,5,0.70,-479.99
CA-2014-114804,2014-10-18,2014,10,Barry Französisch,West,Technology,Phones,52.79,1,0.20,4.62
CA-2014-123246,2014-10-18,2014,10,Astrea Jones,West,Office Supplies,Art,10.64,4,0.00,2.77
CA-2014-165603,2014-10-18,2014,10,Saphhira Shifley,East,Office Supplies,Storage,49.96,2,0.00,9.49
CA-2014-165603,2014-10-18,2014,10,Saphhira Shifley,East,Office Supplies,Paper,12.96,2,0.00,6.22
CA-2014-106432,2014-10-20,2014,10,Christina Anderson,Central,Office Supplies,Binders,2.07,2,0.80,-3.52
CA-2014-106432,2014-10-20,2014,10,Christina Anderson,Central,Furniture,Bookcases,328.40,3,0.32,-91.76
CA-2014-107727,2014-10-20,2014,10,Matt Abelman,Central,Office Supplies,Paper,29.47,3,0.20,9.95
CA-2014-117653,2014-10-20,2014,10,Mary O'Rourke,Central,Furniture,Tables,91.28,1,0.50,-67.54
CA-2014-125199,2014-10-20,2014,10,Harry Marie,East,Office Supplies,Art,123.26,7,0.20,9.24
CA-2014-125199,2014-10-20,2014,10,Harry Marie,East,Office Supplies,Paper,23.68,4,0.20,7.40
CA-2014-125199,2014-10-20,2014,10,Harry Marie,East,Technology,Phones,309.58,4,0.40,-56.76
CA-2014-125388,2014-10-20,2014,10,Michael Paige,East,Furniture,Furnishings,56.56,4,0.00,14.71
CA-2014-125388,2014-10-20,2014,10,Michael Paige,East,Office Supplies,Storage,32.70,3,0.00,8.50
CA-2014-125990,2014-10-20,2014,10,Joy Smith,West,Office Supplies,Binders,39.62,3,0.20,13.87
CA-2014-131492,2014-10-20,2014,10,Hilary Holden,West,Office Supplies,Envelopes,8.96,2,0.00,4.30
CA-2014-131492,2014-10-20,2014,10,Hilary Holden,West,Office Supplies,Labels,31.50,10,0.00,15.12
CA-2014-131492,2014-10-20,2014,10,Hilary Holden,West,Furniture,Furnishings,30.56,2,0.00,10.39
CA-2014-131492,2014-10-20,2014,10,Hilary Holden,West,Furniture,Tables,24.37,2,0.20,-3.35
CA-2014-159457,2014-10-20,2014,10,Rick Duston,Central,Technology,Phones,16.68,3,0.20,5.21
US-2014-120390,2014-10-20,2014,10,Tracy Hopkins,South,Office Supplies,Binders,1633.19,4,0.70,-1306.55
CA-2014-103065,2014-10-21,2014,10,Pete Takahito,South,Office Supplies,Storage,4.77,2,0.20,-0.77
CA-2014-103065,2014-10-21,2014,10,Pete Takahito,South,Office Supplies,Paper,6.67,1,0.20,2.50
CA-2014-103065,2014-10-21,2014,10,Pete Takahito,South,Office Supplies,Art,4.45,2,0.20,1.11
CA-2014-103065,2014-10-21,2014,10,Pete Takahito,South,Furniture,Furnishings,43.94,4,0.20,6.04
CA-2014-104822,2014-10-21,2014,10,Rick Bensley,East,Office Supplies,Labels,24.55,5,0.00,12.03
CA-2014-147277,2014-10-21,2014,10,Ed Braxton,East,Furniture,Tables,284.36,2,0.40,-75.83
CA-2014-147277,2014-10-21,2014,10,Ed Braxton,East,Office Supplies,Storage,665.41,2,0.20,66.54
CA-2014-158722,2014-10-21,2014,10,Matt Abelman,East,Office Supplies,Paper,45.53,3,0.20,15.93
CA-2014-158743,2014-10-21,2014,10,Ivan Gibson,South,Office Supplies,Art,13.36,4,0.00,4.14
CA-2014-158743,2014-10-21,2014,10,Ivan Gibson,South,Office Supplies,Paper,39.96,2,0.00,18.78
CA-2014-158743,2014-10-21,2014,10,Ivan Gibson,South,Office Supplies,Binders,145.85,5,0.00,70.01
US-2014-115252,2014-10-21,2014,10,Muhammed Yedwab,South,Technology,Phones,15.98,2,0.20,1.40
US-2014-115252,2014-10-21,2014,10,Muhammed Yedwab,South,Office Supplies,Paper,14.35,3,0.20,4.49
US-2014-146416,2014-10-21,2014,10,Justin Ellison,West,Office Supplies,Labels,3.75,1,0.00,1.80
US-2014-146416,2014-10-21,2014,10,Justin Ellison,West,Office Supplies,Binders,20.93,4,0.20,7.59
CA-2014-100356,2014-10-22,2014,10,Susan Pistek,Central,Office Supplies,Appliances,23.99,2,0.80,-62.38
CA-2014-113453,2014-10-22,2014,10,Charles McCrossin,East,Technology,Phones,329.99,2,0.40,-77.00
CA-2014-113453,2014-10-22,2014,10,Charles McCrossin,East,Office Supplies,Storage,71.38,3,0.20,-4.46
CA-2014-113558,2014-10-22,2014,10,Patricia Hirasaki,South,Furniture,Chairs,683.95,3,0.20,42.75
CA-2014-113558,2014-10-22,2014,10,Patricia Hirasaki,South,Furniture,Furnishings,45.70,3,0.20,5.14
CA-2014-117422,2014-10-22,2014,10,Frank Carlisle,East,Office Supplies,Appliances,161.57,2,0.20,16.16
CA-2014-117422,2014-10-22,2014,10,Frank Carlisle,East,Office Supplies,Paper,4.06,1,0.20,1.37
CA-2014-117422,2014-10-22,2014,10,Frank Carlisle,East,Office Supplies,Binders,6.22,4,0.70,-4.97
CA-2014-142125,2014-10-22,2014,10,Jennifer Braxton,Central,Office Supplies,Binders,38.82,6,0.00,19.41
CA-2014-142125,2014-10-22,2014,10,Jennifer Braxton,Central,Office Supplies,Binders,21.90,5,0.00,10.51
CA-2014-145884,2014-10-22,2014,10,Sara Luxemburg,Central,Technology,Phones,1439.92,8,0.00,374.38
CA-2014-145884,2014-10-22,2014,10,Sara Luxemburg,Central,Furniture,Tables,262.11,1,0.00,62.91
CA-2014-148166,2014-10-22,2014,10,Neil Knudson,South,Office Supplies,Art,17.86,4,0.20,2.01
CA-2014-154410,2014-10-22,2014,10,Michael Dominguez,Central,Office Supplies,Storage,909.12,8,0.00,9.09
CA-2014-167094,2014-10-22,2014,10,Damala Kotsonis,West,Office Supplies,Paper,5.18,1,0.20,1.81
CA-2014-167094,2014-10-22,2014,10,Damala Kotsonis,West,Furniture,Chairs,478.48,2,0.20,47.85
CA-2014-167094,2014-10-22,2014,10,Damala Kotsonis,West,Technology,Accessories,28.40,2,0.20,6.75
US-2014-117331,2014-10-22,2014,10,Natalie DeCherney,West,Office Supplies,Binders,8.56,1,0.70,-6.56
CA-2014-101581,2014-10-23,2014,10,David Wiener,West,Furniture,Tables,177.23,5,0.50,-120.51
CA-2014-127180,2014-10-23,2014,10,Tom Ashbrook,East,Technology,Copiers,11199.97,4,0.20,3919.99
CA-2014-127180,2014-10-23,2014,10,Tom Ashbrook,East,Technology,Phones,2399.60,8,0.00,647.89
CA-2014-127180,2014-10-23,2014,10,Tom Ashbrook,East,Office Supplies,Envelopes,63.90,5,0.00,28.76
CA-2014-127180,2014-10-23,2014,10,Tom Ashbrook,East,Technology,Phones,52.99,1,0.00,0.53
CA-2014-130141,2014-10-23,2014,10,Helen Abelman,West,Office Supplies,Binders,3.17,4,0.70,-2.53
CA-2014-130141,2014-10-23,2014,10,Helen Abelman,West,Furniture,Chairs,579.14,4,0.20,-28.96
CA-2014-130211,2014-10-23,2014,10,Brian DeCherney,Central,Office Supplies,Storage,333.09,3,0.00,23.32
CA-2014-130211,2014-10-23,2014,10,Brian DeCherney,Central,Furniture,Tables,248.98,2,0.00,54.78
CA-2014-156363,2014-10-23,2014,10,Marina Lichtenstein,East,Technology,Phones,32.70,5,0.40,-6.54
CA-2014-156363,2014-10-23,2014,10,Marina Lichtenstein,East,Office Supplies,Envelopes,31.68,4,0.20,11.09
US-2014-111920,2014-10-23,2014,10,Paul Stevenson,Central,Office Supplies,Art,36.44,4,0.00,12.03
CA-2014-106068,2014-10-24,2014,10,Randy Bradley,Central,Office Supplies,Binders,9.76,3,0.80,-15.13
CA-2014-106068,2014-10-24,2014,10,Randy Bradley,Central,Office Supplies,Storage,13.72,1,0.20,1.20
CA-2014-106068,2014-10-24,2014,10,Randy Bradley,Central,Technology,Accessories,55.20,1,0.20,-2.07
CA-2014-106068,2014-10-24,2014,10,Randy Bradley,Central,Office Supplies,Storage,259.14,4,0.20,-58.31
CA-2014-117079,2014-10-24,2014,10,Jocasta Rupert,South,Technology,Phones,863.88,3,0.20,107.99
CA-2014-125451,2014-10-24,2014,10,Adam Hart,East,Furniture,Tables,240.74,4,0.30,-13.76
CA-2014-125451,2014-10-24,2014,10,Adam Hart,East,Furniture,Furnishings,35.00,4,0.00,14.70
CA-2014-125451,2014-10-24,2014,10,Adam Hart,East,Furniture,Furnishings,210.68,2,0.00,50.56
CA-2014-125451,2014-10-24,2014,10,Adam Hart,East,Furniture,Tables,637.90,3,0.30,-127.58
CA-2014-125451,2014-10-24,2014,10,Adam Hart,East,Office Supplies,Paper,43.44,8,0.00,21.29
CA-2014-125451,2014-10-24,2014,10,Adam Hart,East,Office Supplies,Appliances,2.22,1,0.00,0.67
CA-2014-139913,2014-10-24,2014,10,Julie Creighton,East,Office Supplies,Paper,11.56,2,0.00,5.66
CA-2014-139913,2014-10-24,2014,10,Julie Creighton,East,Office Supplies,Paper,26.40,5,0.00,11.88
CA-2014-139913,2014-10-24,2014,10,Julie Creighton,East,Furniture,Furnishings,69.08,11,0.00,29.01
CA-2014-139913,2014-10-24,2014,10,Julie Creighton,East,Technology,Phones,35.88,3,0.00,10.05
US-2014-105389,2014-10-24,2014,10,Darrin Martin,Central,Office Supplies,Binders,3.56,3,0.80,-6.24
US-2014-105389,2014-10-24,2014,10,Darrin Martin,Central,Technology,Phones,823.96,5,0.20,51.50
US-2014-105389,2014-10-24,2014,10,Darrin Martin,Central,Office Supplies,Art,10.27,3,0.20,0.90
CA-2014-141705,2014-10-25,2014,10,Patrick O'Brill,Central,Furniture,Tables,517.41,5,0.30,-81.31
CA-2014-144365,2014-10-25,2014,10,Carlos Soltero,South,Office Supplies,Fasteners,11.68,4,0.00,5.26
CA-2014-102729,2014-10-27,2014,10,Benjamin Farhat,Central,Office Supplies,Storage,55.62,2,0.20,5.56
CA-2014-115119,2014-10-27,2014,10,Shaun Chance,East,Technology,Phones,61.54,1,0.40,-13.33
CA-2014-115119,2014-10-27,2014,10,Shaun Chance,East,Office Supplies,Binders,81.44,7,0.70,-65.15
CA-2014-155558,2014-10-27,2014,10,Paul Gonzalez,Central,Technology,Accessories,19.99,1,0.00,6.80
CA-2014-155558,2014-10-27,2014,10,Paul Gonzalez,Central,Office Supplies,Labels,6.16,2,0.00,2.96
CA-2014-162173,2014-10-27,2014,10,Olvera Toch,South,Furniture,Tables,356.85,5,0.00,60.66
CA-2014-162173,2014-10-27,2014,10,Olvera Toch,South,Office Supplies,Envelopes,251.58,7,0.00,113.21
US-2014-110646,2014-10-27,2014,10,Jamie Frazer,East,Office Supplies,Binders,33.28,3,0.70,-27.74
US-2014-110646,2014-10-27,2014,10,Jamie Frazer,East,Technology,Phones,118.65,5,0.40,19.78
US-2014-110646,2014-10-27,2014,10,Jamie Frazer,East,Office Supplies,Labels,14.76,5,0.20,4.98
CA-2014-110310,2014-10-28,2014,10,Nona Balk,South,Office Supplies,Paper,56.78,7,0.20,20.58
CA-2014-110310,2014-10-28,2014,10,Nona Balk,South,Office Supplies,Binders,5.61,3,0.70,-3.92
CA-2014-110310,2014-10-28,2014,10,Nona Balk,South,Office Supplies,Art,6.58,3,0.20,0.58
CA-2014-110373,2014-10-28,2014,10,Matt Abelman,Central,Office Supplies,Art,7.06,3,0.20,2.21
CA-2014-110373,2014-10-28,2014,10,Matt Abelman,Central,Technology,Phones,27.18,2,0.20,2.04
CA-2014-127922,2014-10-28,2014,10,Sally Hughsby,Central,Office Supplies,Envelopes,15.84,2,0.20,5.54
CA-2014-127922,2014-10-28,2014,10,Sally Hughsby,Central,Office Supplies,Paper,8.45,2,0.20,2.64
CA-2014-130764,2014-10-28,2014,10,Jack O'Briant,West,Furniture,Bookcases,556.67,5,0.15,6.55
CA-2014-130764,2014-10-28,2014,10,Jack O'Briant,West,Technology,Phones,95.84,4,0.20,34.74
CA-2014-134880,2014-10-28,2014,10,Tamara Willingham,West,Office Supplies,Paper,44.78,1,0.20,16.23
CA-2014-151225,2014-10-28,2014,10,Jim Mitchum,West,Furniture,Tables,189.58,1,0.20,9.48
CA-2014-151225,2014-10-28,2014,10,Jim Mitchum,West,Technology,Phones,71.96,5,0.20,7.20
CA-2014-111262,2014-10-29,2014,10,Keith Herrera,Central,Technology,Accessories,24.00,2,0.20,-2.70
CA-2014-111262,2014-10-29,2014,10,Keith Herrera,Central,Office Supplies,Paper,15.55,3,0.20,5.44
CA-2014-111262,2014-10-29,2014,10,Keith Herrera,Central,Technology,Accessories,26.18,2,0.20,-3.27
CA-2014-118367,2014-10-29,2014,10,Lori Olson,East,Office Supplies,Envelopes,47.98,2,0.00,23.99
CA-2014-139353,2014-10-29,2014,10,Janet Martin,South,Furniture,Furnishings,77.95,3,0.20,15.59
CA-2014-139353,2014-10-29,2014,10,Janet Martin,South,Office Supplies,Storage,147.18,2,0.20,-29.44
CA-2014-139353,2014-10-29,2014,10,Janet Martin,South,Office Supplies,Paper,47.95,3,0.20,16.18
CA-2014-160661,2014-10-29,2014,10,Sue Ann Reed,East,Office Supplies,Labels,21.93,3,0.00,10.31
CA-2014-160983,2014-10-30,2014,10,George Bell,East,Office Supplies,Paper,46.96,8,0.00,22.54
CA-2014-123491,2014-10-31,2014,10,Jamie Kunitz,West,Office Supplies,Labels,43.86,6,0.00,20.61
CA-2014-123491,2014-10-31,2014,10,Jamie Kunitz,West,Technology,Phones,148.48,2,0.20,16.70
CA-2014-123491,2014-10-31,2014,10,Jamie Kunitz,West,Office Supplies,Paper,7.42,2,0.00,3.71
CA-2014-123491,2014-10-31,2014,10,Jamie Kunitz,West,Furniture,Chairs,71.99,1,0.20,-0.90
CA-2014-123491,2014-10-31,2014,10,Jamie Kunitz,West,Office Supplies,Art,19.90,5,0.00,6.57
CA-2014-123491,2014-10-31,2014,10,Jamie Kunitz,West,Office Supplies,Appliances,1702.12,14,0.00,510.64
CA-2014-127285,2014-10-31,2014,10,Michelle Moray,West,Office Supplies,Binders,88.75,3,0.20,27.74
CA-2014-127285,2014-10-31,2014,10,Michelle Moray,West,Office Supplies,Binders,13.90,2,0.20,5.21
CA-2014-139661,2014-10-31,2014,10,Jane Waco,West,Furniture,Furnishings,9.64,2,0.00,3.66
CA-2014-142622,2014-10-31,2014,10,Jim Karlsson,West,Furniture,Chairs,97.57,2,0.20,-6.10
CA-2014-142622,2014-10-31,2014,10,Jim Karlsson,West,Furniture,Chairs,614.27,8,0.20,-23.04
CA-2014-142622,2014-10-31,2014,10,Jim Karlsson,West,Furniture,Bookcases,199.98,2,0.00,38.00
CA-2014-152583,2014-10-31,2014,10,Ryan Akin,Central,Furniture,Furnishings,16.19,2,0.60,-8.50
CA-2014-152583,2014-10-31,2014,10,Ryan Akin,Central,Furniture,Tables,251.01,2,0.30,-68.13
CA-2014-152583,2014-10-31,2014,10,Ryan Akin,Central,Office Supplies,Storage,54.19,6,0.20,4.06
CA-2014-152807,2014-10-31,2014,10,Mick Crebagga,East,Office Supplies,Paper,20.74,4,0.20,7.26
CA-2014-152807,2014-10-31,2014,10,Mick Crebagga,East,Furniture,Furnishings,7.17,2,0.20,0.99
CA-2014-152807,2014-10-31,2014,10,Mick Crebagga,East,Office Supplies,Storage,11.17,2,0.20,-2.51
CA-2014-152807,2014-10-31,2014,10,Mick Crebagga,East,Technology,Accessories,442.40,7,0.20,-55.30
CA-2014-155292,2014-10-31,2014,10,Ross DeVincentis,South,Office Supplies,Storage,105.98,7,0.00,4.24
CA-2014-155292,2014-10-31,2014,10,Ross DeVincentis,South,Office Supplies,Supplies,35.06,2,0.00,10.52
CA-2014-155292,2014-10-31,2014,10,Ross DeVincentis,South,Furniture,Chairs,33.94,1,0.00,9.16
CA-2014-155292,2014-10-31,2014,10,Ross DeVincentis,South,Office Supplies,Labels,30.00,8,0.00,14.40
CA-2014-117114,2014-11-01,2014,11,Craig Yedwab,Central,Technology,Phones,508.77,4,0.20,38.16
CA-2014-117114,2014-11-01,2014,11,Craig Yedwab,Central,Office Supplies,Envelopes,9.91,3,0.20,3.22
CA-2014-131632,2014-11-01,2014,11,Adrian Hane,Central,Office Supplies,Art,5.25,2,0.20,0.59
CA-2014-104136,2014-11-02,2014,11,Sandra Flanagan,East,Office Supplies,Paper,189.70,10,0.00,91.06
CA-2014-104136,2014-11-02,2014,11,Sandra Flanagan,East,Office Supplies,Paper,40.99,1,0.00,20.09
CA-2014-123967,2014-11-02,2014,11,Sarah Foster,West,Office Supplies,Binders,25.12,5,0.20,7.85
CA-2014-123967,2014-11-02,2014,11,Sarah Foster,West,Furniture,Tables,2665.62,9,0.00,239.91
CA-2014-116358,2014-11-03,2014,11,Kalyca Meade,Central,Office Supplies,Fasteners,18.24,3,0.00,9.12
CA-2014-116358,2014-11-03,2014,11,Kalyca Meade,Central,Office Supplies,Art,27.78,6,0.00,9.17
CA-2014-120061,2014-11-03,2014,11,Sharelle Roach,East,Furniture,Chairs,155.37,2,0.30,-35.51
CA-2014-127782,2014-11-03,2014,11,Thea Hudgings,East,Furniture,Furnishings,3.31,1,0.20,0.66
CA-2014-127782,2014-11-03,2014,11,Thea Hudgings,East,Office Supplies,Appliances,20.14,3,0.20,1.26
CA-2014-127782,2014-11-03,2014,11,Thea Hudgings,East,Office Supplies,Envelopes,8.86,3,0.20,2.88
CA-2014-127782,2014-11-03,2014,11,Thea Hudgings,East,Technology,Phones,859.20,4,0.40,-186.16
CA-2014-141425,2014-11-03,2014,11,Anthony Rawles,East,Office Supplies,Supplies,384.59,2,0.20,-81.73
CA-2014-143567,2014-11-03,2014,11,Thomas Boland,South,Office Supplies,Envelopes,5.32,2,0.00,2.61
CA-2014-143567,2014-11-03,2014,11,Thomas Boland,South,Furniture,Chairs,975.92,4,0.00,292.78
CA-2014-143567,2014-11-03,2014,11,Thomas Boland,South,Technology,Accessories,2249.91,9,0.00,517.48
CA-2014-143567,2014-11-03,2014,11,Thomas Boland,South,Office Supplies,Storage,59.92,4,0.00,16.78
CA-2014-164049,2014-11-03,2014,11,Ken Heidel,West,Office Supplies,Paper,23.85,5,0.00,10.73
CA-2014-167227,2014-11-03,2014,11,Nora Paige,Central,Office Supplies,Appliances,83.90,10,0.00,20.98
CA-2014-167227,2014-11-03,2014,11,Nora Paige,Central,Office Supplies,Paper,11.76,2,0.00,5.76
CA-2014-168179,2014-11-03,2014,11,Joy Bell-,West,Office Supplies,Paper,19.44,3,0.00,9.33
CA-2014-169005,2014-11-03,2014,11,Barry Gonzalez,South,Office Supplies,Art,5.56,2,0.00,1.45
US-2014-115609,2014-11-03,2014,11,Cindy Stewart,West,Office Supplies,Appliances,168.10,5,0.00,43.71
US-2014-145597,2014-11-03,2014,11,Greg Guthrie,Central,Office Supplies,Art,54.34,4,0.20,5.43
US-2014-163790,2014-11-03,2014,11,Nancy Lomonaco,West,Office Supplies,Envelopes,76.58,7,0.00,38.29
US-2014-163790,2014-11-03,2014,11,Nancy Lomonaco,West,Office Supplies,Art,8.80,5,0.00,4.22
US-2014-163790,2014-11-03,2014,11,Nancy Lomonaco,West,Office Supplies,Binders,590.35,6,0.20,206.62
US-2014-163790,2014-11-03,2014,11,Nancy Lomonaco,West,Office Supplies,Fasteners,5.58,3,0.00,0.17
US-2014-163790,2014-11-03,2014,11,Nancy Lomonaco,West,Furniture,Furnishings,25.02,3,0.00,10.51
US-2014-163790,2014-11-03,2014,11,Nancy Lomonaco,West,Office Supplies,Storage,452.55,7,0.00,22.63
CA-2014-100622,2014-11-04,2014,11,Dave Kipp,South,Technology,Copiers,959.98,2,0.20,311.99
CA-2014-100622,2014-11-04,2014,11,Dave Kipp,South,Office Supplies,Binders,4.09,2,0.70,-3.00
CA-2014-100622,2014-11-04,2014,11,Dave Kipp,South,Office Supplies,Art,55.98,2,0.20,4.20
CA-2014-100622,2014-11-04,2014,11,Dave Kipp,South,Office Supplies,Paper,10.69,2,0.20,3.74
CA-2014-103009,2014-11-04,2014,11,Patrick Jones,South,Office Supplies,Paper,26.40,5,0.00,11.88
CA-2014-110429,2014-11-04,2014,11,Darrin Martin,East,Office Supplies,Binders,11.67,3,0.70,-7.78
CA-2014-121615,2014-11-04,2014,11,Daniel Lacy,Central,Office Supplies,Paper,8.56,2,0.00,3.85
CA-2014-121615,2014-11-04,2014,11,Daniel Lacy,Central,Office Supplies,Storage,52.40,5,0.00,14.15
CA-2014-121615,2014-11-04,2014,11,Daniel Lacy,Central,Office Supplies,Labels,14.94,3,0.00,6.87
CA-2014-126046,2014-11-04,2014,11,Julie Creighton,South,Office Supplies,Labels,12.39,3,0.00,5.70
CA-2014-130834,2014-11-04,2014,11,Justin MacKendrick,South,Office Supplies,Paper,16.27,3,0.20,5.29
CA-2014-135419,2014-11-04,2014,11,Bruce Geld,West,Furniture,Tables,486.37,4,0.20,36.48
CA-2014-142636,2014-11-04,2014,11,Kimberly Carter,West,Office Supplies,Paper,139.86,7,0.00,65.73
CA-2014-142636,2014-11-04,2014,11,Kimberly Carter,West,Furniture,Chairs,307.14,4,0.20,26.87
CA-2014-143329,2014-11-04,2014,11,Denise Leinenbach,West,Furniture,Furnishings,41.37,3,0.00,17.38
CA-2014-148320,2014-11-04,2014,11,Paul Gonzalez,West,Office Supplies,Paper,35.88,6,0.00,17.58
CA-2014-153339,2014-11-04,2014,11,Don Jones,South,Furniture,Furnishings,15.99,1,0.20,1.00
CA-2014-161130,2014-11-04,2014,11,Beth Fritzler,South,Technology,Phones,361.38,2,0.20,27.10
US-2014-101518,2014-11-04,2014,11,Peter Bühler,East,Technology,Accessories,40.78,3,0.20,0.51
US-2014-105998,2014-11-04,2014,11,Clay Rozendal,West,Technology,Accessories,199.75,5,0.00,87.89
US-2014-105998,2014-11-04,2014,11,Clay Rozendal,West,Furniture,Tables,1673.18,12,0.20,20.91
US-2014-110989,2014-11-04,2014,11,Eva Jacobs,West,Technology,Accessories,43.50,3,0.00,10.88
US-2014-168802,2014-11-04,2014,11,Jack O'Briant,West,Office Supplies,Binders,18.37,4,0.20,5.97
CA-2014-102610,2014-11-05,2014,11,Christina Anderson,South,Technology,Accessories,95.98,3,0.20,15.60
CA-2014-102610,2014-11-05,2014,11,Christina Anderson,South,Technology,Phones,143.93,9,0.20,-32.38
CA-2014-102610,2014-11-05,2014,11,Christina Anderson,South,Office Supplies,Binders,3.56,2,0.70,-2.97
CA-2014-102610,2014-11-05,2014,11,Christina Anderson,South,Office Supplies,Labels,4.93,2,0.20,1.72
CA-2014-105144,2014-11-05,2014,11,Sam Zeldin,Central,Office Supplies,Labels,23.68,2,0.20,8.88
CA-2014-121160,2014-11-05,2014,11,Frank Merwin,Central,Office Supplies,Binders,7.54,6,0.80,-13.19
CA-2014-121160,2014-11-05,2014,11,Frank Merwin,Central,Office Supplies,Binders,1.41,2,0.80,-2.32
CA-2014-121160,2014-11-05,2014,11,Frank Merwin,Central,Office Supplies,Binders,4.14,4,0.80,-6.42
CA-2014-121160,2014-11-05,2014,11,Frank Merwin,Central,Office Supplies,Storage,52.75,3,0.20,-12.53
CA-2014-147760,2014-11-05,2014,11,Kelly Lampkin,South,Furniture,Tables,523.76,3,0.40,-192.05
CA-2014-147760,2014-11-05,2014,11,Kelly Lampkin,South,Technology,Phones,1359.96,5,0.20,119.00
CA-2014-159135,2014-11-05,2014,11,Katherine Murray,South,Office Supplies,Art,4.30,2,0.00,1.42
US-2014-122672,2014-11-05,2014,11,Henry Goldwyn,East,Technology,Accessories,70.72,4,0.20,-6.19
US-2014-122672,2014-11-05,2014,11,Henry Goldwyn,East,Office Supplies,Storage,194.35,3,0.20,-43.73
US-2014-156083,2014-11-05,2014,11,James Lanier,South,Office Supplies,Paper,9.66,2,0.20,3.26
US-2014-168116,2014-11-05,2014,11,Grant Thornton,South,Technology,Machines,7999.98,4,0.50,-3839.99
US-2014-168116,2014-11-05,2014,11,Grant Thornton,South,Office Supplies,Appliances,167.44,2,0.20,14.65
CA-2014-102925,2014-11-06,2014,11,Christina DeMoss,East,Office Supplies,Binders,164.69,6,0.20,55.58
CA-2014-102925,2014-11-06,2014,11,Christina DeMoss,East,Furniture,Tables,166.50,2,0.40,-66.60
CA-2014-102925,2014-11-06,2014,11,Christina DeMoss,East,Office Supplies,Paper,12.96,2,0.00,6.22
CA-2014-102925,2014-11-06,2014,11,Christina DeMoss,East,Office Supplies,Paper,110.96,2,0.00,53.26
CA-2014-102925,2014-11-06,2014,11,Christina DeMoss,East,Technology,Phones,99.98,2,0.00,4.00
CA-2014-102925,2014-11-06,2014,11,Christina DeMoss,East,Office Supplies,Binders,11.42,1,0.20,3.71
CA-2014-102925,2014-11-06,2014,11,Christina DeMoss,East,Furniture,Chairs,128.12,2,0.10,24.20
CA-2014-102925,2014-11-06,2014,11,Christina DeMoss,East,Furniture,Furnishings,101.40,5,0.00,38.53
CA-2014-114258,2014-11-06,2014,11,Elizabeth Moffitt,Central,Technology,Phones,492.77,4,0.20,55.44
CA-2014-116225,2014-11-06,2014,11,Susan Vittorini,East,Technology,Accessories,390.75,5,0.00,171.93
CA-2014-118213,2014-11-06,2014,11,Adam Bellavance,Central,Office Supplies,Paper,4.41,1,0.00,2.03
CA-2014-118213,2014-11-06,2014,11,Adam Bellavance,Central,Office Supplies,Paper,167.94,3,0.00,82.29
CA-2014-118213,2014-11-06,2014,11,Adam Bellavance,Central,Office Supplies,Paper,67.80,10,0.00,31.19
CA-2014-154732,2014-11-06,2014,11,Alan Haines,Central,Office Supplies,Binders,16.03,5,0.80,-25.65
CA-2014-157196,2014-11-06,2014,11,Anna Andreadi,West,Office Supplies,Paper,12.96,2,0.00,6.22
US-2014-107272,2014-11-06,2014,11,Troy Staebel,West,Office Supplies,Binders,2.39,2,0.70,-1.83
US-2014-107272,2014-11-06,2014,11,Troy Staebel,West,Office Supplies,Storage,243.99,7,0.20,30.50
US-2014-111745,2014-11-06,2014,11,Ruben Ausman,West,Technology,Accessories,159.99,1,0.00,54.40
CA-2014-100013,2014-11-07,2014,11,Zuschuss Carroll,West,Office Supplies,Envelopes,15.28,2,0.00,7.49
CA-2014-100013,2014-11-07,2014,11,Zuschuss Carroll,West,Furniture,Furnishings,8.73,1,0.00,2.97
CA-2014-100013,2014-11-07,2014,11,Zuschuss Carroll,West,Office Supplies,Art,5.68,2,0.00,1.76
CA-2014-106691,2014-11-07,2014,11,Christopher Conant,Central,Office Supplies,Binders,1.25,2,0.80,-1.93
CA-2014-107174,2014-11-07,2014,11,Adam Bellavance,West,Furniture,Tables,2036.86,7,0.00,366.63
CA-2014-107174,2014-11-07,2014,11,Adam Bellavance,West,Furniture,Chairs,449.57,2,0.20,-73.05
CA-2014-107174,2014-11-07,2014,11,Adam Bellavance,West,Technology,Accessories,108.96,3,0.00,32.69
CA-2014-107720,2014-11-07,2014,11,Valerie Mitchum,East,Office Supplies,Storage,46.26,3,0.00,12.03
CA-2014-125290,2014-11-07,2014,11,Chuck Clark,Central,Office Supplies,Art,13.90,5,0.00,3.61
CA-2014-125290,2014-11-07,2014,11,Chuck Clark,Central,Office Supplies,Paper,26.38,1,0.00,12.13
CA-2014-144596,2014-11-07,2014,11,Carol Darley,East,Office Supplies,Paper,318.96,9,0.00,149.91
CA-2014-150504,2014-11-07,2014,11,Harry Greene,Central,Office Supplies,Storage,18.16,2,0.20,1.82
CA-2014-154109,2014-11-07,2014,11,Maris LaWare,East,Furniture,Chairs,127.37,2,0.30,-30.93
CA-2014-154109,2014-11-07,2014,11,Maris LaWare,East,Office Supplies,Paper,47.95,3,0.20,16.18
CA-2014-154816,2014-11-07,2014,11,Victoria Brennan,South,Office Supplies,Paper,5.78,1,0.00,2.83
CA-2014-167941,2014-11-07,2014,11,Jill Fjeld,South,Office Supplies,Appliances,499.58,3,0.20,43.71
CA-2014-167941,2014-11-07,2014,11,Jill Fjeld,South,Office Supplies,Paper,31.10,6,0.20,10.89
CA-2014-167941,2014-11-07,2014,11,Jill Fjeld,South,Office Supplies,Binders,13.27,8,0.70,-10.62
CA-2014-167941,2014-11-07,2014,11,Jill Fjeld,South,Furniture,Furnishings,28.27,2,0.20,6.36
CA-2014-167941,2014-11-07,2014,11,Jill Fjeld,South,Office Supplies,Storage,259.14,4,0.20,-51.83
US-2014-109484,2014-11-07,2014,11,Roger Barcio,West,Office Supplies,Binders,5.68,1,0.70,-3.79
US-2014-119319,2014-11-07,2014,11,Liz Carlisle,Central,Furniture,Furnishings,30.56,5,0.60,-19.86
US-2014-153948,2014-11-07,2014,11,Frank Merwin,West,Office Supplies,Paper,59.94,3,0.00,28.17
US-2014-153948,2014-11-07,2014,11,Frank Merwin,West,Office Supplies,Paper,45.36,4,0.00,22.23
US-2014-153948,2014-11-07,2014,11,Frank Merwin,West,Office Supplies,Paper,26.40,5,0.00,12.67
US-2014-153948,2014-11-07,2014,11,Frank Merwin,West,Office Supplies,Labels,41.40,4,0.00,19.87
US-2014-153948,2014-11-07,2014,11,Frank Merwin,West,Technology,Accessories,16.95,1,0.00,1.02
CA-2014-113460,2014-11-08,2014,11,Katherine Nockton,East,Furniture,Chairs,272.97,3,0.00,43.68
CA-2014-113572,2014-11-08,2014,11,Frank Preis,East,Technology,Accessories,7.88,4,0.00,2.52
CA-2014-122504,2014-11-08,2014,11,Deborah Brumfield,West,Technology,Accessories,59.97,3,0.00,13.79
CA-2014-122504,2014-11-08,2014,11,Deborah Brumfield,West,Technology,Phones,761.54,7,0.20,66.64
CA-2014-132346,2014-11-08,2014,11,Pete Kriz,East,Office Supplies,Appliances,100.94,7,0.00,33.31
CA-2014-149888,2014-11-08,2014,11,Emily Phan,East,Technology,Phones,359.97,5,0.40,-71.99
CA-2014-149888,2014-11-08,2014,11,Emily Phan,East,Furniture,Tables,350.35,4,0.40,-140.14
CA-2014-152737,2014-11-08,2014,11,Tony Sayre,West,Office Supplies,Binders,21.79,4,0.20,7.63
CA-2014-152737,2014-11-08,2014,11,Tony Sayre,West,Technology,Accessories,439.80,4,0.00,145.13
CA-2014-163188,2014-11-08,2014,11,Erin Creighton,Central,Office Supplies,Binders,38.16,9,0.00,19.08
CA-2014-143658,2014-11-09,2014,11,Sharelle Roach,East,Office Supplies,Art,109.90,5,0.00,32.97
CA-2014-155621,2014-11-09,2014,11,Kean Nguyen,East,Furniture,Furnishings,274.20,10,0.00,112.42
CA-2014-119494,2014-11-10,2014,11,Jim Epp,West,Furniture,Chairs,523.39,3,0.20,52.34
CA-2014-152912,2014-11-10,2014,11,Brian Moss,East,Office Supplies,Binders,9.64,2,0.00,4.43
CA-2014-152912,2014-11-10,2014,11,Brian Moss,East,Technology,Accessories,826.62,3,0.00,355.45
CA-2014-152912,2014-11-10,2014,11,Brian Moss,East,Office Supplies,Storage,1633.14,9,0.00,473.61
CA-2014-152912,2014-11-10,2014,11,Brian Moss,East,Office Supplies,Storage,544.38,3,0.00,157.87
CA-2014-158246,2014-11-10,2014,11,Jennifer Braxton,West,Furniture,Chairs,215.98,3,0.20,-2.70
CA-2014-159597,2014-11-10,2014,11,Matt Collister,West,Office Supplies,Storage,63.56,2,0.00,3.18
CA-2014-159597,2014-11-10,2014,11,Matt Collister,West,Technology,Accessories,99.99,1,0.00,44.00
CA-2014-159667,2014-11-10,2014,11,Peter McVee,South,Technology,Accessories,191.98,3,0.20,38.40
CA-2014-159667,2014-11-10,2014,11,Peter McVee,South,Technology,Phones,499.17,4,0.20,31.20
CA-2014-161018,2014-11-10,2014,11,Parhena Norris,East,Furniture,Furnishings,96.53,7,0.00,40.54
US-2014-141852,2014-11-10,2014,11,Joel Eaton,West,Furniture,Furnishings,47.12,8,0.00,20.73
CA-2014-104640,2014-11-11,2014,11,Frank Hawley,East,Office Supplies,Binders,931.18,3,0.20,314.27
CA-2014-104640,2014-11-11,2014,11,Frank Hawley,East,Technology,Phones,430.88,2,0.00,124.96
CA-2014-137624,2014-11-11,2014,11,Maria Etezadi,West,Furniture,Chairs,241.42,2,0.20,-36.21
CA-2014-141138,2014-11-11,2014,11,Gary Hwang,West,Technology,Accessories,111.79,7,0.00,43.60
CA-2014-142671,2014-11-11,2014,11,Daniel Raglin,South,Office Supplies,Binders,11.52,5,0.70,-7.68
CA-2014-161739,2014-11-11,2014,11,Edward Becker,Central,Furniture,Furnishings,341.96,5,0.60,-427.45
CA-2014-162096,2014-11-11,2014,11,Thomas Brumley,West,Office Supplies,Art,7.80,3,0.00,2.11
CA-2014-163874,2014-11-11,2014,11,Nick Crebassa,West,Office Supplies,Binders,26.35,3,0.20,9.55
US-2014-128447,2014-11-11,2014,11,Michael Chen,West,Office Supplies,Appliances,400.80,5,0.00,112.22
US-2014-128447,2014-11-11,2014,11,Michael Chen,West,Office Supplies,Binders,28.79,1,0.20,10.08
US-2014-155425,2014-11-11,2014,11,Ann Blume,West,Office Supplies,Binders,38.39,14,0.70,-25.59
US-2014-155425,2014-11-11,2014,11,Ann Blume,West,Technology,Machines,95.99,2,0.70,-64.00
US-2014-155425,2014-11-11,2014,11,Ann Blume,West,Technology,Accessories,239.95,6,0.20,-35.99
US-2014-155425,2014-11-11,2014,11,Ann Blume,West,Technology,Phones,201.58,2,0.20,15.12
US-2014-155425,2014-11-11,2014,11,Ann Blume,West,Furniture,Chairs,899.14,4,0.20,-146.11
CA-2014-110842,2014-11-12,2014,11,Guy Armstrong,West,Office Supplies,Appliances,10.89,1,0.00,2.83
CA-2014-110842,2014-11-12,2014,11,Guy Armstrong,West,Office Supplies,Paper,19.44,3,0.00,9.33
CA-2014-110842,2014-11-12,2014,11,Guy Armstrong,West,Office Supplies,Binders,121.60,5,0.20,39.52
CA-2014-115448,2014-11-12,2014,11,Michelle Huthwaite,South,Furniture,Furnishings,88.92,5,0.20,14.45
CA-2014-120327,2014-11-12,2014,11,William Brown,Central,Office Supplies,Fasteners,45.92,4,0.00,21.58
CA-2014-143217,2014-11-12,2014,11,Catherine Glotzbach,Central,Office Supplies,Binders,18.24,3,0.00,8.57
CA-2014-143455,2014-11-12,2014,11,Max Ludwig,East,Office Supplies,Paper,10.37,2,0.20,3.63
CA-2014-148985,2014-11-12,2014,11,Thomas Brumley,West,Furniture,Furnishings,34.92,4,0.00,11.87
CA-2014-150959,2014-11-12,2014,11,Tamara Dahlen,Central,Office Supplies,Labels,10.44,5,0.20,3.39
CA-2014-150959,2014-11-12,2014,11,Tamara Dahlen,Central,Office Supplies,Binders,18.34,4,0.80,-32.09
CA-2014-154137,2014-11-12,2014,11,Meg Tillman,East,Office Supplies,Storage,35.48,1,0.00,0.00
CA-2014-157483,2014-11-12,2014,11,Emily Phan,Central,Office Supplies,Art,181.86,7,0.00,50.92
CA-2014-158561,2014-11-12,2014,11,Brenda Bowman,South,Office Supplies,Appliances,1158.12,5,0.20,130.29
CA-2014-167976,2014-11-12,2014,11,Jeremy Lonsdale,Central,Office Supplies,Supplies,25.50,3,0.00,6.63
US-2014-116491,2014-11-12,2014,11,Patrick Gardner,Central,Technology,Phones,35.18,2,0.20,12.31
CA-2014-122644,2014-11-13,2014,11,Sylvia Foulston,East,Office Supplies,Paper,10.85,2,0.20,3.53
CA-2014-122644,2014-11-13,2014,11,Sylvia Foulston,East,Technology,Accessories,18.54,2,0.20,3.01
CA-2014-130386,2014-11-13,2014,11,Nathan Gelder,Central,Office Supplies,Paper,16.06,3,0.20,5.82
CA-2014-130386,2014-11-13,2014,11,Nathan Gelder,Central,Office Supplies,Paper,223.06,9,0.20,69.71
CA-2014-130386,2014-11-13,2014,11,Nathan Gelder,Central,Office Supplies,Storage,540.05,3,0.20,-47.25
CA-2014-134915,2014-11-13,2014,11,Eugene Moren,West,Technology,Accessories,41.60,4,0.20,13.00
CA-2014-134915,2014-11-13,2014,11,Eugene Moren,West,Office Supplies,Paper,23.12,5,0.20,8.38
CA-2014-134915,2014-11-13,2014,11,Eugene Moren,West,Furniture,Chairs,113.89,2,0.20,9.97
CA-2014-134915,2014-11-13,2014,11,Eugene Moren,West,Furniture,Furnishings,113.57,2,0.20,-5.68
CA-2014-134915,2014-11-13,2014,11,Eugene Moren,West,Technology,Phones,7.92,2,0.20,0.69
CA-2014-134915,2014-11-13,2014,11,Eugene Moren,West,Technology,Phones,671.98,2,0.20,50.40
CA-2014-134978,2014-11-13,2014,11,Ed Braxton,East,Office Supplies,Binders,15.92,5,0.20,5.37
CA-2014-149944,2014-11-13,2014,11,Maria Bertelson,West,Office Supplies,Fasteners,18.24,3,0.00,9.12
CA-2014-149944,2014-11-13,2014,11,Maria Bertelson,West,Office Supplies,Appliances,76.12,2,0.00,22.07
CA-2014-154088,2014-11-13,2014,11,Larry Blacks,South,Office Supplies,Paper,26.72,5,0.20,9.35
CA-2014-160514,2014-11-13,2014,11,David Bremer,West,Office Supplies,Paper,10.56,2,0.00,4.75
CA-2014-164168,2014-11-13,2014,11,Lindsay Shagiari,Central,Office Supplies,Binders,30.56,5,0.80,-45.84
CA-2014-164168,2014-11-13,2014,11,Lindsay Shagiari,Central,Office Supplies,Storage,77.95,3,0.20,-15.59
CA-2014-164168,2014-11-13,2014,11,Lindsay Shagiari,Central,Technology,Phones,67.99,1,0.20,8.50
CA-2014-164168,2014-11-13,2014,11,Lindsay Shagiari,Central,Office Supplies,Envelopes,12.22,2,0.20,4.43
CA-2014-164168,2014-11-13,2014,11,Lindsay Shagiari,Central,Technology,Accessories,44.78,2,0.20,-0.56
CA-2014-164168,2014-11-13,2014,11,Lindsay Shagiari,Central,Furniture,Furnishings,22.85,3,0.60,-17.71
CA-2014-164364,2014-11-13,2014,11,Christine Sundaresam,West,Office Supplies,Labels,9.96,2,0.00,4.58
CA-2014-164364,2014-11-13,2014,11,Christine Sundaresam,West,Office Supplies,Art,9.21,3,0.00,2.30
CA-2014-164364,2014-11-13,2014,11,Christine Sundaresam,West,Office Supplies,Supplies,27.93,3,0.00,8.10
CA-2014-166835,2014-11-13,2014,11,Dennis Kane,East,Office Supplies,Storage,221.02,2,0.20,-55.26
US-2014-116659,2014-11-13,2014,11,Nat Gilpin,East,Technology,Phones,370.78,3,0.40,-92.70
US-2014-125808,2014-11-13,2014,11,Emily Phan,West,Office Supplies,Paper,11.56,2,0.00,5.66
US-2014-132220,2014-11-13,2014,11,Don Jones,West,Technology,Accessories,62.35,6,0.20,-10.91
US-2014-136707,2014-11-13,2014,11,Jim Epp,West,Office Supplies,Binders,14.02,4,0.20,4.91
CA-2014-112844,2014-11-14,2014,11,Stefania Perrino,East,Technology,Phones,43.60,4,0.00,12.21
CA-2014-112844,2014-11-14,2014,11,Stefania Perrino,East,Furniture,Furnishings,154.95,3,0.00,30.99
CA-2014-113873,2014-11-14,2014,11,Katrina Edelman,Central,Office Supplies,Storage,61.79,4,0.20,6.18
CA-2014-113873,2014-11-14,2014,11,Katrina Edelman,Central,Furniture,Bookcases,206.00,3,0.32,-27.26
CA-2014-122490,2014-11-14,2014,11,Ted Trevino,West,Furniture,Chairs,2404.70,6,0.20,150.29
CA-2014-122490,2014-11-14,2014,11,Ted Trevino,West,Office Supplies,Binders,563.02,11,0.20,190.02
CA-2014-122490,2014-11-14,2014,11,Ted Trevino,West,Office Supplies,Storage,344.91,3,0.00,10.35
CA-2014-122490,2014-11-14,2014,11,Ted Trevino,West,Office Supplies,Labels,8.64,3,0.00,4.23
CA-2014-123624,2014-11-14,2014,11,Sanjit Engle,West,Technology,Accessories,82.95,5,0.00,29.03
CA-2014-133620,2014-11-14,2014,11,Erin Mull,East,Office Supplies,Storage,11.21,1,0.00,3.36
CA-2014-159156,2014-11-14,2014,11,Ken Brennan,East,Technology,Phones,629.95,5,0.00,163.79
CA-2014-160416,2014-11-14,2014,11,Alan Dominguez,East,Technology,Accessories,163.96,4,0.00,70.50
CA-2014-165204,2014-11-14,2014,11,Michael Nguyen,South,Office Supplies,Paper,8.90,3,0.20,3.34
CA-2014-165204,2014-11-14,2014,11,Michael Nguyen,South,Office Supplies,Storage,720.06,4,0.20,-63.01
US-2014-102904,2014-11-14,2014,11,Cassandra Brandow,South,Technology,Accessories,239.92,8,0.00,23.99
US-2014-119662,2014-11-14,2014,11,Christopher Schild,Central,Office Supplies,Storage,230.38,3,0.20,-48.95
US-2014-124926,2014-11-14,2014,11,Maria Etezadi,Central,Office Supplies,Appliances,9.32,6,0.80,-24.71
US-2014-140312,2014-11-14,2014,11,Ken Lonsdale,West,Technology,Phones,22.00,5,0.20,1.38
US-2014-153633,2014-11-14,2014,11,Toby Carlisle,South,Office Supplies,Art,2.06,1,0.20,0.15
US-2014-165344,2014-11-14,2014,11,Sean Braxton,East,Technology,Accessories,60.86,4,0.20,9.13
US-2014-165344,2014-11-14,2014,11,Sean Braxton,East,Technology,Machines,653.00,7,0.70,-935.96
US-2014-165344,2014-11-14,2014,11,Sean Braxton,East,Office Supplies,Binders,11.22,10,0.70,-7.48
CA-2014-106943,2014-11-15,2014,11,Frank Olsen,East,Office Supplies,Binders,8.64,2,0.20,3.02
CA-2014-124261,2014-11-15,2014,11,Joe Elijah,West,Office Supplies,Art,34.24,8,0.00,9.93
CA-2014-137323,2014-11-15,2014,11,Pauline Webber,East,Office Supplies,Storage,96.36,6,0.00,25.05
CA-2014-138611,2014-11-15,2014,11,Clytie Kelty,East,Technology,Phones,119.94,10,0.40,15.99
CA-2014-138611,2014-11-15,2014,11,Clytie Kelty,East,Office Supplies,Binders,3.65,2,0.70,-2.80
CA-2014-142489,2014-11-15,2014,11,Toby Carlisle,Central,Office Supplies,Binders,21.99,5,0.80,-32.99
CA-2014-152142,2014-11-15,2014,11,Lindsay Williams,West,Furniture,Chairs,321.57,2,0.20,28.14
US-2014-118157,2014-11-15,2014,11,Arthur Wiediger,Central,Office Supplies,Envelopes,15.28,2,0.00,7.49
US-2014-136679,2014-11-15,2014,11,Xylona Preis,Central,Technology,Accessories,167.95,6,0.20,-27.29
US-2014-136679,2014-11-15,2014,11,Xylona Preis,Central,Office Supplies,Art,45.04,2,0.20,4.50
CA-2014-108112,2014-11-16,2014,11,Dana Kaydos,South,Furniture,Furnishings,220.06,4,0.20,55.02
CA-2014-108112,2014-11-16,2014,11,Dana Kaydos,South,Furniture,Furnishings,339.14,4,0.20,0.00
CA-2014-100601,2014-11-17,2014,11,Jay Kimmel,West,Office Supplies,Storage,48.86,7,0.00,0.98
CA-2014-108091,2014-11-17,2014,11,Eileen Kiefer,West,Office Supplies,Art,23.36,4,0.00,6.07
CA-2014-121678,2014-11-17,2014,11,Brian Moss,East,Office Supplies,Binders,1.82,1,0.70,-1.40
CA-2014-122945,2014-11-17,2014,11,Mick Brown,West,Furniture,Furnishings,17.31,3,0.00,5.19
CA-2014-136308,2014-11-17,2014,11,Mitch Willingham,West,Technology,Machines,1919.98,3,0.20,216.00
CA-2014-137022,2014-11-17,2014,11,Scott Williamson,West,Office Supplies,Storage,811.28,8,0.00,24.34
CA-2014-157448,2014-11-17,2014,11,Lena Creighton,West,Furniture,Furnishings,119.94,3,0.00,23.99
CA-2014-157448,2014-11-17,2014,11,Lena Creighton,West,Furniture,Furnishings,12.42,3,0.00,4.47
CA-2014-160633,2014-11-17,2014,11,Bill Stewart,East,Technology,Copiers,899.98,3,0.40,75.00
CA-2014-160633,2014-11-17,2014,11,Bill Stewart,East,Office Supplies,Art,86.35,3,0.20,5.40
CA-2014-160633,2014-11-17,2014,11,Bill Stewart,East,Technology,Accessories,139.96,5,0.20,-1.75
US-2014-107888,2014-11-17,2014,11,Chris Cortes,West,Office Supplies,Paper,73.68,6,0.00,34.63
US-2014-107888,2014-11-17,2014,11,Chris Cortes,West,Furniture,Furnishings,139.92,2,0.00,23.79
US-2014-107888,2014-11-17,2014,11,Chris Cortes,West,Technology,Phones,107.88,3,0.20,10.79
US-2014-107888,2014-11-17,2014,11,Chris Cortes,West,Office Supplies,Storage,33.29,1,0.00,7.99
US-2014-114657,2014-11-17,2014,11,Mick Hernandez,East,Technology,Machines,52.44,4,0.00,24.12
US-2014-118598,2014-11-17,2014,11,Charlotte Melton,East,Technology,Phones,119.94,6,0.00,6.00
US-2014-157896,2014-11-17,2014,11,Christy Brittain,East,Office Supplies,Paper,146.82,3,0.00,73.41
CA-2014-100902,2014-11-18,2014,11,Clytie Kelty,South,Office Supplies,Paper,268.24,7,0.20,93.88
CA-2014-100902,2014-11-18,2014,11,Clytie Kelty,South,Technology,Accessories,431.16,5,0.20,107.79
CA-2014-118122,2014-11-18,2014,11,Greg Guthrie,West,Office Supplies,Binders,13.90,2,0.20,4.52
CA-2014-124674,2014-11-18,2014,11,Joy Bell-,Central,Furniture,Bookcases,327.73,2,0.32,-14.46
CA-2014-128265,2014-11-18,2014,11,Victoria Wilson,East,Office Supplies,Storage,1247.64,3,0.00,349.34
CA-2014-138163,2014-11-18,2014,11,Xylona Preis,East,Office Supplies,Art,50.94,3,0.00,14.26
CA-2014-141719,2014-11-18,2014,11,Emily Grady,Central,Technology,Accessories,239.96,5,0.20,83.99
CA-2014-158120,2014-11-18,2014,11,Katharine Harms,West,Office Supplies,Paper,19.61,3,0.20,6.62
CA-2014-158120,2014-11-18,2014,11,Katharine Harms,West,Office Supplies,Binders,4.16,7,0.70,-3.47
CA-2014-163629,2014-11-18,2014,11,Ruben Ausman,South,Technology,Accessories,79.99,1,0.00,28.80
CA-2014-163629,2014-11-18,2014,11,Ruben Ausman,South,Technology,Phones,206.10,5,0.00,55.65
CA-2014-165687,2014-11-18,2014,11,Christine Sundaresam,South,Office Supplies,Appliances,35.04,2,0.00,12.26
CA-2014-166709,2014-11-18,2014,11,Hunter Lopez,East,Technology,Copiers,10499.97,3,0.00,5039.99
US-2014-116505,2014-11-18,2014,11,Trudy Brown,East,Office Supplies,Binders,43.80,6,0.00,20.59
US-2014-155866,2014-11-18,2014,11,Christopher Conant,East,Office Supplies,Paper,38.88,6,0.00,18.66
US-2014-155866,2014-11-18,2014,11,Christopher Conant,East,Furniture,Furnishings,187.76,4,0.00,76.98
CA-2014-104864,2014-11-19,2014,11,Jim Sink,South,Office Supplies,Storage,81.36,5,0.20,-19.32
CA-2014-104864,2014-11-19,2014,11,Jim Sink,South,Office Supplies,Binders,20.23,8,0.70,-16.19
CA-2014-104864,2014-11-19,2014,11,Jim Sink,South,Office Supplies,Appliances,389.06,4,0.20,48.63
CA-2014-104864,2014-11-19,2014,11,Jim Sink,South,Office Supplies,Paper,20.74,4,0.20,7.26
CA-2014-104864,2014-11-19,2014,11,Jim Sink,South,Office Supplies,Paper,41.47,8,0.20,14.52
CA-2014-104913,2014-11-19,2014,11,Dave Kipp,East,Technology,Phones,74.95,5,0.00,36.73
CA-2014-107825,2014-11-19,2014,11,Nona Balk,Central,Office Supplies,Storage,92.52,6,0.00,24.98
CA-2014-107825,2014-11-19,2014,11,Nona Balk,Central,Office Supplies,Storage,37.76,1,0.00,10.57
CA-2014-107825,2014-11-19,2014,11,Nona Balk,Central,Office Supplies,Labels,7.38,2,0.00,3.47
CA-2014-107825,2014-11-19,2014,11,Nona Balk,Central,Furniture,Furnishings,5.82,2,0.00,2.74
CA-2014-143434,2014-11-19,2014,11,Maria Etezadi,Central,Furniture,Furnishings,19.76,4,0.00,8.30
CA-2014-160122,2014-11-19,2014,11,Russell D'Ascenzo,Central,Office Supplies,Envelopes,55.58,6,0.20,20.84
CA-2014-160122,2014-11-19,2014,11,Russell D'Ascenzo,Central,Furniture,Chairs,127.39,2,0.30,-25.48
CA-2014-167871,2014-11-19,2014,11,Art Ferguson,South,Office Supplies,Paper,44.38,1,0.20,15.53
CA-2014-167871,2014-11-19,2014,11,Art Ferguson,South,Office Supplies,Supplies,2.94,1,0.20,-0.66
US-2014-132444,2014-11-19,2014,11,Christina DeMoss,West,Office Supplies,Storage,169.68,6,0.00,45.81
US-2014-132444,2014-11-19,2014,11,Christina DeMoss,West,Technology,Accessories,132.52,4,0.00,54.33
US-2014-132444,2014-11-19,2014,11,Christina DeMoss,West,Office Supplies,Fasteners,2.96,2,0.00,1.42
US-2014-132444,2014-11-19,2014,11,Christina DeMoss,West,Office Supplies,Binders,8.45,2,0.20,2.96
US-2014-132444,2014-11-19,2014,11,Christina DeMoss,West,Office Supplies,Storage,95.94,3,0.00,9.59
US-2014-158946,2014-11-19,2014,11,Jane Waco,East,Office Supplies,Art,38.86,7,0.20,7.77
CA-2014-101042,2014-11-20,2014,11,Adrian Barton,South,Furniture,Furnishings,821.88,6,0.00,213.69
CA-2014-101042,2014-11-20,2014,11,Adrian Barton,South,Office Supplies,Binders,21.96,2,0.00,10.76
CA-2014-110926,2014-11-20,2014,11,Dorothy Dickinson,South,Office Supplies,Fasteners,25.06,7,0.00,12.53
CA-2014-112529,2014-11-20,2014,11,Stewart Carmichael,Central,Furniture,Tables,718.12,6,0.30,-71.81
CA-2014-112529,2014-11-20,2014,11,Stewart Carmichael,Central,Office Supplies,Art,31.78,4,0.20,8.74
CA-2014-121468,2014-11-20,2014,11,Katherine Ducich,West,Technology,Phones,31.97,4,0.20,2.40
CA-2014-126242,2014-11-20,2014,11,Mick Crebagga,West,Office Supplies,Storage,305.01,9,0.00,76.25
CA-2014-126242,2014-11-20,2014,11,Mick Crebagga,West,Furniture,Furnishings,18.70,1,0.00,7.11
CA-2014-131254,2014-11-20,2014,11,Nathan Cano,Central,Furniture,Chairs,191.06,3,0.30,-46.40
CA-2014-131254,2014-11-20,2014,11,Nathan Cano,Central,Office Supplies,Art,13.04,5,0.20,3.91
CA-2014-131254,2014-11-20,2014,11,Nathan Cano,Central,Office Supplies,Binders,1525.19,6,0.80,-2287.78
CA-2014-143021,2014-11-20,2014,11,Anne Pryor,East,Office Supplies,Binders,58.41,7,0.20,18.25
CA-2014-143021,2014-11-20,2014,11,Anne Pryor,East,Furniture,Tables,79.97,3,0.40,-29.32
CA-2014-146458,2014-11-20,2014,11,Richard Bierner,South,Office Supplies,Art,22.96,7,0.00,6.66
CA-2014-158876,2014-11-20,2014,11,Aimee Bixby,Central,Office Supplies,Paper,16.90,4,0.20,5.28
CA-2014-158876,2014-11-20,2014,11,Aimee Bixby,Central,Office Supplies,Supplies,6.67,1,0.20,0.50
CA-2014-158876,2014-11-20,2014,11,Aimee Bixby,Central,Office Supplies,Art,99.14,4,0.20,8.67
CA-2014-158876,2014-11-20,2014,11,Aimee Bixby,Central,Furniture,Furnishings,15.99,2,0.60,-13.99
CA-2014-162929,2014-11-20,2014,11,Adrian Shami,East,Office Supplies,Binders,41.28,6,0.20,13.93
CA-2014-162929,2014-11-20,2014,11,Adrian Shami,East,Office Supplies,Paper,13.36,2,0.00,6.41
CA-2014-168858,2014-11-20,2014,11,Justin Deggeller,East,Office Supplies,Envelopes,16.74,3,0.00,8.37
CA-2014-168858,2014-11-20,2014,11,Justin Deggeller,East,Office Supplies,Appliances,2504.74,7,0.00,626.19
US-2014-108014,2014-11-20,2014,11,Jennifer Halladay,East,Office Supplies,Binders,59.91,7,0.70,-45.93
US-2014-137491,2014-11-20,2014,11,Linda Cazamias,Central,Furniture,Chairs,305.31,2,0.30,-8.72
US-2014-139969,2014-11-20,2014,11,Art Ferguson,Central,Furniture,Chairs,233.06,3,0.30,-53.27
US-2014-152380,2014-11-20,2014,11,Jonathan Howell,Central,Furniture,Tables,219.08,3,0.50,-131.45
CA-2014-103499,2014-11-21,2014,11,Erica Smith,South,Furniture,Chairs,209.57,2,0.20,-23.58
CA-2014-111556,2014-11-21,2014,11,Carlos Daly,East,Office Supplies,Paper,46.76,7,0.00,22.44
CA-2014-111556,2014-11-21,2014,11,Carlos Daly,East,Furniture,Bookcases,183.97,2,0.20,-25.30
CA-2014-111556,2014-11-21,2014,11,Carlos Daly,East,Technology,Phones,1259.97,3,0.00,327.59
CA-2014-111556,2014-11-21,2014,11,Carlos Daly,East,Office Supplies,Art,68.97,3,0.00,19.31
CA-2014-118731,2014-11-21,2014,11,Liz Pelletier,West,Furniture,Furnishings,42.60,3,0.00,16.61
CA-2014-118731,2014-11-21,2014,11,Liz Pelletier,West,Office Supplies,Binders,84.06,7,0.20,27.32
CA-2014-120404,2014-11-21,2014,11,Katharine Harms,East,Technology,Accessories,2.97,3,0.00,1.34
CA-2014-120404,2014-11-21,2014,11,Katharine Harms,East,Technology,Phones,569.99,1,0.00,171.00
CA-2014-120404,2014-11-21,2014,11,Katharine Harms,East,Furniture,Furnishings,50.97,3,0.00,9.17
CA-2014-121818,2014-11-21,2014,11,Jennifer Halladay,South,Office Supplies,Art,23.97,7,0.20,2.70
CA-2014-121818,2014-11-21,2014,11,Jennifer Halladay,South,Office Supplies,Art,28.73,3,0.20,1.80
CA-2014-146724,2014-11-21,2014,11,Hunter Glantz,Central,Office Supplies,Art,22.00,10,0.00,9.68
CA-2014-154123,2014-11-21,2014,11,Sample Company A,South,Furniture,Furnishings,27.58,2,0.00,11.58
US-2014-110996,2014-11-21,2014,11,Kelly Andreada,West,Furniture,Chairs,283.92,5,0.20,-46.14
US-2014-161193,2014-11-21,2014,11,Brian Thompson,East,Furniture,Furnishings,77.60,5,0.20,28.13
US-2014-161193,2014-11-21,2014,11,Brian Thompson,East,Furniture,Furnishings,4.66,2,0.20,1.57
CA-2014-100811,2014-11-22,2014,11,Cindy Chapman,East,Office Supplies,Paper,8.45,2,0.20,2.64
CA-2014-100811,2014-11-22,2014,11,Cindy Chapman,East,Office Supplies,Storage,39.30,4,0.20,3.93
CA-2014-103380,2014-11-22,2014,11,Barry Franz,West,Office Supplies,Storage,56.56,2,0.00,15.27
CA-2014-103380,2014-11-22,2014,11,Barry Franz,West,Office Supplies,Art,5.56,2,0.00,1.45
CA-2014-103380,2014-11-22,2014,11,Barry Franz,West,Office Supplies,Fasteners,9.02,2,0.00,3.52
CA-2014-103380,2014-11-22,2014,11,Barry Franz,West,Office Supplies,Appliances,8.62,1,0.00,2.24
CA-2014-103380,2014-11-22,2014,11,Barry Franz,West,Technology,Phones,659.98,3,0.20,49.50
CA-2014-105130,2014-11-22,2014,11,Patrick Jones,West,Office Supplies,Art,11.76,4,0.00,3.18
CA-2014-105130,2014-11-22,2014,11,Patrick Jones,West,Office Supplies,Binders,40.74,2,0.20,14.77
CA-2014-107874,2014-11-22,2014,11,Scott Williamson,East,Furniture,Furnishings,27.42,1,0.00,11.24
CA-2014-110443,2014-11-22,2014,11,Chloris Kastensmidt,West,Office Supplies,Binders,150.80,5,0.20,56.55
CA-2014-110443,2014-11-22,2014,11,Chloris Kastensmidt,West,Technology,Machines,1039.99,1,0.20,104.00
CA-2014-110443,2014-11-22,2014,11,Chloris Kastensmidt,West,Office Supplies,Paper,51.84,8,0.00,24.88
CA-2014-142888,2014-11-22,2014,11,Benjamin Patterson,West,Furniture,Tables,70.98,1,0.00,20.58
CA-2014-157420,2014-11-22,2014,11,Henia Zydlo,Central,Technology,Phones,55.18,3,0.20,-12.41
CA-2014-144036,2014-11-23,2014,11,Frank Olsen,Central,Office Supplies,Art,35.71,8,0.20,2.23
CA-2014-103156,2014-11-24,2014,11,Tamara Dahlen,East,Furniture,Furnishings,24.05,9,0.20,7.21
CA-2014-107832,2014-11-24,2014,11,Frank Hawley,East,Office Supplies,Binders,7.48,1,0.70,-5.98
CA-2014-119004,2014-11-24,2014,11,Janet Martin,South,Technology,Accessories,74.11,8,0.20,17.60
CA-2014-119004,2014-11-24,2014,11,Janet Martin,South,Technology,Phones,27.99,1,0.20,2.10
CA-2014-119004,2014-11-24,2014,11,Janet Martin,South,Office Supplies,Art,3.30,1,0.20,1.07
CA-2014-119746,2014-11-24,2014,11,Christopher Martinez,Central,Furniture,Furnishings,6.46,1,0.60,-4.04
CA-2014-119746,2014-11-24,2014,11,Christopher Martinez,Central,Office Supplies,Labels,11.52,5,0.20,4.18
CA-2014-119746,2014-11-24,2014,11,Christopher Martinez,Central,Technology,Phones,222.38,2,0.20,16.68
CA-2014-148992,2014-11-24,2014,11,Chris Selesnick,Central,Office Supplies,Paper,10.69,2,0.20,3.74
CA-2014-149160,2014-11-24,2014,11,Janet Molinari,Central,Furniture,Furnishings,28.40,2,0.00,11.08
CA-2014-149160,2014-11-24,2014,11,Janet Molinari,Central,Office Supplies,Binders,287.92,8,0.00,138.20
CA-2014-156622,2014-11-24,2014,11,Jennifer Patt,Central,Office Supplies,Paper,36.29,7,0.20,12.70
CA-2014-156622,2014-11-24,2014,11,Jennifer Patt,Central,Office Supplies,Paper,78.30,2,0.20,29.36
CA-2014-156622,2014-11-24,2014,11,Jennifer Patt,Central,Furniture,Tables,127.79,1,0.30,-31.03
CA-2014-156622,2014-11-24,2014,11,Jennifer Patt,Central,Office Supplies,Binders,6.10,2,0.80,-9.16
CA-2014-166919,2014-11-24,2014,11,Alan Hwang,Central,Technology,Phones,195.96,5,0.20,19.60
CA-2014-167017,2014-11-24,2014,11,Dan Campbell,Central,Office Supplies,Supplies,4.36,2,0.00,0.17
CA-2014-101945,2014-11-25,2014,11,Greg Tran,Central,Office Supplies,Fasteners,10.82,3,0.20,2.57
CA-2014-103765,2014-11-25,2014,11,Jason Gross,Central,Office Supplies,Appliances,13.76,1,0.80,-24.77
CA-2014-105543,2014-11-25,2014,11,Brooke Gillingham,Central,Office Supplies,Storage,33.29,1,0.00,7.99
CA-2014-123701,2014-11-25,2014,11,Patrick Gardner,West,Office Supplies,Art,27.76,4,0.00,9.99
CA-2014-128300,2014-11-25,2014,11,Roland Schwarz,South,Technology,Phones,79.10,2,0.00,39.55
CA-2014-128300,2014-11-25,2014,11,Roland Schwarz,South,Office Supplies,Binders,327.84,8,0.00,157.36
CA-2014-131366,2014-11-25,2014,11,Shaun Chance,East,Technology,Phones,89.99,2,0.40,-15.00
CA-2014-131366,2014-11-25,2014,11,Shaun Chance,East,Office Supplies,Paper,229.54,7,0.20,83.21
CA-2014-137505,2014-11-25,2014,11,Beth Paige,West,Furniture,Tables,364.08,2,0.20,9.10
CA-2014-137505,2014-11-25,2014,11,Beth Paige,West,Furniture,Tables,71.09,2,0.20,-1.78
CA-2014-146535,2014-11-25,2014,11,Frank Merwin,South,Office Supplies,Binders,2.88,1,0.00,1.41
CA-2014-146535,2014-11-25,2014,11,Frank Merwin,South,Office Supplies,Storage,1443.96,12,0.00,375.43
CA-2014-153654,2014-11-25,2014,11,Michael Dominguez,South,Office Supplies,Binders,19.01,8,0.70,-12.67
CA-2014-162250,2014-11-25,2014,11,Patrick Ryan,West,Office Supplies,Paper,7.78,1,0.00,3.50
CA-2014-164028,2014-11-25,2014,11,John Lee,West,Technology,Accessories,223.58,14,0.00,87.20
CA-2014-166436,2014-11-25,2014,11,Todd Sumrall,East,Office Supplies,Paper,5.88,1,0.00,2.88
CA-2014-166436,2014-11-25,2014,11,Todd Sumrall,East,Furniture,Chairs,977.29,6,0.10,173.74
CA-2014-168641,2014-11-25,2014,11,Kelly Andreada,East,Office Supplies,Art,16.38,9,0.00,7.37
CA-2014-168641,2014-11-25,2014,11,Kelly Andreada,East,Office Supplies,Envelopes,167.96,2,0.00,78.94
CA-2014-168641,2014-11-25,2014,11,Kelly Andreada,East,Furniture,Bookcases,321.57,2,0.20,-16.08
CA-2014-168641,2014-11-25,2014,11,Kelly Andreada,East,Office Supplies,Paper,12.96,2,0.00,6.22
CA-2014-169894,2014-11-25,2014,11,Mark Van Huff,West,Office Supplies,Binders,20.72,2,0.70,-15.20
CA-2014-169894,2014-11-25,2014,11,Mark Van Huff,West,Office Supplies,Storage,415.87,8,0.20,-41.59
US-2014-128118,2014-11-25,2014,11,Maribeth Yedwab,South,Office Supplies,Binders,11.67,3,0.70,-7.78
US-2014-128118,2014-11-25,2014,11,Maribeth Yedwab,South,Office Supplies,Envelopes,64.85,7,0.20,24.32
CA-2014-101665,2014-11-26,2014,11,Tracy Zic,West,Office Supplies,Art,5.16,2,0.00,1.34
CA-2014-124765,2014-11-26,2014,11,Henia Zydlo,South,Furniture,Bookcases,723.92,5,0.20,-81.44
CA-2014-129000,2014-11-26,2014,11,Sam Zeldin,Central,Office Supplies,Storage,501.81,3,0.00,0.00
CA-2014-150266,2014-11-26,2014,11,Rose O'Brian,Central,Technology,Phones,299.96,5,0.20,37.50
CA-2014-150266,2014-11-26,2014,11,Rose O'Brian,Central,Office Supplies,Appliances,67.84,5,0.80,-179.78
CA-2014-150266,2014-11-26,2014,11,Rose O'Brian,Central,Furniture,Chairs,853.93,5,0.30,-24.40
CA-2014-150266,2014-11-26,2014,11,Rose O'Brian,Central,Office Supplies,Art,18.69,4,0.20,3.74
CA-2014-155159,2014-11-26,2014,11,Delfina Latchford,South,Office Supplies,Paper,48.87,9,0.00,23.95
CA-2014-161459,2014-11-26,2014,11,Edward Becker,West,Technology,Phones,39.96,5,0.20,3.50
CA-2014-161459,2014-11-26,2014,11,Edward Becker,West,Office Supplies,Paper,34.08,6,0.00,15.34
US-2014-109610,2014-11-26,2014,11,Brendan Sweed,South,Furniture,Chairs,701.96,2,0.00,168.47
US-2014-133312,2014-11-26,2014,11,Bradley Drucker,West,Furniture,Bookcases,359.50,3,0.15,-29.61
US-2014-133312,2014-11-26,2014,11,Bradley Drucker,West,Office Supplies,Storage,10.48,1,0.00,2.83
CA-2014-100097,2014-11-27,2014,11,Michael Nguyen,East,Technology,Phones,979.95,5,0.00,264.59
CA-2014-100097,2014-11-27,2014,11,Michael Nguyen,East,Furniture,Furnishings,135.30,5,0.00,37.88
CA-2014-122700,2014-11-27,2014,11,Liz Thompson,East,Technology,Phones,220.75,8,0.40,-40.47
CA-2014-130526,2014-11-27,2014,11,Guy Thornton,Central,Office Supplies,Binders,33.57,8,0.80,-53.71
CA-2014-135307,2014-11-27,2014,11,Lynn Smith,Central,Furniture,Furnishings,126.30,3,0.00,40.42
CA-2014-135307,2014-11-27,2014,11,Lynn Smith,Central,Technology,Accessories,38.04,2,0.00,12.17
CA-2014-141439,2014-11-27,2014,11,Tonja Turnell,Central,Furniture,Tables,257.94,3,0.00,67.06
CA-2014-141439,2014-11-27,2014,11,Tonja Turnell,Central,Technology,Phones,1879.96,4,0.00,545.19
CA-2014-141439,2014-11-27,2014,11,Tonja Turnell,Central,Furniture,Furnishings,27.46,2,0.00,9.89
CA-2014-141439,2014-11-27,2014,11,Tonja Turnell,Central,Technology,Phones,89.98,2,0.00,43.19
CA-2014-141439,2014-11-27,2014,11,Tonja Turnell,Central,Furniture,Chairs,828.60,3,0.00,240.29
CA-2014-155607,2014-11-27,2014,11,Frank Gastineau,East,Office Supplies,Appliances,58.73,7,0.00,14.68
CA-2014-155607,2014-11-27,2014,11,Frank Gastineau,East,Office Supplies,Binders,93.34,4,0.20,32.67
CA-2014-155957,2014-11-27,2014,11,Corey Catlett,East,Office Supplies,Appliances,52.27,3,0.20,9.80
CA-2014-155957,2014-11-27,2014,11,Corey Catlett,East,Office Supplies,Appliances,213.14,7,0.20,23.98
CA-2014-165029,2014-11-27,2014,11,Adam Hart,South,Office Supplies,Art,12.84,3,0.00,3.72
CA-2014-101245,2014-11-28,2014,11,Lindsay Williams,West,Office Supplies,Paper,244.55,5,0.00,114.94
CA-2014-101245,2014-11-28,2014,11,Lindsay Williams,West,Technology,Accessories,166.16,8,0.00,59.82
CA-2014-102519,2014-11-28,2014,11,Brian Moss,Central,Furniture,Furnishings,46.94,1,0.00,19.25
CA-2014-102519,2014-11-28,2014,11,Brian Moss,Central,Technology,Accessories,143.73,9,0.00,56.05
CA-2014-103352,2014-11-28,2014,11,Resi Pölking,East,Office Supplies,Art,6.99,3,0.00,2.03
CA-2014-103352,2014-11-28,2014,11,Resi Pölking,East,Office Supplies,Binders,107.42,6,0.20,36.26
CA-2014-107125,2014-11-28,2014,11,Bill Donatelli,West,Office Supplies,Binders,117.49,7,0.20,41.12
CA-2014-107125,2014-11-28,2014,11,Bill Donatelli,West,Furniture,Furnishings,18.84,3,0.00,6.03
CA-2014-132185,2014-11-28,2014,11,Doug Bickford,South,Office Supplies,Art,8.76,5,0.20,0.77
CA-2014-132185,2014-11-28,2014,11,Doug Bickford,South,Office Supplies,Appliances,43.58,1,0.20,4.36
CA-2014-133207,2014-11-28,2014,11,Doug O'Connell,West,Technology,Phones,57.57,4,0.20,5.76
CA-2014-159506,2014-11-28,2014,11,Justin Ritter,Central,Office Supplies,Paper,158.28,6,0.00,72.81
CA-2014-159506,2014-11-28,2014,11,Justin Ritter,Central,Office Supplies,Binders,497.94,3,0.00,224.07
CA-2014-117702,2014-11-29,2014,11,Lindsay Shagiari,East,Office Supplies,Art,1.64,1,0.00,0.74
CA-2014-117702,2014-11-29,2014,11,Lindsay Shagiari,East,Furniture,Furnishings,1049.20,5,0.00,272.79
CA-2014-117702,2014-11-29,2014,11,Lindsay Shagiari,East,Furniture,Furnishings,20.90,5,0.00,7.52
CA-2014-121538,2014-11-29,2014,11,Rick Hansen,West,Office Supplies,Paper,88.77,2,0.20,31.07
CA-2014-123372,2014-11-29,2014,11,Deirdre Greer,East,Technology,Phones,1979.89,11,0.00,494.97
CA-2014-123372,2014-11-29,2014,11,Deirdre Greer,East,Office Supplies,Envelopes,79.96,2,0.00,35.98
CA-2014-131303,2014-11-29,2014,11,Emily Phan,West,Office Supplies,Labels,62.65,5,0.00,29.45
US-2014-110576,2014-11-29,2014,11,Ross Baird,East,Furniture,Furnishings,516.49,7,0.20,-12.91
US-2014-110576,2014-11-29,2014,11,Ross Baird,East,Furniture,Furnishings,1007.23,6,0.20,75.54
US-2014-110576,2014-11-29,2014,11,Ross Baird,East,Furniture,Tables,2065.32,12,0.40,-619.60
US-2014-110576,2014-11-29,2014,11,Ross Baird,East,Office Supplies,Paper,15.55,3,0.20,5.44
US-2014-110576,2014-11-29,2014,11,Ross Baird,East,Office Supplies,Paper,25.34,6,0.20,7.92
CA-2014-108035,2014-11-30,2014,11,Ted Trevino,South,Furniture,Chairs,390.37,2,0.20,48.80
CA-2014-108035,2014-11-30,2014,11,Ted Trevino,South,Furniture,Furnishings,101.52,5,0.20,19.04
CA-2014-102267,2014-12-01,2014,12,Stuart Calhoun,Central,Office Supplies,Fasteners,2.37,2,0.20,0.83
CA-2014-105333,2014-12-01,2014,12,Victor Preis,East,Office Supplies,Storage,83.56,4,0.00,1.67
CA-2014-105333,2014-12-01,2014,12,Victor Preis,East,Technology,Phones,546.06,3,0.00,163.82
CA-2014-105333,2014-12-01,2014,12,Victor Preis,East,Office Supplies,Storage,269.49,3,0.00,5.39
CA-2014-107314,2014-12-01,2014,12,Maria Zettner,West,Furniture,Furnishings,25.83,3,0.00,9.56
CA-2014-111689,2014-12-01,2014,12,Harold Pawlan,East,Office Supplies,Binders,68.47,3,0.20,23.11
CA-2014-111689,2014-12-01,2014,12,Harold Pawlan,East,Furniture,Chairs,1242.90,5,0.10,262.39
CA-2014-116645,2014-12-01,2014,12,Max Engle,East,Office Supplies,Art,155.94,6,0.00,45.22
CA-2014-119305,2014-12-01,2014,12,Scott Williamson,South,Office Supplies,Storage,173.80,5,0.00,43.45
CA-2014-137365,2014-12-01,2014,12,Bart Pistole,Central,Technology,Accessories,95.98,3,0.20,-10.80
CA-2014-142090,2014-12-01,2014,12,Shahid Collister,South,Technology,Accessories,383.98,3,0.20,81.59
CA-2014-142090,2014-12-01,2014,12,Shahid Collister,South,Furniture,Tables,1781.68,7,0.40,-653.28
US-2014-120089,2014-12-01,2014,12,Max Ludwig,East,Office Supplies,Appliances,663.94,4,0.20,82.99
US-2014-148768,2014-12-01,2014,12,Parhena Norris,South,Technology,Phones,71.98,3,0.20,9.00
US-2014-165456,2014-12-01,2014,12,Trudy Brown,East,Furniture,Chairs,1079.32,6,0.30,-15.42
CA-2014-101805,2014-12-02,2014,12,Sally Hughsby,West,Office Supplies,Binders,15.92,5,0.20,5.37
CA-2014-101805,2014-12-02,2014,12,Sally Hughsby,West,Furniture,Furnishings,70.68,12,0.00,31.10
CA-2014-101805,2014-12-02,2014,12,Sally Hughsby,West,Office Supplies,Storage,541.24,4,0.00,5.41
CA-2014-103968,2014-12-02,2014,12,Max Ludwig,West,Furniture,Furnishings,629.64,9,0.00,107.04
CA-2014-113355,2014-12-02,2014,12,Sarah Jordon,Central,Technology,Phones,219.80,5,0.20,24.73
CA-2014-113355,2014-12-02,2014,12,Sarah Jordon,Central,Furniture,Chairs,317.06,3,0.30,-18.12
CA-2014-118542,2014-12-02,2014,12,Clay Cheatham,West,Office Supplies,Paper,45.36,7,0.00,21.77
CA-2014-118542,2014-12-02,2014,12,Clay Cheatham,West,Office Supplies,Binders,10.13,2,0.20,3.67
CA-2014-122539,2014-12-02,2014,12,Sean Christensen,East,Office Supplies,Labels,15.94,4,0.20,5.18
CA-2014-122539,2014-12-02,2014,12,Sean Christensen,East,Office Supplies,Binders,8.00,7,0.70,-5.60
CA-2014-122539,2014-12-02,2014,12,Sean Christensen,East,Furniture,Chairs,398.97,2,0.30,-28.50
CA-2014-127313,2014-12-02,2014,12,Ralph Arnett,East,Office Supplies,Storage,37.39,3,0.20,2.34
CA-2014-127313,2014-12-02,2014,12,Ralph Arnett,East,Furniture,Furnishings,79.12,5,0.20,13.85
CA-2014-135860,2014-12-02,2014,12,Joseph Holt,Central,Office Supplies,Storage,83.92,4,0.00,5.87
CA-2014-135860,2014-12-02,2014,12,Joseph Holt,Central,Technology,Phones,131.98,2,0.00,35.63
CA-2014-135860,2014-12-02,2014,12,Joseph Holt,Central,Office Supplies,Binders,15.92,4,0.00,7.48
CA-2014-135860,2014-12-02,2014,12,Joseph Holt,Central,Office Supplies,Fasteners,52.29,9,0.00,16.21
CA-2014-135860,2014-12-02,2014,12,Joseph Holt,Central,Office Supplies,Storage,91.99,1,0.00,3.68
CA-2014-138618,2014-12-02,2014,12,Maribeth Yedwab,Central,Office Supplies,Paper,10.37,2,0.20,3.63
CA-2014-143245,2014-12-02,2014,12,Alan Dominguez,East,Office Supplies,Paper,19.44,3,0.00,9.33
CA-2014-143245,2014-12-02,2014,12,Alan Dominguez,East,Furniture,Chairs,897.15,3,0.00,251.20
CA-2014-144862,2014-12-02,2014,12,Erica Hernandez,East,Office Supplies,Envelopes,104.68,5,0.20,35.33
CA-2014-144862,2014-12-02,2014,12,Erica Hernandez,East,Technology,Phones,62.96,7,0.40,9.44
CA-2014-145233,2014-12-02,2014,12,Dianna Vittorini,West,Technology,Phones,470.38,3,0.20,52.92
CA-2014-145233,2014-12-02,2014,12,Dianna Vittorini,West,Technology,Phones,105.58,2,0.20,9.24
CA-2014-145233,2014-12-02,2014,12,Dianna Vittorini,West,Office Supplies,Appliances,31.15,3,0.20,3.50
CA-2014-145233,2014-12-02,2014,12,Dianna Vittorini,West,Office Supplies,Binders,6.78,7,0.70,-4.75
CA-2014-145233,2014-12-02,2014,12,Dianna Vittorini,West,Technology,Phones,406.37,4,0.20,30.48
CA-2014-145660,2014-12-02,2014,12,Matthew Grinstein,East,Furniture,Furnishings,7.71,2,0.20,1.74
CA-2014-163139,2014-12-02,2014,12,Craig Carreira,East,Technology,Accessories,20.37,3,0.00,6.93
CA-2014-163139,2014-12-02,2014,12,Craig Carreira,East,Office Supplies,Storage,221.55,3,0.00,6.65
CA-2014-163139,2014-12-02,2014,12,Craig Carreira,East,Office Supplies,Binders,17.52,5,0.20,6.13
CA-2014-166926,2014-12-02,2014,12,Sean O'Donnell,West,Office Supplies,Paper,41.86,7,0.00,18.84
CA-2014-166926,2014-12-02,2014,12,Sean O'Donnell,West,Furniture,Bookcases,141.96,2,0.00,41.17
CA-2014-102379,2014-12-03,2014,12,Brenda Bowman,West,Technology,Phones,39.99,1,0.20,-8.00
CA-2014-102379,2014-12-03,2014,12,Brenda Bowman,West,Furniture,Chairs,1159.06,9,0.20,43.46
CA-2014-102379,2014-12-03,2014,12,Brenda Bowman,West,Office Supplies,Art,179.90,5,0.00,44.98
CA-2014-104108,2014-12-03,2014,12,Roy Phan,Central,Office Supplies,Art,12.16,5,0.20,2.13
CA-2014-109701,2014-12-03,2014,12,Alice McCarthy,West,Office Supplies,Binders,9.02,6,0.20,3.16
CA-2014-109701,2014-12-03,2014,12,Alice McCarthy,West,Office Supplies,Binders,69.46,2,0.20,22.57
CA-2014-109701,2014-12-03,2014,12,Alice McCarthy,West,Office Supplies,Paper,10.86,2,0.00,5.32
CA-2014-109701,2014-12-03,2014,12,Alice McCarthy,West,Office Supplies,Appliances,79.47,3,0.00,22.25
CA-2014-109701,2014-12-03,2014,12,Alice McCarthy,West,Office Supplies,Art,10.08,6,0.00,5.04
CA-2014-116715,2014-12-03,2014,12,Victoria Wilson,West,Office Supplies,Storage,559.62,9,0.00,151.10
CA-2014-116715,2014-12-03,2014,12,Victoria Wilson,West,Office Supplies,Paper,109.92,2,0.00,53.86
CA-2014-116715,2014-12-03,2014,12,Victoria Wilson,West,Office Supplies,Paper,8.56,2,0.00,3.85
CA-2014-143756,2014-12-03,2014,12,Max Engle,South,Furniture,Chairs,701.96,2,0.00,168.47
CA-2014-147767,2014-12-03,2014,12,Susan Vittorini,West,Office Supplies,Binders,67.86,6,0.70,-45.24
CA-2014-155075,2014-12-03,2014,12,Giulietta Weimer,East,Office Supplies,Binders,631.18,4,0.70,-462.86
CA-2014-155089,2014-12-03,2014,12,Daniel Byrd,South,Office Supplies,Binders,45.66,5,0.70,-33.48
CA-2014-157469,2014-12-03,2014,12,Erin Smith,East,Office Supplies,Art,19.73,9,0.20,1.73
CA-2014-157469,2014-12-03,2014,12,Erin Smith,East,Technology,Phones,151.19,2,0.40,-25.20
CA-2014-160885,2014-12-03,2014,12,Juliana Krohn,Central,Technology,Phones,2479.96,4,0.00,743.99
CA-2014-164917,2014-12-03,2014,12,Michael Kennedy,South,Office Supplies,Art,47.96,5,0.20,4.20
CA-2014-165715,2014-12-03,2014,12,Barry Gonzalez,South,Office Supplies,Art,32.78,1,0.20,2.46
CA-2014-167395,2014-12-03,2014,12,Kunst Miller,East,Office Supplies,Appliances,286.86,7,0.00,80.32
CA-2014-167395,2014-12-03,2014,12,Kunst Miller,East,Technology,Phones,979.95,5,0.00,284.19
CA-2014-167395,2014-12-03,2014,12,Kunst Miller,East,Office Supplies,Supplies,4.36,2,0.00,0.17
US-2014-108063,2014-12-03,2014,12,Adam Shillingsburg,South,Office Supplies,Art,34.65,3,0.00,10.40
US-2014-112347,2014-12-03,2014,12,Bill Stewart,West,Office Supplies,Storage,114.29,1,0.20,12.86
US-2014-112347,2014-12-03,2014,12,Bill Stewart,West,Office Supplies,Binders,36.62,8,0.70,-24.42
US-2014-112347,2014-12-03,2014,12,Bill Stewart,West,Furniture,Bookcases,242.35,8,0.70,-363.53
US-2014-112347,2014-12-03,2014,12,Bill Stewart,West,Technology,Phones,49.62,2,0.20,4.96
US-2014-112347,2014-12-03,2014,12,Bill Stewart,West,Furniture,Furnishings,508.70,6,0.20,0.00
US-2014-112347,2014-12-03,2014,12,Bill Stewart,West,Technology,Phones,57.36,6,0.20,-14.34
US-2014-112347,2014-12-03,2014,12,Bill Stewart,West,Furniture,Chairs,906.68,5,0.20,68.00
US-2014-147221,2014-12-03,2014,12,Joy Smith,Central,Office Supplies,Appliances,294.62,5,0.80,-766.01
US-2014-147221,2014-12-03,2014,12,Joy Smith,Central,Furniture,Furnishings,8.75,4,0.60,-3.72
CA-2014-103415,2014-12-04,2014,12,Mark Van Huff,Central,Furniture,Furnishings,13.59,2,0.60,-14.27
CA-2014-118017,2014-12-04,2014,12,Lena Cacioppo,West,Office Supplies,Art,13.34,6,0.20,1.00
CA-2014-118017,2014-12-04,2014,12,Lena Cacioppo,West,Technology,Accessories,76.75,6,0.20,10.55
CA-2014-118017,2014-12-04,2014,12,Lena Cacioppo,West,Technology,Accessories,102.34,8,0.20,14.07
CA-2014-118017,2014-12-04,2014,12,Lena Cacioppo,West,Office Supplies,Paper,10.32,2,0.20,3.74
CA-2014-118017,2014-12-04,2014,12,Lena Cacioppo,West,Office Supplies,Supplies,47.32,7,0.20,5.92
CA-2014-118017,2014-12-04,2014,12,Lena Cacioppo,West,Furniture,Furnishings,23.38,3,0.20,7.01
CA-2014-118017,2014-12-04,2014,12,Lena Cacioppo,West,Furniture,Furnishings,16.72,5,0.20,3.34
CA-2014-118017,2014-12-04,2014,12,Lena Cacioppo,West,Furniture,Furnishings,16.19,1,0.20,4.66
CA-2014-123071,2014-12-04,2014,12,Clay Cheatham,Central,Office Supplies,Paper,10.37,2,0.20,3.63
CA-2014-128699,2014-12-04,2014,12,Natalie DeCherney,South,Technology,Accessories,47.99,1,0.20,7.20
CA-2014-136875,2014-12-04,2014,12,Toby Carlisle,West,Office Supplies,Paper,166.44,3,0.00,79.89
CA-2014-143126,2014-12-04,2014,12,Corinna Mitchell,West,Furniture,Tables,521.96,2,0.00,88.73
CA-2014-148691,2014-12-04,2014,12,Chuck Sachs,East,Office Supplies,Binders,83.92,5,0.20,29.37
CA-2014-148691,2014-12-04,2014,12,Chuck Sachs,East,Office Supplies,Binders,14.62,2,0.20,5.12
CA-2014-148691,2014-12-04,2014,12,Chuck Sachs,East,Technology,Phones,136.99,1,0.00,36.99
CA-2014-148691,2014-12-04,2014,12,Chuck Sachs,East,Office Supplies,Labels,3.15,1,0.00,1.51
US-2014-149510,2014-12-04,2014,12,Matt Collins,South,Office Supplies,Appliances,45.22,3,0.20,4.52
US-2014-149510,2014-12-04,2014,12,Matt Collins,South,Office Supplies,Binders,28.78,6,0.70,-21.11
US-2014-149510,2014-12-04,2014,12,Matt Collins,South,Office Supplies,Paper,24.45,4,0.20,8.86
CA-2014-109183,2014-12-05,2014,12,Lena Radford,South,Technology,Machines,649.00,2,0.50,-272.58
CA-2014-117667,2014-12-05,2014,12,Michael Stewart,East,Furniture,Chairs,239.96,10,0.30,-10.28
CA-2014-117667,2014-12-05,2014,12,Michael Stewart,East,Furniture,Furnishings,54.77,2,0.20,6.85
CA-2014-117667,2014-12-05,2014,12,Michael Stewart,East,Office Supplies,Art,13.39,3,0.20,3.18
CA-2014-117667,2014-12-05,2014,12,Michael Stewart,East,Office Supplies,Paper,23.92,5,0.20,8.67
CA-2014-117667,2014-12-05,2014,12,Michael Stewart,East,Technology,Accessories,255.97,4,0.20,-28.80
CA-2014-118003,2014-12-05,2014,12,Doug O'Connell,East,Furniture,Furnishings,12.99,1,0.00,1.56
CA-2014-118003,2014-12-05,2014,12,Doug O'Connell,East,Furniture,Chairs,182.22,3,0.00,45.56
CA-2014-118003,2014-12-05,2014,12,Doug O'Connell,East,Furniture,Chairs,302.94,3,0.00,18.18
CA-2014-139773,2014-12-05,2014,12,Darrin Van Huff,East,Furniture,Chairs,188.55,7,0.30,-2.69
CA-2014-147550,2014-12-05,2014,12,Katrina Edelman,East,Furniture,Furnishings,11.35,3,0.20,2.70
CA-2014-152660,2014-12-05,2014,12,Christy Brittain,Central,Office Supplies,Storage,61.57,2,0.20,4.62
CA-2014-153227,2014-12-05,2014,12,Chris Selesnick,West,Office Supplies,Paper,11.76,2,0.00,5.76
CA-2014-156412,2014-12-05,2014,12,Charles McCrossin,East,Office Supplies,Binders,5.35,3,0.70,-4.46
CA-2014-160031,2014-12-05,2014,12,Larry Tron,East,Office Supplies,Paper,74.35,3,0.20,23.24
US-2014-107384,2014-12-05,2014,12,Theone Pippenger,Central,Office Supplies,Art,8.80,5,0.00,2.55
US-2014-107384,2014-12-05,2014,12,Theone Pippenger,Central,Technology,Accessories,142.80,1,0.00,29.99
US-2014-107384,2014-12-05,2014,12,Theone Pippenger,Central,Technology,Accessories,399.95,5,0.00,143.98
CA-2014-104066,2014-12-06,2014,12,Quincy Jones,East,Technology,Accessories,205.03,7,0.00,67.66
CA-2014-105235,2014-12-06,2014,12,Suzanne McNair,East,Furniture,Furnishings,20.94,3,0.00,6.07
CA-2014-105235,2014-12-06,2014,12,Suzanne McNair,East,Furniture,Furnishings,58.68,2,0.00,18.19
CA-2014-105235,2014-12-06,2014,12,Suzanne McNair,East,Office Supplies,Appliances,254.90,5,0.00,68.82
CA-2014-117128,2014-12-06,2014,12,Bart Folk,East,Office Supplies,Paper,21.60,6,0.00,9.94
CA-2014-117128,2014-12-06,2014,12,Bart Folk,East,Office Supplies,Labels,11.07,3,0.00,5.20
CA-2014-126865,2014-12-06,2014,12,Naresj Patel,West,Office Supplies,Paper,92.94,3,0.00,41.82
CA-2014-130351,2014-12-06,2014,12,Rob Beeghly,Central,Office Supplies,Appliances,61.44,3,0.00,16.59
CA-2014-130351,2014-12-06,2014,12,Rob Beeghly,Central,Office Supplies,Paper,38.90,5,0.00,17.51
CA-2014-130351,2014-12-06,2014,12,Rob Beeghly,Central,Technology,Accessories,99.39,3,0.00,40.75
CA-2014-131212,2014-12-06,2014,12,Alan Barnes,West,Office Supplies,Binders,24.82,3,0.20,8.38
CA-2014-131212,2014-12-06,2014,12,Alan Barnes,West,Office Supplies,Binders,14.98,6,0.20,5.43
CA-2014-156958,2014-12-06,2014,12,Patrick Bzostek,West,Office Supplies,Binders,83.92,5,0.20,29.37
CA-2014-156958,2014-12-06,2014,12,Patrick Bzostek,West,Furniture,Furnishings,199.90,5,0.00,39.98
CA-2014-156958,2014-12-06,2014,12,Patrick Bzostek,West,Technology,Phones,31.18,3,0.20,-7.01
CA-2014-156958,2014-12-06,2014,12,Patrick Bzostek,West,Office Supplies,Binders,172.75,6,0.20,60.46
CA-2014-156958,2014-12-06,2014,12,Patrick Bzostek,West,Office Supplies,Binders,9.30,2,0.20,3.02
US-2014-126053,2014-12-06,2014,12,Carlos Soltero,East,Furniture,Furnishings,41.96,2,0.00,10.91
US-2014-126053,2014-12-06,2014,12,Carlos Soltero,East,Office Supplies,Labels,9.45,3,0.00,4.54
US-2014-149006,2014-12-07,2014,12,Brad Norvell,West,Office Supplies,Storage,10.68,1,0.00,2.88
CA-2014-134285,2014-12-08,2014,12,David Smith,Central,Office Supplies,Fasteners,3.55,3,0.20,1.24
CA-2014-134285,2014-12-08,2014,12,David Smith,Central,Office Supplies,Paper,15.55,3,0.20,5.44
CA-2014-135587,2014-12-08,2014,12,Brosina Hoffman,South,Office Supplies,Appliances,320.64,4,0.00,89.78
CA-2014-135587,2014-12-08,2014,12,Brosina Hoffman,South,Technology,Accessories,52.00,4,0.00,23.40
CA-2014-137099,2014-12-08,2014,12,Frank Preis,West,Technology,Phones,374.38,3,0.20,46.80
CA-2014-142328,2014-12-08,2014,12,Tracy Collins,West,Office Supplies,Paper,50.04,6,0.00,25.02
CA-2014-157980,2014-12-08,2014,12,Shahid Hopkins,East,Technology,Accessories,127.98,2,0.20,25.60
US-2014-122714,2014-12-08,2014,12,Henry Goldwyn,Central,Office Supplies,Binders,1889.99,5,0.80,-2929.48
US-2014-136189,2014-12-08,2014,12,Debra Catini,South,Furniture,Furnishings,82.38,6,0.00,25.54
CA-2014-108854,2014-12-09,2014,12,Denise Monton,West,Office Supplies,Paper,87.92,4,0.00,40.44
CA-2014-108854,2014-12-09,2014,12,Denise Monton,West,Office Supplies,Binders,22.42,1,0.20,8.41
CA-2014-108854,2014-12-09,2014,12,Denise Monton,West,Office Supplies,Binders,90.48,3,0.20,33.93
CA-2014-108854,2014-12-09,2014,12,Denise Monton,West,Office Supplies,Storage,42.76,1,0.00,11.12
CA-2014-117324,2014-12-09,2014,12,Jeremy Pistek,Central,Technology,Accessories,178.11,3,0.00,32.06
CA-2014-117324,2014-12-09,2014,12,Jeremy Pistek,Central,Office Supplies,Appliances,1089.75,3,0.00,305.13
CA-2014-117324,2014-12-09,2014,12,Jeremy Pistek,Central,Office Supplies,Labels,61.06,2,0.00,28.09
CA-2014-117324,2014-12-09,2014,12,Jeremy Pistek,Central,Furniture,Bookcases,459.92,4,0.00,41.39
CA-2014-117324,2014-12-09,2014,12,Jeremy Pistek,Central,Office Supplies,Paper,27.52,4,0.00,12.66
CA-2014-117457,2014-12-09,2014,12,Keith Herrera,West,Technology,Accessories,179.95,5,0.00,37.79
CA-2014-117457,2014-12-09,2014,12,Keith Herrera,West,Technology,Copiers,1199.98,3,0.20,434.99
CA-2014-117457,2014-12-09,2014,12,Keith Herrera,West,Office Supplies,Paper,27.15,5,0.00,13.30
CA-2014-117457,2014-12-09,2014,12,Keith Herrera,West,Furniture,Tables,1004.02,7,0.20,-112.95
CA-2014-117457,2014-12-09,2014,12,Keith Herrera,West,Office Supplies,Paper,9.68,1,0.00,4.65
CA-2014-117457,2014-12-09,2014,12,Keith Herrera,West,Office Supplies,Labels,28.35,9,0.00,13.61
CA-2014-117457,2014-12-09,2014,12,Keith Herrera,West,Office Supplies,Paper,55.98,1,0.00,27.43
CA-2014-117457,2014-12-09,2014,12,Keith Herrera,West,Furniture,Bookcases,1336.83,13,0.15,31.45
CA-2014-117457,2014-12-09,2014,12,Keith Herrera,West,Furniture,Chairs,113.57,2,0.20,-18.45
CA-2014-117926,2014-12-09,2014,12,Alan Schoenberger,West,Office Supplies,Appliances,69.48,1,0.00,20.84
CA-2014-145226,2014-12-09,2014,12,Delfina Latchford,East,Furniture,Furnishings,109.48,2,0.00,33.94
CA-2014-145226,2014-12-09,2014,12,Delfina Latchford,East,Office Supplies,Storage,272.94,3,0.00,0.00
CA-2014-145226,2014-12-09,2014,12,Delfina Latchford,East,Office Supplies,Paper,19.44,3,0.00,9.33
CA-2014-145226,2014-12-09,2014,12,Delfina Latchford,East,Office Supplies,Storage,31.92,4,0.00,8.30
CA-2014-148264,2014-12-09,2014,12,Luke Foster,West,Office Supplies,Storage,29.79,3,0.00,8.64
CA-2014-148264,2014-12-09,2014,12,Luke Foster,West,Furniture,Furnishings,128.90,2,0.00,15.47
CA-2014-148264,2014-12-09,2014,12,Luke Foster,West,Office Supplies,Paper,60.12,9,0.00,28.86
CA-2014-152436,2014-12-09,2014,12,Carl Weiss,East,Office Supplies,Storage,592.74,6,0.00,160.04
US-2014-131961,2014-12-09,2014,12,Max Jones,East,Office Supplies,Art,13.25,4,0.20,3.64
US-2014-131961,2014-12-09,2014,12,Max Jones,East,Technology,Phones,83.99,2,0.40,-21.00
US-2014-167570,2014-12-09,2014,12,Emily Grady,East,Furniture,Chairs,215.54,4,0.30,-58.50
CA-2014-102407,2014-12-10,2014,12,Alyssa Tate,West,Office Supplies,Art,11.16,2,0.00,2.79
CA-2014-102407,2014-12-10,2014,12,Alyssa Tate,West,Furniture,Tables,896.33,9,0.20,22.41
CA-2014-102407,2014-12-10,2014,12,Alyssa Tate,West,Office Supplies,Appliances,189.00,1,0.00,68.04
CA-2014-102659,2014-12-10,2014,12,Luke Weiss,Central,Office Supplies,Binders,54.90,5,0.00,26.90
CA-2014-108329,2014-12-10,2014,12,Laurel Elliston,West,Technology,Phones,444.77,4,0.20,44.48
CA-2014-109715,2014-12-10,2014,12,Angele Hood,Central,Office Supplies,Paper,15.98,2,0.20,5.00
CA-2014-109960,2014-12-10,2014,12,Dean Braden,Central,Technology,Accessories,104.88,6,0.00,41.95
CA-2014-109960,2014-12-10,2014,12,Dean Braden,Central,Office Supplies,Art,34.70,5,0.00,12.49
CA-2014-109960,2014-12-10,2014,12,Dean Braden,Central,Office Supplies,Binders,33.72,4,0.00,15.51
CA-2014-109960,2014-12-10,2014,12,Dean Braden,Central,Office Supplies,Paper,14.94,3,0.00,7.02
CA-2014-129833,2014-12-10,2014,12,Herbert Flentye,Central,Office Supplies,Paper,33.45,5,0.00,15.39
CA-2014-129833,2014-12-10,2014,12,Herbert Flentye,Central,Office Supplies,Binders,10.40,5,0.00,5.10
CA-2014-139199,2014-12-10,2014,12,Damala Kotsonis,Central,Furniture,Chairs,872.94,3,0.00,226.96
CA-2014-139199,2014-12-10,2014,12,Damala Kotsonis,Central,Office Supplies,Binders,41.54,2,0.00,19.52
CA-2014-139199,2014-12-10,2014,12,Damala Kotsonis,Central,Office Supplies,Paper,12.96,2,0.00,6.22
CA-2014-139402,2014-12-10,2014,12,Nick Crebassa,West,Office Supplies,Paper,419.40,5,0.20,146.79
CA-2014-139402,2014-12-10,2014,12,Nick Crebassa,West,Office Supplies,Binders,13.01,3,0.70,-9.97
CA-2014-141201,2014-12-10,2014,12,Daniel Byrd,West,Furniture,Bookcases,148.26,3,0.15,15.70
CA-2014-148012,2014-12-10,2014,12,Kalyca Meade,East,Office Supplies,Art,2.62,1,0.20,0.43
US-2014-103814,2014-12-10,2014,12,Lena Hernandez,Central,Office Supplies,Paper,143.86,9,0.20,48.55
US-2014-118038,2014-12-10,2014,12,Ken Brennan,Central,Office Supplies,Binders,1.25,3,0.80,-1.93
US-2014-118038,2014-12-10,2014,12,Ken Brennan,Central,Furniture,Furnishings,9.71,3,0.60,-5.82
US-2014-118038,2014-12-10,2014,12,Ken Brennan,Central,Office Supplies,Storage,27.24,3,0.20,2.72
US-2014-132927,2014-12-10,2014,12,Roger Demir,East,Office Supplies,Binders,11.09,7,0.70,-8.13
US-2014-145366,2014-12-10,2014,12,Christine Abelman,East,Office Supplies,Storage,37.21,1,0.20,-7.44
US-2014-145366,2014-12-10,2014,12,Christine Abelman,East,Office Supplies,Envelopes,57.58,3,0.20,21.59
US-2014-167920,2014-12-10,2014,12,John Lee,South,Office Supplies,Binders,29.36,2,0.00,13.51
US-2014-167920,2014-12-10,2014,12,John Lee,South,Office Supplies,Appliances,214.90,5,0.00,62.32
US-2014-167920,2014-12-10,2014,12,John Lee,South,Office Supplies,Binders,15.92,4,0.00,7.48
US-2014-167920,2014-12-10,2014,12,John Lee,South,Technology,Accessories,146.45,5,0.00,48.33
US-2014-167920,2014-12-10,2014,12,John Lee,South,Office Supplies,Storage,15.14,1,0.00,0.61
US-2014-167920,2014-12-10,2014,12,John Lee,South,Office Supplies,Labels,5.76,2,0.00,2.65
US-2014-167920,2014-12-10,2014,12,John Lee,South,Technology,Copiers,1399.98,2,0.00,629.99
CA-2014-107748,2014-12-11,2014,12,Alex Grayson,West,Technology,Phones,95.84,4,0.20,34.74
CA-2014-107748,2014-12-11,2014,12,Alex Grayson,West,Office Supplies,Paper,12.96,2,0.00,6.22
CA-2014-108294,2014-12-11,2014,12,Lindsay Shagiari,Central,Office Supplies,Binders,34.50,3,0.00,15.53
CA-2014-143798,2014-12-11,2014,12,Anthony Witt,East,Office Supplies,Paper,10.37,2,0.20,3.63
CA-2014-143798,2014-12-11,2014,12,Anthony Witt,East,Furniture,Furnishings,310.88,2,0.20,23.32
CA-2014-148446,2014-12-11,2014,12,Michael Chen,West,Furniture,Tables,1669.60,4,0.00,116.87
CA-2014-148922,2014-12-11,2014,12,Stephanie Ulpright,South,Technology,Accessories,599.97,3,0.00,257.99
CA-2014-148922,2014-12-11,2014,12,Stephanie Ulpright,South,Technology,Phones,38.97,3,0.00,0.78
CA-2014-148922,2014-12-11,2014,12,Stephanie Ulpright,South,Office Supplies,Binders,45.84,8,0.00,22.00
CA-2014-152695,2014-12-11,2014,12,Chris Cortes,East,Office Supplies,Envelopes,10.86,3,0.00,5.10
CA-2014-152695,2014-12-11,2014,12,Chris Cortes,East,Office Supplies,Appliances,426.79,7,0.00,123.77
CA-2014-157651,2014-12-11,2014,12,Helen Andreada,East,Technology,Accessories,14.20,1,0.20,3.37
CA-2014-158967,2014-12-11,2014,12,Brian Thompson,South,Furniture,Furnishings,19.10,3,0.20,5.73
CA-2014-167150,2014-12-11,2014,12,Ben Peterman,West,Office Supplies,Binders,19.94,4,0.20,7.23
CA-2014-167150,2014-12-11,2014,12,Ben Peterman,West,Office Supplies,Binders,65.57,2,0.20,22.95
US-2014-110149,2014-12-11,2014,12,William Brown,East,Office Supplies,Binders,3.27,1,0.70,-2.51
US-2014-110149,2014-12-11,2014,12,William Brown,East,Furniture,Furnishings,87.92,5,0.20,15.39
US-2014-135503,2014-12-11,2014,12,Justin Ellison,South,Furniture,Furnishings,14.76,2,0.00,4.28
US-2014-140907,2014-12-11,2014,12,Ben Peterman,West,Technology,Accessories,49.08,3,0.00,4.91
US-2014-140907,2014-12-11,2014,12,Ben Peterman,West,Office Supplies,Storage,324.90,5,0.00,38.99
US-2014-140907,2014-12-11,2014,12,Ben Peterman,West,Office Supplies,Art,18.24,3,0.00,5.29
CA-2014-100230,2014-12-12,2014,12,Allen Armold,East,Office Supplies,Binders,14.95,1,0.20,5.05
CA-2014-100230,2014-12-12,2014,12,Allen Armold,East,Office Supplies,Paper,17.94,3,0.00,8.07
CA-2014-100230,2014-12-12,2014,12,Allen Armold,East,Technology,Phones,116.98,2,0.00,29.25
CA-2014-101798,2014-12-12,2014,12,Mike Vittorini,East,Office Supplies,Binders,23.36,4,0.20,7.88
CA-2014-101798,2014-12-12,2014,12,Mike Vittorini,East,Technology,Accessories,39.98,2,0.00,13.59
CA-2014-129581,2014-12-12,2014,12,Katherine Nockton,East,Technology,Phones,128.85,3,0.00,3.87
CA-2014-142776,2014-12-12,2014,12,Roy Skaria,Central,Office Supplies,Envelopes,7.28,1,0.00,3.49
CA-2014-142776,2014-12-12,2014,12,Roy Skaria,Central,Office Supplies,Binders,5.40,3,0.00,2.59
CA-2014-149706,2014-12-12,2014,12,Alejandro Savely,Central,Technology,Accessories,116.31,7,0.20,23.26
CA-2014-153871,2014-12-12,2014,12,Richard Bierner,East,Office Supplies,Binders,40.20,5,0.00,18.09
CA-2014-153871,2014-12-12,2014,12,Richard Bierner,East,Office Supplies,Binders,735.98,2,0.00,331.19
CA-2014-153871,2014-12-12,2014,12,Richard Bierner,East,Office Supplies,Appliances,22.75,7,0.00,6.60
CA-2014-162565,2014-12-12,2014,12,Ralph Ritter,Central,Office Supplies,Paper,10.37,2,0.20,3.63
CA-2014-162565,2014-12-12,2014,12,Ralph Ritter,Central,Furniture,Furnishings,77.72,1,0.60,-66.06
CA-2014-162565,2014-12-12,2014,12,Ralph Ritter,Central,Furniture,Chairs,520.46,2,0.30,-14.87
CA-2014-165099,2014-12-12,2014,12,Dennis Kane,Central,Office Supplies,Appliances,1.39,2,0.80,-3.76
CA-2014-168389,2014-12-12,2014,12,Darrin Van Huff,South,Furniture,Tables,721.88,6,0.45,-420.00
CA-2014-168389,2014-12-12,2014,12,Darrin Van Huff,South,Technology,Phones,73.57,4,0.20,-16.55
CA-2014-168389,2014-12-12,2014,12,Darrin Van Huff,South,Office Supplies,Art,13.58,1,0.20,1.36
CA-2014-168389,2014-12-12,2014,12,Darrin Van Huff,South,Furniture,Chairs,64.78,1,0.20,-12.15
US-2014-125213,2014-12-12,2014,12,Nona Balk,East,Office Supplies,Fasteners,6.54,3,0.00,2.16
US-2014-160759,2014-12-12,2014,12,Arianne Irving,East,Furniture,Chairs,63.69,1,0.30,-9.10
CA-2014-107986,2014-12-14,2014,12,Mitch Webber,West,Office Supplies,Storage,31.44,3,0.00,8.49
CA-2014-122770,2014-12-14,2014,12,Emily Phan,West,Office Supplies,Labels,8.64,3,0.00,4.23
CA-2014-122770,2014-12-14,2014,12,Emily Phan,West,Office Supplies,Paper,38.88,6,0.00,18.66
CA-2014-122770,2014-12-14,2014,12,Emily Phan,West,Furniture,Furnishings,201.04,8,0.00,54.28
CA-2014-122770,2014-12-14,2014,12,Emily Phan,West,Office Supplies,Paper,12.96,2,0.00,6.35
CA-2014-135377,2014-12-14,2014,12,Bart Pistole,East,Furniture,Bookcases,287.98,3,0.20,7.20
CA-2014-107629,2014-12-15,2014,12,Dave Brooks,Central,Furniture,Furnishings,266.35,6,0.60,-292.99
CA-2014-107629,2014-12-15,2014,12,Dave Brooks,Central,Furniture,Furnishings,56.33,3,0.60,-26.76
CA-2014-107629,2014-12-15,2014,12,Dave Brooks,Central,Technology,Accessories,39.26,3,0.20,-4.91
CA-2014-107629,2014-12-15,2014,12,Dave Brooks,Central,Office Supplies,Art,95.23,6,0.20,25.00
CA-2014-122595,2014-12-15,2014,12,Gary Mitchum,Central,Technology,Accessories,227.98,3,0.20,28.50
CA-2014-122595,2014-12-15,2014,12,Gary Mitchum,Central,Technology,Phones,52.68,3,0.20,19.76
CA-2014-122595,2014-12-15,2014,12,Gary Mitchum,Central,Furniture,Furnishings,2.03,1,0.60,-1.32
CA-2014-147333,2014-12-15,2014,12,Kelly Lampkin,South,Technology,Accessories,159.80,4,0.00,70.31
CA-2014-147333,2014-12-15,2014,12,Kelly Lampkin,South,Technology,Accessories,44.75,5,0.00,8.50
CA-2014-151799,2014-12-15,2014,12,Ben Ferrer,East,Technology,Copiers,1199.98,2,0.00,467.99
CA-2014-151799,2014-12-15,2014,12,Ben Ferrer,East,Office Supplies,Storage,73.85,1,0.00,2.22
CA-2014-151799,2014-12-15,2014,12,Ben Ferrer,East,Office Supplies,Supplies,25.71,3,0.00,6.68
CA-2014-151799,2014-12-15,2014,12,Ben Ferrer,East,Office Supplies,Fasteners,17.28,6,0.00,8.12
CA-2014-151799,2014-12-15,2014,12,Ben Ferrer,East,Furniture,Tables,526.58,2,0.30,-52.66
CA-2014-169859,2014-12-15,2014,12,Mike Pelletier,West,Furniture,Furnishings,26.25,3,0.00,11.03
CA-2014-169859,2014-12-15,2014,12,Mike Pelletier,West,Office Supplies,Binders,64.96,14,0.20,22.74
CA-2014-169859,2014-12-15,2014,12,Mike Pelletier,West,Office Supplies,Envelopes,43.70,5,0.00,20.54
US-2014-113992,2014-12-15,2014,12,Lena Creighton,Central,Furniture,Tables,974.99,4,0.30,-97.50
CA-2014-119564,2014-12-16,2014,12,Paul Lucas,West,Furniture,Furnishings,22.77,3,0.00,9.79
CA-2014-136063,2014-12-16,2014,12,Saphhira Shifley,Central,Office Supplies,Art,10.19,7,0.20,1.02
CA-2014-154116,2014-12-16,2014,12,Khloe Miller,West,Office Supplies,Paper,22.83,3,0.00,10.73
CA-2014-154116,2014-12-16,2014,12,Khloe Miller,West,Office Supplies,Appliances,54.32,4,0.00,16.30
CA-2014-154116,2014-12-16,2014,12,Khloe Miller,West,Technology,Phones,196.78,3,0.20,14.76
CA-2014-104381,2014-12-17,2014,12,Ross DeVincentis,East,Office Supplies,Binders,33.38,4,0.20,10.43
CA-2014-111808,2014-12-17,2014,12,Andrew Roberts,Central,Office Supplies,Binders,10.80,5,0.00,5.18
CA-2014-137428,2014-12-17,2014,12,Andy Yotov,West,Furniture,Chairs,81.57,2,0.20,9.18
CA-2014-137428,2014-12-17,2014,12,Andy Yotov,West,Furniture,Chairs,97.18,2,0.20,6.07
CA-2014-137428,2014-12-17,2014,12,Andy Yotov,West,Office Supplies,Binders,24.32,5,0.20,8.21
CA-2014-137428,2014-12-17,2014,12,Andy Yotov,West,Furniture,Furnishings,18.96,2,0.00,7.58
CA-2014-137463,2014-12-17,2014,12,Kalyca Meade,West,Office Supplies,Binders,5.98,2,0.20,2.24
CA-2014-137463,2014-12-17,2014,12,Kalyca Meade,West,Technology,Accessories,189.95,5,0.00,45.59
CA-2014-137463,2014-12-17,2014,12,Kalyca Meade,West,Technology,Accessories,149.95,5,0.00,31.49
CA-2014-137463,2014-12-17,2014,12,Kalyca Meade,West,Office Supplies,Art,29.95,5,0.00,8.69
CA-2014-137463,2014-12-17,2014,12,Kalyca Meade,West,Office Supplies,Labels,44.40,3,0.00,22.20
CA-2014-161578,2014-12-17,2014,12,Rick Bensley,West,Office Supplies,Paper,13.36,2,0.00,6.41
CA-2014-161578,2014-12-17,2014,12,Rick Bensley,West,Office Supplies,Storage,158.90,5,0.00,7.95
CA-2014-103443,2014-12-18,2014,12,Annie Thurman,East,Office Supplies,Storage,166.72,2,0.00,41.68
CA-2014-103443,2014-12-18,2014,12,Annie Thurman,East,Office Supplies,Binders,24.82,3,0.20,8.38
CA-2014-103443,2014-12-18,2014,12,Annie Thurman,East,Furniture,Furnishings,124.36,2,0.00,27.36
CA-2014-106964,2014-12-18,2014,12,Hallie Redmond,West,Office Supplies,Binders,11.81,2,0.20,4.28
CA-2014-107342,2014-12-18,2014,12,Vicky Freymann,Central,Office Supplies,Paper,28.16,4,0.00,13.24
CA-2014-116855,2014-12-18,2014,12,Arianne Irving,South,Furniture,Chairs,504.90,5,0.00,80.78
CA-2014-120936,2014-12-18,2014,12,Christine Abelman,West,Office Supplies,Storage,481.32,4,0.00,125.14
CA-2014-120936,2014-12-18,2014,12,Christine Abelman,West,Office Supplies,Supplies,13.98,1,0.00,3.63
CA-2014-130309,2014-12-18,2014,12,Giulietta Baptist,South,Office Supplies,Storage,544.38,3,0.00,157.87
CA-2014-133431,2014-12-18,2014,12,Logan Currie,West,Office Supplies,Binders,15.24,5,0.20,5.14
CA-2014-133431,2014-12-18,2014,12,Logan Currie,West,Office Supplies,Paper,13.23,3,0.00,6.09
CA-2014-155362,2014-12-18,2014,12,Dave Poirier,Central,Office Supplies,Storage,32.56,2,0.00,8.47
US-2014-116701,2014-12-18,2014,12,Logan Currie,Central,Office Supplies,Appliances,66.28,2,0.80,-178.97
CA-2014-102099,2014-12-19,2014,12,Emily Phan,West,Office Supplies,Art,6.63,3,0.00,1.79
CA-2014-102099,2014-12-19,2014,12,Emily Phan,West,Office Supplies,Paper,12.96,2,0.00,6.22
CA-2014-102099,2014-12-19,2014,12,Emily Phan,West,Office Supplies,Paper,32.40,5,0.00,15.55
CA-2014-105886,2014-12-19,2014,12,Duane Benoit,East,Furniture,Furnishings,18.96,2,0.00,8.53
CA-2014-108287,2014-12-19,2014,12,Alex Grayson,South,Office Supplies,Art,12.67,9,0.20,1.43
CA-2014-115602,2014-12-19,2014,12,Doug Jacobs,East,Office Supplies,Art,38.82,6,0.00,17.47
CA-2014-115602,2014-12-19,2014,12,Doug Jacobs,East,Furniture,Chairs,1141.94,9,0.10,139.57
CA-2014-115602,2014-12-19,2014,12,Doug Jacobs,East,Office Supplies,Appliances,1704.56,13,0.00,511.37
CA-2014-115602,2014-12-19,2014,12,Doug Jacobs,East,Office Supplies,Art,3.20,2,0.00,1.38
CA-2014-140585,2014-12-19,2014,12,Russell Applegate,West,Office Supplies,Binders,46.67,2,0.20,16.34
CA-2014-140585,2014-12-19,2014,12,Russell Applegate,West,Furniture,Bookcases,119.83,1,0.15,-12.69
CA-2014-140585,2014-12-19,2014,12,Russell Applegate,West,Technology,Accessories,119.98,2,0.00,57.59
CA-2014-143252,2014-12-19,2014,12,Harold Engle,Central,Furniture,Furnishings,99.95,5,0.00,22.99
CA-2014-143252,2014-12-19,2014,12,Harold Engle,Central,Technology,Accessories,29.34,3,0.00,10.86
CA-2014-156664,2014-12-19,2014,12,Beth Paige,East,Office Supplies,Binders,7.24,3,0.70,-6.03
CA-2014-156664,2014-12-19,2014,12,Beth Paige,East,Office Supplies,Fasteners,4.82,3,0.20,1.75
CA-2014-156664,2014-12-19,2014,12,Beth Paige,East,Office Supplies,Paper,91.36,5,0.20,29.69
CA-2014-156664,2014-12-19,2014,12,Beth Paige,East,Office Supplies,Appliances,130.11,2,0.20,13.01
CA-2014-158736,2014-12-19,2014,12,Tonja Turnell,West,Office Supplies,Art,5.76,2,0.00,1.67
CA-2014-164000,2014-12-19,2014,12,Aaron Hawkins,East,Office Supplies,Art,18.70,7,0.20,2.34
CA-2014-116946,2014-12-20,2014,12,Tony Sayre,West,Furniture,Furnishings,13.36,5,0.20,4.01
CA-2014-116946,2014-12-20,2014,12,Tony Sayre,West,Office Supplies,Storage,78.26,2,0.20,-17.61
CA-2014-116946,2014-12-20,2014,12,Tony Sayre,West,Furniture,Bookcases,102.02,7,0.70,-183.63
CA-2014-128160,2014-12-20,2014,12,Michael Moore,West,Office Supplies,Binders,36.67,2,0.20,11.46
CA-2014-158729,2014-12-20,2014,12,Amy Cox,South,Office Supplies,Supplies,1665.62,2,0.00,33.31
CA-2014-102197,2014-12-21,2014,12,David Kendrick,East,Office Supplies,Paper,279.90,5,0.00,137.15
CA-2014-102197,2014-12-21,2014,12,David Kendrick,East,Office Supplies,Binders,50.35,3,0.20,17.62
CA-2014-102197,2014-12-21,2014,12,David Kendrick,East,Office Supplies,Paper,34.02,3,0.00,16.67
CA-2014-105480,2014-12-21,2014,12,Dean Katz,East,Office Supplies,Paper,6.48,1,0.00,3.11
CA-2014-105480,2014-12-21,2014,12,Dean Katz,East,Office Supplies,Binders,6.98,1,0.20,2.36
CA-2014-106782,2014-12-22,2014,12,Liz Preis,Central,Office Supplies,Storage,375.34,1,0.00,18.77
CA-2014-107461,2014-12-22,2014,12,Pete Kriz,South,Office Supplies,Binders,23.88,6,0.00,11.22
CA-2014-109589,2014-12-22,2014,12,Brian Derr,South,Technology,Accessories,71.00,4,0.00,27.69
CA-2014-137456,2014-12-22,2014,12,Rick Bensley,Central,Furniture,Furnishings,15.92,2,0.00,7.00
CA-2014-138380,2014-12-22,2014,12,Yana Sorensen,West,Office Supplies,Storage,1000.02,7,0.00,290.01
CA-2014-144827,2014-12-22,2014,12,Sanjit Engle,West,Office Supplies,Storage,124.36,2,0.00,33.58
CA-2014-163405,2014-12-22,2014,12,Bradley Nguyen,West,Office Supplies,Art,6.63,3,0.00,1.79
CA-2014-163405,2014-12-22,2014,12,Bradley Nguyen,West,Office Supplies,Art,5.88,2,0.00,1.71
CA-2014-165841,2014-12-22,2014,12,Dean Braden,East,Technology,Phones,281.97,3,0.00,78.95
CA-2014-165841,2014-12-22,2014,12,Dean Braden,East,Office Supplies,Supplies,69.50,5,0.00,20.16
CA-2014-165841,2014-12-22,2014,12,Dean Braden,East,Office Supplies,Paper,166.44,3,0.00,79.89
CA-2014-100412,2014-12-23,2014,12,Sharelle Roach,South,Furniture,Chairs,141.96,2,0.00,35.49
CA-2014-104927,2014-12-23,2014,12,Alex Grayson,Central,Office Supplies,Paper,25.92,5,0.20,9.07
CA-2014-104927,2014-12-23,2014,12,Alex Grayson,Central,Office Supplies,Binders,6.33,5,0.80,-9.81
CA-2014-104927,2014-12-23,2014,12,Alex Grayson,Central,Office Supplies,Paper,75.88,5,0.20,26.56
CA-2014-115931,2014-12-23,2014,12,Jim Mitchum,West,Office Supplies,Art,4.17,3,0.00,1.08
CA-2014-115931,2014-12-23,2014,12,Jim Mitchum,West,Technology,Phones,67.04,4,0.20,6.70
CA-2014-115931,2014-12-23,2014,12,Jim Mitchum,West,Office Supplies,Storage,37.32,3,0.00,10.45
CA-2014-115931,2014-12-23,2014,12,Jim Mitchum,West,Office Supplies,Labels,18.45,5,0.00,8.67
CA-2014-119193,2014-12-23,2014,12,Sally Knutson,East,Office Supplies,Binders,1.64,1,0.70,-1.31
CA-2014-119193,2014-12-23,2014,12,Sally Knutson,East,Technology,Phones,629.96,7,0.40,94.49
CA-2014-119578,2014-12-23,2014,12,Jason Gross,East,Office Supplies,Supplies,695.16,6,0.00,34.76
CA-2014-119578,2014-12-23,2014,12,Jason Gross,East,Furniture,Bookcases,220.98,1,0.00,50.83
CA-2014-120376,2014-12-23,2014,12,Theone Pippenger,Central,Technology,Accessories,199.95,5,0.00,63.98
CA-2014-120376,2014-12-23,2014,12,Theone Pippenger,Central,Furniture,Chairs,1586.69,7,0.00,412.54
CA-2014-120376,2014-12-23,2014,12,Theone Pippenger,Central,Technology,Accessories,84.99,1,0.00,30.60
CA-2014-120376,2014-12-23,2014,12,Theone Pippenger,Central,Furniture,Tables,411.80,2,0.00,70.01
CA-2014-142909,2014-12-23,2014,12,Alex Grayson,West,Furniture,Tables,182.55,2,0.50,-135.09
CA-2014-145310,2014-12-23,2014,12,Jeremy Pistek,South,Office Supplies,Envelopes,7.82,1,0.20,2.93
CA-2014-146164,2014-12-23,2014,12,Charlotte Melton,Central,Furniture,Tables,607.52,2,0.00,97.20
CA-2014-146164,2014-12-23,2014,12,Charlotte Melton,Central,Office Supplies,Storage,31.16,2,0.00,7.79
CA-2014-149699,2014-12-23,2014,12,Chad McGuire,West,Technology,Accessories,474.95,5,0.00,142.49
CA-2014-150910,2014-12-23,2014,12,Jack Lebron,South,Furniture,Tables,934.96,6,0.40,-249.32
CA-2014-150910,2014-12-23,2014,12,Jack Lebron,South,Technology,Accessories,46.86,2,0.20,7.62
CA-2014-150910,2014-12-23,2014,12,Jack Lebron,South,Office Supplies,Storage,26.16,3,0.20,1.96
CA-2014-150910,2014-12-23,2014,12,Jack Lebron,South,Office Supplies,Art,23.13,7,0.20,2.89
CA-2014-150910,2014-12-23,2014,12,Jack Lebron,South,Office Supplies,Appliances,59.24,5,0.20,16.29
CA-2014-155376,2014-12-23,2014,12,Sandra Glassco,Central,Office Supplies,Appliances,839.43,3,0.00,218.25
CA-2014-110625,2014-12-24,2014,12,Julia Barnett,East,Furniture,Furnishings,27.46,2,0.00,9.89
CA-2014-117443,2014-12-24,2014,12,Jennifer Braxton,Central,Office Supplies,Binders,13.84,4,0.80,-22.14
CA-2014-117443,2014-12-24,2014,12,Jennifer Braxton,Central,Office Supplies,Paper,175.87,4,0.20,63.75
CA-2014-121216,2014-12-24,2014,12,Michael Moore,Central,Office Supplies,Paper,28.67,8,0.20,10.39
CA-2014-121216,2014-12-24,2014,12,Michael Moore,Central,Office Supplies,Appliances,29.31,8,0.80,-74.75
CA-2014-127929,2014-12-24,2014,12,Filia McAdams,East,Furniture,Furnishings,181.95,3,0.00,38.21
CA-2014-140627,2014-12-24,2014,12,Darren Koutras,South,Furniture,Furnishings,72.70,4,0.20,19.08
CA-2014-140627,2014-12-24,2014,12,Darren Koutras,South,Office Supplies,Art,12.26,7,0.20,1.07
CA-2014-140627,2014-12-24,2014,12,Darren Koutras,South,Office Supplies,Storage,218.35,3,0.20,-54.59
US-2014-123463,2014-12-24,2014,12,Gary Zandusky,West,Office Supplies,Art,13.48,4,0.00,5.93
US-2014-162670,2014-12-24,2014,12,Monica Federle,South,Office Supplies,Storage,62.04,4,0.00,17.37
US-2014-162670,2014-12-24,2014,12,Monica Federle,South,Technology,Phones,494.97,3,0.00,148.49
US-2014-162670,2014-12-24,2014,12,Monica Federle,South,Office Supplies,Storage,367.96,4,0.00,14.72
US-2014-162670,2014-12-24,2014,12,Monica Federle,South,Office Supplies,Paper,44.96,2,0.00,20.68
US-2014-162670,2014-12-24,2014,12,Monica Federle,South,Office Supplies,Envelopes,182.94,3,0.00,85.98
CA-2014-117933,2014-12-25,2014,12,Roy Französisch,East,Office Supplies,Appliances,35.91,3,0.00,9.70
CA-2014-121195,2014-12-25,2014,12,Neola Schneider,Central,Office Supplies,Storage,264.32,2,0.20,19.82
CA-2014-124296,2014-12-25,2014,12,Christine Sundaresam,South,Technology,Machines,479.97,3,0.00,239.99
CA-2014-124296,2014-12-25,2014,12,Christine Sundaresam,South,Furniture,Chairs,232.88,4,0.00,60.55
CA-2014-128734,2014-12-25,2014,12,James Lanier,West,Furniture,Furnishings,8.54,4,0.20,1.92
CA-2014-128734,2014-12-25,2014,12,James Lanier,West,Furniture,Chairs,842.38,3,0.20,105.30
CA-2014-145219,2014-12-25,2014,12,Robert Marley,West,Technology,Copiers,2879.95,6,0.20,1007.98
CA-2014-145219,2014-12-25,2014,12,Robert Marley,West,Office Supplies,Binders,90.48,3,0.20,33.93
CA-2014-147956,2014-12-25,2014,12,Alan Hwang,West,Office Supplies,Storage,1003.62,6,0.00,0.00
CA-2014-148355,2014-12-25,2014,12,Nick Crebassa,East,Office Supplies,Paper,19.44,3,0.00,9.33
CA-2014-148355,2014-12-25,2014,12,Nick Crebassa,East,Office Supplies,Binders,12.30,5,0.00,6.15
CA-2014-154935,2014-12-25,2014,12,Andy Reiter,East,Office Supplies,Binders,17.88,3,0.20,5.59
CA-2014-163671,2014-12-25,2014,12,Dave Poirier,West,Office Supplies,Binders,21.31,3,0.20,7.99
CA-2014-169411,2014-12-25,2014,12,Ann Chong,East,Furniture,Furnishings,37.93,1,0.00,6.83
CA-2014-169978,2014-12-25,2014,12,Hunter Glantz,East,Furniture,Chairs,271.76,2,0.10,48.31
CA-2014-169978,2014-12-25,2014,12,Hunter Glantz,East,Office Supplies,Binders,14.38,3,0.20,4.85
CA-2014-105620,2014-12-26,2014,12,Jennifer Halladay,South,Furniture,Furnishings,21.00,3,0.20,5.78
CA-2014-105620,2014-12-26,2014,12,Jennifer Halladay,South,Technology,Machines,120.00,2,0.50,-7.20
CA-2014-108756,2014-12-26,2014,12,Patrick O'Donnell,East,Technology,Accessories,31.80,3,0.00,13.67
CA-2014-114055,2014-12-26,2014,12,Mick Hernandez,South,Office Supplies,Paper,96.08,2,0.00,46.12
CA-2014-114055,2014-12-26,2014,12,Mick Hernandez,South,Office Supplies,Fasteners,3.62,2,0.00,1.19
CA-2014-114055,2014-12-26,2014,12,Mick Hernandez,South,Office Supplies,Paper,629.10,6,0.00,301.97
CA-2014-114055,2014-12-26,2014,12,Mick Hernandez,South,Technology,Phones,90.48,2,0.00,23.52
CA-2014-121398,2014-12-26,2014,12,Fred Hopkins,West,Office Supplies,Binders,153.55,3,0.20,51.82
CA-2014-121398,2014-12-26,2014,12,Fred Hopkins,West,Office Supplies,Storage,270.62,2,0.00,2.71
CA-2014-134194,2014-12-26,2014,12,Guy Armstrong,Central,Office Supplies,Binders,39.58,9,0.80,-59.37
CA-2014-134194,2014-12-26,2014,12,Guy Armstrong,Central,Office Supplies,Supplies,44.69,7,0.20,5.03
CA-2014-134194,2014-12-26,2014,12,Guy Armstrong,Central,Office Supplies,Art,31.74,2,0.20,2.38
CA-2014-134194,2014-12-26,2014,12,Guy Armstrong,Central,Office Supplies,Binders,40.98,5,0.80,-65.57
CA-2014-134194,2014-12-26,2014,12,Guy Armstrong,Central,Office Supplies,Binders,3.17,3,0.80,-5.07
CA-2014-146780,2014-12-26,2014,12,Cynthia Voltz,East,Furniture,Furnishings,41.96,2,0.00,10.91
CA-2014-161480,2014-12-26,2014,12,Ralph Arnett,East,Furniture,Bookcases,191.98,2,0.20,4.80
CA-2014-162880,2014-12-26,2014,12,Giulietta Dortch,West,Office Supplies,Binders,3.86,1,0.20,1.40
CA-2014-163510,2014-12-26,2014,12,Joni Wasserman,South,Office Supplies,Storage,95.94,3,0.00,9.59
CA-2014-163510,2014-12-26,2014,12,Joni Wasserman,South,Furniture,Chairs,304.45,5,0.00,76.11
US-2014-147669,2014-12-26,2014,12,Susan Vittorini,East,Technology,Accessories,158.93,7,0.20,41.72
US-2014-147669,2014-12-26,2014,12,Susan Vittorini,East,Office Supplies,Binders,13.02,1,0.70,-10.42
US-2014-147669,2014-12-26,2014,12,Susan Vittorini,East,Furniture,Tables,273.06,2,0.40,-104.67
US-2014-147669,2014-12-26,2014,12,Susan Vittorini,East,Office Supplies,Fasteners,39.31,13,0.20,12.78
CA-2014-112487,2014-12-27,2014,12,Tracy Collins,East,Office Supplies,Binders,3.13,2,0.70,-2.61
CA-2014-121741,2014-12-27,2014,12,Yoseph Carroll,Central,Office Supplies,Storage,750.68,2,0.00,37.53
CA-2014-136238,2014-12-27,2014,12,Karen Bern,Central,Office Supplies,Paper,16.03,3,0.20,5.61
US-2014-106705,2014-12-27,2014,12,Patrick O'Brill,Central,Office Supplies,Paper,44.75,5,0.00,20.59
CA-2014-134404,2014-12-28,2014,12,Dan Reichenbach,East,Technology,Phones,164.39,2,0.40,-35.62
CA-2014-134404,2014-12-28,2014,12,Dan Reichenbach,East,Office Supplies,Art,13.25,4,0.20,3.64
CA-2014-101322,2014-12-29,2014,12,Jason Gross,West,Furniture,Chairs,340.70,6,0.20,-34.07
CA-2014-122798,2014-12-29,2014,12,Susan Vittorini,West,Office Supplies,Storage,118.25,5,0.00,34.29
CA-2014-122798,2014-12-29,2014,12,Susan Vittorini,West,Office Supplies,Paper,4.28,1,0.00,1.93
CA-2014-127516,2014-12-29,2014,12,Erica Hernandez,South,Office Supplies,Storage,64.78,1,0.20,-12.96
CA-2014-129805,2014-12-29,2014,12,Harry Marie,West,Furniture,Furnishings,7.40,2,0.00,3.03
CA-2014-135111,2014-12-29,2014,12,Christopher Schild,Central,Office Supplies,Art,2.48,1,0.00,0.87
CA-2014-135111,2014-12-29,2014,12,Christopher Schild,Central,Office Supplies,Binders,25.90,5,0.00,12.69
CA-2014-136539,2014-12-29,2014,12,Greg Hansen,Central,Office Supplies,Art,27.17,2,0.20,2.72
CA-2014-136539,2014-12-29,2014,12,Greg Hansen,Central,Furniture,Bookcases,78.85,2,0.32,-11.60
CA-2014-163860,2014-12-29,2014,12,Lori Olson,Central,Office Supplies,Binders,1.68,5,0.80,-2.69
CA-2014-163860,2014-12-29,2014,12,Lori Olson,Central,Furniture,Furnishings,7.97,3,0.60,-2.39
CA-2014-163860,2014-12-29,2014,12,Lori Olson,Central,Furniture,Chairs,113.37,2,0.30,-3.24
CA-2014-163860,2014-12-29,2014,12,Lori Olson,Central,Furniture,Furnishings,2.96,2,0.60,-1.41
CA-2014-163979,2014-12-29,2014,12,Kristen Hastings,West,Office Supplies,Storage,725.84,4,0.00,210.49
CA-2014-164826,2014-12-29,2014,12,Jennifer Ferguson,East,Office Supplies,Labels,72.45,7,0.00,34.78
CA-2014-164826,2014-12-29,2014,12,Jennifer Ferguson,East,Office Supplies,Fasteners,13.96,4,0.00,6.42
CA-2014-164826,2014-12-29,2014,12,Jennifer Ferguson,East,Office Supplies,Binders,33.26,7,0.20,11.23
CA-2014-164826,2014-12-29,2014,12,Jennifer Ferguson,East,Technology,Phones,14.85,3,0.00,4.01
US-2014-162068,2014-12-29,2014,12,Pamela Coakley,West,Office Supplies,Binders,1.19,2,0.70,-0.99
CA-2014-118885,2014-12-30,2014,12,James Galang,West,Furniture,Chairs,393.57,4,0.20,-44.28
CA-2014-118885,2014-12-30,2014,12,James Galang,West,Technology,Phones,302.38,3,0.20,22.68
CA-2014-130631,2014-12-30,2014,12,Bruce Stewart,West,Office Supplies,Fasteners,19.60,5,0.00,9.60
CA-2014-130631,2014-12-30,2014,12,Bruce Stewart,West,Furniture,Furnishings,68.46,2,0.00,20.54
CA-2014-146626,2014-12-30,2014,12,Ben Peterman,West,Furniture,Furnishings,101.12,8,0.00,37.41
CA-2014-158673,2014-12-30,2014,12,Ken Brennan,Central,Office Supplies,Paper,209.70,2,0.00,100.66
US-2014-102638,2014-12-30,2014,12,Michael Chen,East,Office Supplies,Fasteners,6.03,3,0.00,2.95
US-2014-158526,2014-12-30,2014,12,Katherine Hughes,South,Furniture,Chairs,1207.84,8,0.00,314.04
US-2014-158526,2014-12-30,2014,12,Katherine Hughes,South,Office Supplies,Binders,12.53,1,0.00,5.89
US-2014-158526,2014-12-30,2014,12,Katherine Hughes,South,Office Supplies,Art,34.58,1,0.00,10.03
US-2014-158526,2014-12-30,2014,12,Katherine Hughes,South,Furniture,Chairs,300.98,1,0.00,87.28
US-2014-158526,2014-12-30,2014,12,Katherine Hughes,South,Furniture,Chairs,258.75,3,0.00,77.63
CA-2014-115427,2014-12-31,2014,12,Erica Bern,West,Office Supplies,Binders,13.90,2,0.20,4.52
CA-2014-115427,2014-12-31,2014,12,Erica Bern,West,Office Supplies,Binders,20.72,2,0.20,6.48
CA-2014-126221,2014-12-31,2014,12,Chuck Clark,Central,Office Supplies,Appliances,209.30,2,0.00,56.51
CA-2014-143259,2014-12-31,2014,12,Patrick O'Donnell,East,Furniture,Bookcases,323.14,4,0.20,12.12
CA-2014-143259,2014-12-31,2014,12,Patrick O'Donnell,East,Technology,Phones,90.93,7,0.00,2.73
CA-2014-143259,2014-12-31,2014,12,Patrick O'Donnell,East,Office Supplies,Binders,52.78,3,0.20,19.79
CA-2014-156720,2014-12-31,2014,12,Jill Matthias,West,Office Supplies,Fasteners,3.02,3,0.20,-0.60
